/*
Navicat MySQL Data Transfer

Source Server         : gwac-db-bj-mysql
Source Server Version : 80012
Source Host           : 10.36.3.38:3306
Source Database       : gwac_content

Target Server Type    : MYSQL
Target Server Version : 80012
File Encoding         : 65001

Date: 2018-07-30 13:38:52
*/

SET FOREIGN_KEY_CHECKS=0;

-- ----------------------------
-- Table structure for cms_ad
-- ----------------------------
DROP TABLE IF EXISTS `cms_ad`;
CREATE TABLE `cms_ad` (
`f_ad_id`  int(11) NOT NULL ,
`f_site_id`  int(11) NOT NULL ,
`f_adslot_id`  int(11) NOT NULL ,
`f_name`  varchar(150) CHARACTER SET utf8 COLLATE utf8_general_ci NOT NULL COMMENT '名称' ,
`f_begin_date`  datetime NULL DEFAULT NULL COMMENT '开始时间' ,
`f_end_date`  datetime NULL DEFAULT NULL COMMENT '结束时间' ,
`f_url`  varchar(255) CHARACTER SET utf8 COLLATE utf8_general_ci NULL DEFAULT NULL COMMENT '广告url' ,
`f_text`  varchar(255) CHARACTER SET utf8 COLLATE utf8_general_ci NULL DEFAULT NULL COMMENT '文字' ,
`f_script`  mediumtext CHARACTER SET utf8 COLLATE utf8_general_ci NULL COMMENT '代码' ,
`f_image`  varchar(255) CHARACTER SET utf8 COLLATE utf8_general_ci NULL DEFAULT NULL COMMENT '图片' ,
`f_flash`  varchar(255) CHARACTER SET utf8 COLLATE utf8_general_ci NULL DEFAULT NULL COMMENT 'flash' ,
`f_seq`  int(11) NOT NULL DEFAULT 1 COMMENT '排序' ,
PRIMARY KEY (`f_ad_id`),
FOREIGN KEY (`f_adslot_id`) REFERENCES `cms_ad_slot` (`f_adslot_id`) ON DELETE RESTRICT ON UPDATE RESTRICT,
FOREIGN KEY (`f_site_id`) REFERENCES `cms_site` (`f_site_id`) ON DELETE RESTRICT ON UPDATE RESTRICT,
INDEX `fk_cms_ad_adslot` (`f_adslot_id`) USING BTREE ,
INDEX `fk_cms_ad_site` (`f_site_id`) USING BTREE 
)
ENGINE=InnoDB
DEFAULT CHARACTER SET=utf8 COLLATE=utf8_general_ci
COMMENT='广告表'

;

-- ----------------------------
-- Records of cms_ad
-- ----------------------------
BEGIN;
COMMIT;

-- ----------------------------
-- Table structure for cms_ad_slot
-- ----------------------------
DROP TABLE IF EXISTS `cms_ad_slot`;
CREATE TABLE `cms_ad_slot` (
`f_adslot_id`  int(11) NOT NULL ,
`f_site_id`  int(11) NOT NULL ,
`f_name`  varchar(100) CHARACTER SET utf8 COLLATE utf8_general_ci NOT NULL COMMENT '名称' ,
`f_number`  varchar(100) CHARACTER SET utf8 COLLATE utf8_general_ci NULL DEFAULT NULL COMMENT '编码' ,
`f_description`  varchar(255) CHARACTER SET utf8 COLLATE utf8_general_ci NULL DEFAULT NULL COMMENT '描述' ,
`f_type`  int(11) NOT NULL COMMENT '类型(1:文字,2:图片,3:FLASH,4:代码)' ,
`f_template`  varchar(255) CHARACTER SET utf8 COLLATE utf8_general_ci NOT NULL COMMENT '模板' ,
`f_width`  int(11) NOT NULL COMMENT '宽度' ,
`f_height`  int(11) NOT NULL COMMENT '高度' ,
PRIMARY KEY (`f_adslot_id`),
FOREIGN KEY (`f_site_id`) REFERENCES `cms_site` (`f_site_id`) ON DELETE RESTRICT ON UPDATE RESTRICT,
INDEX `fk_cms_adslot_site` (`f_site_id`) USING BTREE 
)
ENGINE=InnoDB
DEFAULT CHARACTER SET=utf8 COLLATE=utf8_general_ci
COMMENT='广告版位表'

;

-- ----------------------------
-- Records of cms_ad_slot
-- ----------------------------
BEGIN;
INSERT INTO `cms_ad_slot` VALUES ('1', '1', '首页广告', 'homepage', null, '2', '/sys_ad/ad_homepage.html', '1000', '80');
COMMIT;

-- ----------------------------
-- Table structure for cms_attachment
-- ----------------------------
DROP TABLE IF EXISTS `cms_attachment`;
CREATE TABLE `cms_attachment` (
`f_attachment_id`  int(11) NOT NULL ,
`f_site_id`  int(11) NOT NULL COMMENT '站点' ,
`f_user_id`  int(11) NOT NULL COMMENT '上传人' ,
`f_name`  varchar(150) CHARACTER SET utf8 COLLATE utf8_general_ci NOT NULL COMMENT '文件名' ,
`f_length`  bigint(20) NULL DEFAULT NULL COMMENT '文件长度' ,
`f_ip`  varchar(100) CHARACTER SET utf8 COLLATE utf8_general_ci NULL DEFAULT NULL COMMENT 'IP' ,
`f_time`  datetime NOT NULL COMMENT '时间' ,
PRIMARY KEY (`f_attachment_id`),
FOREIGN KEY (`f_site_id`) REFERENCES `cms_site` (`f_site_id`) ON DELETE RESTRICT ON UPDATE RESTRICT,
FOREIGN KEY (`f_user_id`) REFERENCES `cms_user` (`f_user_id`) ON DELETE RESTRICT ON UPDATE RESTRICT,
INDEX `fk_cms_attachement_site` (`f_site_id`) USING BTREE ,
INDEX `fk_cms_attachment_user` (`f_user_id`) USING BTREE 
)
ENGINE=InnoDB
DEFAULT CHARACTER SET=utf8 COLLATE=utf8_general_ci
COMMENT='附件表'

;

-- ----------------------------
-- Records of cms_attachment
-- ----------------------------
BEGIN;
INSERT INTO `cms_attachment` VALUES ('366', '1', '1', '/1/file/public/201807/20180727114143_sosof0xptc.pdf', '27159728', '127.0.0.1', '2018-07-27 03:41:43'), ('376', '1', '1', '/1/image/public/201807/20180727214043_5igjuic51f.jpg', '40570', '127.0.0.1', '2018-07-27 13:40:44'), ('377', '1', '1', '/1/image/public/201807/20180727214210_focp49i9bc.jpg', '5380', '127.0.0.1', '2018-07-27 13:42:11'), ('386', '1', '1', '/1/image/public/201807/20180729095938_mb3tpfiurm.jpg', '4606237', '106.121.14.208', '2018-07-29 09:59:39'), ('387', '1', '1', '/1/image/public/201807/20180729100059_n9hft44010.jpg', '4606237', '106.121.14.208', '2018-07-29 10:00:59'), ('388', '1', '1', '/1/image/public/201807/20180729100154_wuc3kdo5ls.jpg', '4286406', '106.121.14.208', '2018-07-29 10:01:54'), ('389', '1', '1', '/1/image/public/201807/20180729100213_7uo1wxhr1p.jpg', '3278236', '106.121.14.208', '2018-07-29 10:02:13'), ('390', '1', '1', '/1/image/public/201807/20180729100231_9orywcaa62.jpg', '3458549', '106.121.14.208', '2018-07-29 10:02:31'), ('391', '1', '1', '/1/image/public/201807/20180729100323_deqdxpsnlb.jpg', '3457842', '106.121.14.208', '2018-07-29 10:03:23'), ('392', '1', '1', '/1/image/public/201807/20180729100836_x3rip1w2dj.jpg', '101568', '106.121.14.208', '2018-07-29 10:08:36'), ('393', '1', '1', '/1/image/public/201807/20180729101538_8j0979tnkv.jpg', '30688', '106.121.14.208', '2018-07-29 10:15:38'), ('394', '1', '1', '/1/image/public/201807/20180729101603_dovqmecj23.jpg', '40372', '106.121.14.208', '2018-07-29 10:16:03'), ('395', '1', '1', '/1/image/public/201807/20180729101632_alby2js8j1.jpg', '40372', '106.121.14.208', '2018-07-29 10:16:32'), ('396', '1', '1', '/1/image/public/201807/20180729101654_fyopckq3qr.jpg', '30688', '106.121.14.208', '2018-07-29 10:16:54'), ('397', '1', '1', '/1/image/public/201807/20180729101654_ricrj6ps3u.jpg', '31365', '106.121.14.208', '2018-07-29 10:16:54'), ('398', '1', '1', '/1/image/public/201807/20180729101654_mf2b9tblku.jpg', '30580', '106.121.14.208', '2018-07-29 10:16:54'), ('399', '1', '1', '/1/image/public/201807/20180729101654_tvjon1daql.jpg', '22183', '106.121.14.208', '2018-07-29 10:16:54'), ('400', '1', '1', '/1/image/public/201807/20180729101654_g930osxo81.jpg', '27382', '106.121.14.208', '2018-07-29 10:16:54'), ('401', '1', '1', '/1/image/public/201807/20180729101654_l8s7fmre5f.jpg', '26016', '106.121.14.208', '2018-07-29 10:16:54'), ('402', '1', '1', '/1/image/public/201807/20180729101654_91wru2ru12.jpg', '33109', '106.121.14.208', '2018-07-29 10:16:54'), ('403', '1', '1', '/1/image/public/201807/20180729101826_99nv46l2mv.jpg', '4606237', '106.121.14.208', '2018-07-29 10:18:26'), ('404', '1', '1', '/1/image/public/201807/20180729101906_tf4vh0evmh.jpg', '4606237', '106.121.14.208', '2018-07-29 10:19:06'), ('405', '1', '1', '/1/image/public/201807/20180729102216_k1dd12yxq2.jpg', '68537', '106.121.14.208', '2018-07-29 10:22:16'), ('406', '1', '1', '/1/image/public/201807/20180729102222_28to6195it.jpg', '68537', '106.121.14.208', '2018-07-29 10:22:22'), ('407', '1', '1', '/1/image/public/201807/20180729102502_co87oswyxm.jpg', '76621', '106.121.14.208', '2018-07-29 10:25:02'), ('408', '1', '1', '/1/image/public/201807/20180729105130_ifmfp8q4pg.jpg', '68537', '106.121.14.208', '2018-07-29 10:51:30'), ('409', '1', '1', '/1/image/public/201807/20180729111116_yaqpgdad8s.jpg', '0', '106.121.14.208', '2018-07-29 11:11:16'), ('410', '1', '1', '/1/image/public/201807/20180729111134_judsoohim0.jpg', '0', '106.121.14.208', '2018-07-29 11:11:34'), ('411', '1', '1', '/1/image/public/201807/20180729111159_jdcc3q3los.jpg', '0', '106.121.14.208', '2018-07-29 11:11:59'), ('412', '1', '1', '/1/image/public/201807/20180729111215_xiv50s0lax.jpg', '0', '106.121.14.208', '2018-07-29 11:12:15'), ('413', '1', '1', '/1/image/public/201807/20180729111802_l69wqccw4h.jpg', '0', '106.121.14.208', '2018-07-29 11:18:02'), ('414', '1', '1', '/1/image/public/201807/20180729111903_o5atiwbh2q.jpg', '0', '106.121.14.208', '2018-07-29 11:19:03'), ('415', '1', '1', '/1/image/public/201807/20180729111945_6gcrtjjec1.jpg', '0', '106.121.14.208', '2018-07-29 11:19:45'), ('416', '1', '1', '/1/image/public/201807/20180729112213_fwq1kldt8k.jpg', '68537', '106.121.14.208', '2018-07-29 11:22:13'), ('417', '1', '1', '/1/image/public/201807/20180729112442_6jjkqj9y7k.jpg', '68537', '106.121.14.208', '2018-07-29 11:24:42'), ('418', '1', '1', '/1/image/public/201807/20180729113214_y5hbe4bubp.jpg', '68537', '106.121.14.208', '2018-07-29 11:32:14'), ('419', '1', '1', '/1/image/public/201807/20180729113233_ip0dw679a2.jpg', '68537', 'localhost', '2018-07-29 11:32:33'), ('420', '1', '1', '/1/image/public/201807/20180729113424_5a02j7whbk.jpeg', '305353', '106.121.14.208', '2018-07-29 11:34:24'), ('426', '1', '1', '/1/image/public/201807/20180729141808_9oy2q4rwwc.jpeg', '305353', '106.121.14.208', '2018-07-29 14:18:08'), ('427', '1', '1', '/1/image/public/201807/20180729141825_oaghm4vd82_min.jpg', '0', '106.121.14.208', '2018-07-29 14:18:25'), ('428', '1', '1', '/1/image/public/201807/20180729141825_oaghm4vd82.jpg', '155430', '106.121.14.208', '2018-07-29 14:18:25'), ('429', '1', '1', '/1/image/public/201807/20180729141826_7v4uknw3hk_min.jpg', '0', '106.121.14.208', '2018-07-29 14:18:27'), ('430', '1', '1', '/1/image/public/201807/20180729141826_7v4uknw3hk.jpg', '115337', '106.121.14.208', '2018-07-29 14:18:27'), ('431', '1', '1', '/1/image/public/201807/20180729141827_02lqlvbb77_min.jpg', '0', '106.121.14.208', '2018-07-29 14:18:27'), ('432', '1', '1', '/1/image/public/201807/20180729141827_1hwaebe1yo_min.jpg', '0', '106.121.14.208', '2018-07-29 14:18:27'), ('433', '1', '1', '/1/image/public/201807/20180729141827_02lqlvbb77.jpg', '132295', '106.121.14.208', '2018-07-29 14:18:27'), ('434', '1', '1', '/1/image/public/201807/20180729141827_1hwaebe1yo.jpg', '145077', '106.121.14.208', '2018-07-29 14:18:27'), ('435', '1', '1', '/1/image/public/201807/20180729141827_eh82tkg6br_min.jpg', '0', '106.121.14.208', '2018-07-29 14:18:27'), ('436', '1', '1', '/1/image/public/201807/20180729141827_eh82tkg6br.jpg', '224455', '106.121.14.208', '2018-07-29 14:18:27'), ('437', '1', '1', '/1/image/public/201807/20180729141827_6i2i1trc04_min.jpg', '0', '106.121.14.208', '2018-07-29 14:18:27'), ('438', '1', '1', '/1/image/public/201807/20180729141827_6i2i1trc04.jpg', '256361', '106.121.14.208', '2018-07-29 14:18:27'), ('439', '1', '1', '/1/image/public/201807/20180729141833_5qi8cifnxh.jpg', '155430', 'localhost', '2018-07-29 14:18:33'), ('446', '1', '1', '/1/image/public/201807/20180729174624_7lsnv3tw11.jpg', '571338', '106.121.14.208', '2018-07-29 17:46:24'), ('447', '1', '1', '/1/image/public/201807/20180729174632_pe7bahvyql.jpg', '571338', '106.121.14.208', '2018-07-29 17:46:32'), ('448', '1', '1', '/1/video/public/201807/20180729174752_6go7nw4e2h.mp4', '176259', '106.121.14.208', '2018-07-29 17:47:52'), ('449', '1', '1', '/1/image/public/201807/20180729174958_o5nsslj6rh_min.gif', '0', '106.121.14.208', '2018-07-29 17:49:59'), ('450', '1', '1', '/1/image/public/201807/20180729174958_o5nsslj6rh.gif', '38303039', '106.121.14.208', '2018-07-29 17:49:59'), ('451', '1', '1', '/1/image/public/201807/20180729175059_84y6mh80mx_min.gif', '0', '106.121.14.208', '2018-07-29 17:50:59'), ('452', '1', '1', '/1/image/public/201807/20180729175059_84y6mh80mx.gif', '3718773', '106.121.14.208', '2018-07-29 17:50:59'), ('453', '1', '1', '/1/image/public/201807/20180729175208_bumn6grjr8_min.png', '0', '106.121.14.208', '2018-07-29 17:52:08'), ('454', '1', '1', '/1/image/public/201807/20180729175208_bumn6grjr8.png', '809933', '106.121.14.208', '2018-07-29 17:52:08'), ('455', '1', '1', '/1/image/public/201807/20180729180536_uy8w43wngg.jpg', '8581', '106.121.14.208', '2018-07-29 18:05:36'), ('456', '1', '1', '/1/image/public/201807/20180729182425_p969kaaold.jpg', '1886156', '106.121.14.208', '2018-07-29 18:24:25'), ('457', '1', '1', '/1/image/public/201807/20180729182500_4tsehiy96r.jpg', '1716985', '106.121.14.208', '2018-07-29 18:25:00'), ('458', '1', '1', '/1/image/public/201807/20180729182509_dmu7mbfycq.jpg', '1716985', '106.121.14.208', '2018-07-29 18:25:09'), ('459', '1', '1', '/1/image/public/201807/20180729182538_qkagx3xw3a.jpg', '1886156', '106.121.14.208', '2018-07-29 18:25:38'), ('460', '1', '1', '/1/image/public/201807/20180729182609_9jff1tugo3.jpg', '3197809', '106.121.14.208', '2018-07-29 18:26:09'), ('461', '1', '1', '/1/image/public/201807/20180729182624_5mpy0lfi06.jpg', '3407305', '106.121.14.208', '2018-07-29 18:26:24'), ('462', '1', '1', '/1/image/public/201807/20180729182720_vvn75khjk5.png', '809933', '106.121.14.208', '2018-07-29 18:27:20'), ('463', '1', '1', '/1/image/public/201807/20180729182753_p7yehf3kyd.jpeg', '67010', '106.121.14.208', '2018-07-29 18:27:53'), ('464', '1', '1', '/1/image/public/201807/20180729182759_d350do8n2d.jpeg', '67010', '106.121.14.208', '2018-07-29 18:27:59'), ('465', '1', '1', '/1/image/public/201807/20180729182853_k5jrmbeye5.jpg', '1411341', '106.121.14.208', '2018-07-29 18:28:53'), ('466', '1', '1', '/1/image/public/201807/20180729182916_fi9a46d9rs.jpg', '1411341', '106.121.14.208', '2018-07-29 18:29:16'), ('467', '1', '1', '/1/image/public/201807/20180729184601_n0hblhvtd9.jpg', '35473', '106.121.14.208', '2018-07-29 18:46:02'), ('476', '1', '1', '/1/image/public/201807/20180730092700_cy0v0yyx7a.jpg', '68537', '127.0.0.1', '2018-07-30 01:27:01'), ('477', '1', '1', '/1/image/public/201807/20180730092819_o1y5lbvf5y_min.jpg', '0', '127.0.0.1', '2018-07-30 01:28:21'), ('478', '1', '1', '/1/image/public/201807/20180730092819_g3022l3vk2_min.jpg', '0', '127.0.0.1', '2018-07-30 01:28:21'), ('479', '1', '1', '/1/image/public/201807/20180730092819_dotq2pb23t_min.jpg', '0', '127.0.0.1', '2018-07-30 01:28:21'), ('480', '1', '1', '/1/image/public/201807/20180730092819_dotq2pb23t.jpg', '4286406', '127.0.0.1', '2018-07-30 01:28:21'), ('481', '1', '1', '/1/image/public/201807/20180730092819_g3022l3vk2.jpg', '3458549', '127.0.0.1', '2018-07-30 01:28:21'), ('482', '1', '1', '/1/image/public/201807/20180730092819_o1y5lbvf5y.jpg', '3457842', '127.0.0.1', '2018-07-30 01:28:21'), ('483', '1', '1', '/1/image/public/201807/20180730092819_m9u0yye3sa_min.jpg', '0', '127.0.0.1', '2018-07-30 01:28:21'), ('484', '1', '1', '/1/image/public/201807/20180730092819_m9u0yye3sa.jpg', '3278236', '127.0.0.1', '2018-07-30 01:28:21'), ('485', '1', '1', '/1/image/public/201807/20180730092926_xo8qrsuwue_min.jpg', '0', '127.0.0.1', '2018-07-30 01:29:26'), ('486', '1', '1', '/1/image/public/201807/20180730092926_xo8qrsuwue.jpg', '68537', '127.0.0.1', '2018-07-30 01:29:26'), ('487', '1', '1', '/1/image/public/201807/20180730093137_v0256shyej.jpg', '68537', '127.0.0.1', '2018-07-30 01:31:37'), ('488', '1', '1', '/1/image/public/201807/20180730093900_d8seqt5kyr.jpg', '2899751', '127.0.0.1', '2018-07-30 01:39:01'), ('489', '1', '1', '/1/image/public/201807/20180730093924_n0aywlp3qi.jpg', '0', '127.0.0.1', '2018-07-30 01:39:24'), ('490', '1', '1', '/1/image/public/201807/20180730093937_tkv7ufr0bj.jpg', '0', '127.0.0.1', '2018-07-30 01:39:38'), ('491', '1', '1', '/1/image/public/201807/20180730094325_qksal8opk0.jpg', '24499', '127.0.0.1', '2018-07-30 01:43:26'), ('492', '1', '1', '/1/image/public/201807/20180730094405_cusl5hubn6.jpg', '0', '127.0.0.1', '2018-07-30 01:44:05'), ('493', '1', '1', '/1/image/public/201807/20180730094429_6rldg9yy5k.jpg', '0', '127.0.0.1', '2018-07-30 01:44:30'), ('494', '1', '1', '/1/image/public/201807/20180730094617_mkbojtunly.jpg', '0', '127.0.0.1', '2018-07-30 01:46:18'), ('495', '1', '1', '/1/image/public/201807/20180730094723_4rq8pl0keu.jpeg', '0', '127.0.0.1', '2018-07-30 01:47:24'), ('496', '1', '1', '/1/image/public/201807/20180730094845_2gcop456vh.jpg', '0', '127.0.0.1', '2018-07-30 01:48:46'), ('497', '1', '1', '/1/image/public/201807/20180730094950_t1yvlqef3j.jpg', '0', '127.0.0.1', '2018-07-30 01:49:51'), ('498', '1', '1', '/1/image/public/201807/20180730095410_elkl0o228d.jpeg', '0', '127.0.0.1', '2018-07-30 01:54:11'), ('499', '1', '1', '/1/image/public/201807/20180730095426_2df4t1ncvi.jpeg', '0', '127.0.0.1', '2018-07-30 01:54:27'), ('506', '1', '1', '/1/image/public/201807/20180730132315_bh86pae1l1.jpeg', '0', '127.0.0.1', '2018-07-30 05:23:16'), ('507', '1', '1', '/1/image/public/201807/20180730132417_rl2loqebvb.jpg', '68537', '127.0.0.1', '2018-07-30 05:24:18');
INSERT INTO `cms_attachment` VALUES ('508', '1', '1', '/1/image/public/201807/20180730132456_lee3ltat12.jpg', '0', '127.0.0.1', '2018-07-30 05:24:56'), ('509', '1', '1', '/1/image/public/201807/20180730132516_kkhok2uok8.jpg', '0', '127.0.0.1', '2018-07-30 05:25:17'), ('510', '1', '1', '/1/image/public/201807/20180730132526_hl4uqr599j.jpg', '0', '127.0.0.1', '2018-07-30 05:25:27'), ('511', '1', '1', '/1/image/public/201807/20180730132544_v9iop6s6li_min.jpg', '0', '127.0.0.1', '2018-07-30 05:25:44'), ('512', '1', '1', '/1/image/public/201807/20180730132544_v9iop6s6li.jpg', '68537', '127.0.0.1', '2018-07-30 05:25:45'), ('513', '1', '1', '/1/image/public/201807/20180730132553_l7i3fdyigo_min.jpg', '0', '127.0.0.1', '2018-07-30 05:25:55'), ('514', '1', '1', '/1/image/public/201807/20180730132554_5jke16y61x_min.jpg', '0', '127.0.0.1', '2018-07-30 05:25:55'), ('515', '1', '1', '/1/image/public/201807/20180730132554_5jke16y61x.jpg', '793733', '127.0.0.1', '2018-07-30 05:25:55'), ('516', '1', '1', '/1/image/public/201807/20180730132553_l7i3fdyigo.jpg', '4286406', '127.0.0.1', '2018-07-30 05:25:55'), ('517', '1', '1', '/1/image/public/201807/20180730132554_jw99uayt8k_min.jpg', '0', '127.0.0.1', '2018-07-30 05:25:56'), ('518', '1', '1', '/1/image/public/201807/20180730132554_jw99uayt8k.jpg', '3458549', '127.0.0.1', '2018-07-30 05:25:56'), ('519', '1', '1', '/1/image/public/201807/20180730132554_lk63bmgbpi_min.jpg', '0', '127.0.0.1', '2018-07-30 05:25:56'), ('520', '1', '1', '/1/image/public/201807/20180730132554_lk63bmgbpi.jpg', '3457842', '127.0.0.1', '2018-07-30 05:25:56'), ('521', '1', '1', '/1/image/public/201807/20180730132554_90gpm3pwpi_min.jpg', '0', '127.0.0.1', '2018-07-30 05:25:56'), ('522', '1', '1', '/1/image/public/201807/20180730132554_90gpm3pwpi.jpg', '3278236', '127.0.0.1', '2018-07-30 05:25:56'), ('523', '1', '1', '/1/image/public/201807/20180730132635_ehrw8i355u.jpg', '24499', '127.0.0.1', '2018-07-30 05:26:36'), ('524', '1', '1', '/1/image/public/201807/20180730132655_he0rkc3tg0.jpg', '0', '127.0.0.1', '2018-07-30 05:26:56'), ('525', '1', '1', '/1/image/public/201807/20180730132711_fq27tpvtqy.jpg', '0', '127.0.0.1', '2018-07-30 05:27:12'), ('526', '1', '1', '/1/image/public/201807/20180730132847_5dn1ctvrlf.jpg', '0', '127.0.0.1', '2018-07-30 05:28:47'), ('527', '1', '1', '/1/image/public/201807/20180730132856_isjakniif6.jpg', '0', '127.0.0.1', '2018-07-30 05:28:56'), ('528', '1', '1', '/1/image/public/201807/20180730133023_d80hyho3ys.jpg', '0', '127.0.0.1', '2018-07-30 05:30:24'), ('529', '1', '1', '/1/image/public/201807/20180730133042_ulcsrvx2xo.jpg', '0', '127.0.0.1', '2018-07-30 05:30:42');
COMMIT;

-- ----------------------------
-- Table structure for cms_attachment_ref
-- ----------------------------
DROP TABLE IF EXISTS `cms_attachment_ref`;
CREATE TABLE `cms_attachment_ref` (
`f_attachementref_id`  int(11) NOT NULL ,
`f_site_id`  int(11) NOT NULL ,
`f_attachment_id`  int(11) NOT NULL ,
`f_ftype`  varchar(100) CHARACTER SET utf8 COLLATE utf8_general_ci NOT NULL COMMENT '外表标识' ,
`f_fid`  int(11) NOT NULL COMMENT '外表ID' ,
PRIMARY KEY (`f_attachementref_id`),
FOREIGN KEY (`f_attachment_id`) REFERENCES `cms_attachment` (`f_attachment_id`) ON DELETE RESTRICT ON UPDATE RESTRICT,
FOREIGN KEY (`f_site_id`) REFERENCES `cms_site` (`f_site_id`) ON DELETE RESTRICT ON UPDATE RESTRICT,
INDEX `fk_cms_attachmentref_attach` (`f_attachment_id`) USING BTREE ,
INDEX `fk_cms_attachmentref_site` (`f_site_id`) USING BTREE 
)
ENGINE=InnoDB
DEFAULT CHARACTER SET=utf8 COLLATE=utf8_general_ci

;

-- ----------------------------
-- Records of cms_attachment_ref
-- ----------------------------
BEGIN;
INSERT INTO `cms_attachment_ref` VALUES ('268', '1', '366', 'info', '221'), ('284', '1', '392', 'info', '32'), ('285', '1', '393', 'info', '78'), ('286', '1', '395', 'info', '78'), ('287', '1', '399', 'info', '78'), ('288', '1', '401', 'info', '78'), ('289', '1', '398', 'info', '78'), ('290', '1', '397', 'info', '78'), ('291', '1', '402', 'info', '78'), ('292', '1', '396', 'info', '78'), ('293', '1', '394', 'info', '78'), ('294', '1', '400', 'info', '78'), ('299', '1', '407', 'info', '46'), ('308', '1', '419', 'info', '271'), ('309', '1', '418', 'info', '271'), ('310', '1', '420', 'info', '271'), ('318', '1', '431', 'info', '281'), ('319', '1', '436', 'info', '281'), ('320', '1', '427', 'info', '281'), ('321', '1', '438', 'info', '281'), ('322', '1', '430', 'info', '281'), ('324', '1', '432', 'info', '281'), ('325', '1', '433', 'info', '281'), ('326', '1', '437', 'info', '281'), ('327', '1', '439', 'info', '281'), ('328', '1', '428', 'info', '281'), ('329', '1', '435', 'info', '281'), ('330', '1', '434', 'info', '281'), ('331', '1', '429', 'info', '281'), ('341', '1', '455', 'info', '291'), ('342', '1', '456', 'node', '8'), ('343', '1', '457', 'node', '13'), ('344', '1', '458', 'node', '13'), ('345', '1', '459', 'node', '8'), ('346', '1', '461', 'node', '11'), ('347', '1', '460', 'node', '11'), ('350', '1', '466', 'node', '12'), ('351', '1', '465', 'node', '12'), ('352', '1', '467', 'info', '292'), ('370', '1', '446', 'info', '25'), ('379', '1', '499', 'node', '10'), ('380', '1', '498', 'node', '10'), ('388', '1', '506', 'info', '281'), ('389', '1', '510', 'info', '141'), ('390', '1', '522', 'info', '141'), ('391', '1', '521', 'info', '141'), ('392', '1', '515', 'info', '141'), ('393', '1', '518', 'info', '141'), ('394', '1', '514', 'info', '141'), ('395', '1', '509', 'info', '141'), ('396', '1', '512', 'info', '141'), ('397', '1', '516', 'info', '141'), ('398', '1', '517', 'info', '141'), ('399', '1', '511', 'info', '141'), ('400', '1', '520', 'info', '141'), ('401', '1', '519', 'info', '141'), ('402', '1', '508', 'info', '141'), ('403', '1', '513', 'info', '141'), ('404', '1', '524', 'node', '27'), ('405', '1', '525', 'node', '27'), ('406', '1', '527', 'info', '25'), ('407', '1', '526', 'info', '25'), ('408', '1', '529', 'info', '46'), ('409', '1', '528', 'info', '46');
COMMIT;

-- ----------------------------
-- Table structure for cms_attribute
-- ----------------------------
DROP TABLE IF EXISTS `cms_attribute`;
CREATE TABLE `cms_attribute` (
`f_attribute_id`  int(11) NOT NULL ,
`f_site_id`  int(11) NOT NULL COMMENT '站点' ,
`f_number`  varchar(20) CHARACTER SET utf8 COLLATE utf8_general_ci NOT NULL COMMENT '代码' ,
`f_name`  varchar(50) CHARACTER SET utf8 COLLATE utf8_general_ci NOT NULL COMMENT '名称' ,
`f_seq`  int(11) NOT NULL DEFAULT 2147483647 COMMENT '排序' ,
`f_is_with_image`  char(1) CHARACTER SET utf8 COLLATE utf8_general_ci NOT NULL DEFAULT '0' COMMENT '是否包含图片' ,
`f_is_scale`  char(1) CHARACTER SET utf8 COLLATE utf8_general_ci NOT NULL DEFAULT '0' COMMENT '是否图片压缩' ,
`f_is_exact`  char(1) CHARACTER SET utf8 COLLATE utf8_general_ci NOT NULL DEFAULT '0' COMMENT '是否图片拉伸' ,
`f_is_watermark`  char(1) CHARACTER SET utf8 COLLATE utf8_general_ci NOT NULL DEFAULT '0' COMMENT '是否图片水印' ,
`f_image_width`  int(11) NULL DEFAULT NULL COMMENT '图片宽度' ,
`f_image_height`  int(11) NULL DEFAULT NULL COMMENT '图片高度' ,
PRIMARY KEY (`f_attribute_id`),
FOREIGN KEY (`f_site_id`) REFERENCES `cms_site` (`f_site_id`) ON DELETE RESTRICT ON UPDATE RESTRICT,
INDEX `fk_cms_attribute_site` (`f_site_id`) USING BTREE 
)
ENGINE=InnoDB
DEFAULT CHARACTER SET=utf8 COLLATE=utf8_general_ci
COMMENT='属性表'

;

-- ----------------------------
-- Records of cms_attribute
-- ----------------------------
BEGIN;
INSERT INTO `cms_attribute` VALUES ('2', '1', 'headlines', '头条', '6', '0', '0', '0', '0', null, null), ('5', '1', 'focusnews', '新闻焦点', '1', '1', '0', '0', '0', '660', '250'), ('6', '1', 'focusphoto', '图片焦点', '2', '1', '0', '0', '0', '1000', '500'), ('7', '1', 'focusvideo', '视频焦点', '3', '1', '0', '0', '0', '1000', '410'), ('8', '1', 'focusproduct', '产品焦点', '4', '1', '0', '0', '0', '770', '190'), ('9', '1', 'focusdownload', '下载焦点', '5', '1', '0', '0', '0', '310', '210'), ('10', '1', 'focusmobile', '手机焦点', '7', '1', '0', '0', '0', '640', '330'), ('12', '1', 'focus', '焦点', '0', '1', '0', '0', '0', '318', '212');
COMMIT;

-- ----------------------------
-- Table structure for cms_collect
-- ----------------------------
DROP TABLE IF EXISTS `cms_collect`;
CREATE TABLE `cms_collect` (
`f_collect_id`  int(11) NOT NULL ,
`f_node_id`  int(11) NOT NULL ,
`f_site_id`  int(11) NOT NULL ,
`f_user_id`  int(11) NOT NULL ,
`f_name`  varchar(100) CHARACTER SET utf8 COLLATE utf8_general_ci NOT NULL COMMENT '名称' ,
`f_charset`  varchar(100) CHARACTER SET utf8 COLLATE utf8_general_ci NOT NULL DEFAULT 'UTF-8' COMMENT '字符集' ,
`f_user_agent`  varchar(255) CHARACTER SET utf8 COLLATE utf8_general_ci NOT NULL DEFAULT 'Mozilla/5.0' COMMENT '用户代理' ,
`f_interval_min`  int(11) NOT NULL DEFAULT 0 COMMENT '最小间隔时间' ,
`f_interval_max`  int(11) NOT NULL DEFAULT 0 COMMENT '最大间隔时间' ,
`f_list_pattern`  varchar(2000) CHARACTER SET utf8 COLLATE utf8_general_ci NOT NULL COMMENT '列表地址' ,
`f_list_next_pattern`  varchar(255) CHARACTER SET utf8 COLLATE utf8_general_ci NULL DEFAULT NULL COMMENT '下一页列表地址' ,
`f_is_list_next_reg`  char(1) CHARACTER SET utf8 COLLATE utf8_general_ci NOT NULL DEFAULT '0' COMMENT '下一页列表地址是否正则' ,
`f_item_area_pattern`  varchar(255) CHARACTER SET utf8 COLLATE utf8_general_ci NULL DEFAULT NULL COMMENT '文章地址区域' ,
`f_is_item_area_reg`  char(1) CHARACTER SET utf8 COLLATE utf8_general_ci NOT NULL DEFAULT '0' COMMENT '文章地址区域是否正则' ,
`f_item_pattern`  varchar(255) CHARACTER SET utf8 COLLATE utf8_general_ci NOT NULL COMMENT '文章地址' ,
`f_is_item_reg`  char(1) CHARACTER SET utf8 COLLATE utf8_general_ci NOT NULL DEFAULT '0' COMMENT '文章地址是否正则' ,
`f_block_area_pattern`  varchar(255) CHARACTER SET utf8 COLLATE utf8_general_ci NULL DEFAULT NULL COMMENT '文章块区域' ,
`f_is_block_area_reg`  char(1) CHARACTER SET utf8 COLLATE utf8_general_ci NOT NULL DEFAULT '0' COMMENT '文章快区域是否正则' ,
`f_block_pattern`  varchar(255) CHARACTER SET utf8 COLLATE utf8_general_ci NULL DEFAULT NULL COMMENT '文章块' ,
`f_is_block_reg`  char(1) CHARACTER SET utf8 COLLATE utf8_general_ci NOT NULL DEFAULT '0' COMMENT '文章块是否正则' ,
`f_page_begin`  int(11) NOT NULL DEFAULT 2 COMMENT '起始序号' ,
`f_page_end`  int(11) NOT NULL DEFAULT 10 COMMENT '结束序号' ,
`f_is_desc`  char(1) CHARACTER SET utf8 COLLATE utf8_general_ci NOT NULL DEFAULT '1' COMMENT '是否倒序' ,
`f_is_submit`  char(1) CHARACTER SET utf8 COLLATE utf8_general_ci NOT NULL DEFAULT '0' COMMENT '是否提交' ,
`f_is_allow_duplicate`  char(1) CHARACTER SET utf8 COLLATE utf8_general_ci NOT NULL DEFAULT '0' COMMENT '是否允许重复标题' ,
`f_is_download_image`  char(1) CHARACTER SET utf8 COLLATE utf8_general_ci NOT NULL DEFAULT '1' COMMENT '是否采集正文中的图片' ,
`f_status`  int(11) NOT NULL DEFAULT 0 COMMENT '状态(0:就绪,1:运行中,2:暂停)' ,
PRIMARY KEY (`f_collect_id`),
FOREIGN KEY (`f_node_id`) REFERENCES `cms_node` (`f_node_id`) ON DELETE RESTRICT ON UPDATE RESTRICT,
FOREIGN KEY (`f_site_id`) REFERENCES `cms_site` (`f_site_id`) ON DELETE RESTRICT ON UPDATE RESTRICT,
FOREIGN KEY (`f_user_id`) REFERENCES `cms_user` (`f_user_id`) ON DELETE RESTRICT ON UPDATE RESTRICT,
INDEX `fk_cms_collect_node` (`f_node_id`) USING BTREE ,
INDEX `fk_cms_collect_site` (`f_site_id`) USING BTREE ,
INDEX `fk_cms_collect_user` (`f_user_id`) USING BTREE 
)
ENGINE=InnoDB
DEFAULT CHARACTER SET=utf8 COLLATE=utf8_general_ci
COMMENT='采集表'

;

-- ----------------------------
-- Records of cms_collect
-- ----------------------------
BEGIN;
INSERT INTO `cms_collect` VALUES ('1', '42', '1', '1', '新浪新闻', 'UTF-8', 'Mozilla/5.0', '0', '0', 'http://roll.news.sina.com.cn/news/gnxw/gdxw1/index.shtml\r\nhttp://roll.news.sina.com.cn/news/gnxw/gdxw1/index_(*).shtml', null, '0', '<ul class=\"list_009\">(*)</ul>', '0', '<li><a href=\"(*)\" target=\"_blank\">', '0', null, '0', null, '0', '2', '10', '1', '0', '0', '1', '0'), ('13', '40', '1', '1', '天文科普网-译文快递', 'gbk', 'Mozilla/5.0', '10000', '60000', 'http://www.astron.ac.cn/list-3-(*).htm', null, '0', '<ul class=\"newslist\">(*)</ul>\r\n', '0', '<li><a href=\"(*)\" target=\"_self\">', '0', null, '0', null, '0', '1', '10', '1', '1', '0', '1', '0');
COMMIT;

-- ----------------------------
-- Table structure for cms_collect_field
-- ----------------------------
DROP TABLE IF EXISTS `cms_collect_field`;
CREATE TABLE `cms_collect_field` (
`f_collectfield_id`  int(11) NOT NULL ,
`f_collect_id`  int(11) NOT NULL ,
`f_site_id`  int(11) NOT NULL ,
`f_name`  varchar(100) CHARACTER SET utf8 COLLATE utf8_general_ci NOT NULL COMMENT '名称' ,
`f_code`  varchar(100) CHARACTER SET utf8 COLLATE utf8_general_ci NOT NULL COMMENT '代码' ,
`f_type`  int(11) NOT NULL DEFAULT 1 COMMENT '类型(1;系统字段,2:custom字段,3:clob字段)' ,
`f_source_type`  int(11) NOT NULL DEFAULT 1 COMMENT '来源(1:详细页,2:列表页,3:固定值,4:URL)' ,
`f_source_url`  varchar(255) CHARACTER SET utf8 COLLATE utf8_general_ci NULL DEFAULT NULL COMMENT '来源URL' ,
`f_source_text`  varchar(255) CHARACTER SET utf8 COLLATE utf8_general_ci NULL DEFAULT NULL COMMENT '来源文本' ,
`f_data_area_pattern`  varchar(255) CHARACTER SET utf8 COLLATE utf8_general_ci NULL DEFAULT NULL COMMENT '数据区域' ,
`f_is_data_area_reg`  char(1) CHARACTER SET utf8 COLLATE utf8_general_ci NOT NULL DEFAULT '0' COMMENT '数据区域是否正则' ,
`f_data_pattern`  varchar(255) CHARACTER SET utf8 COLLATE utf8_general_ci NULL DEFAULT NULL COMMENT '匹配规则' ,
`f_is_data_reg`  char(1) CHARACTER SET utf8 COLLATE utf8_general_ci NOT NULL DEFAULT '0' COMMENT '匹配规则是否正则' ,
`f_date_format`  varchar(255) CHARACTER SET utf8 COLLATE utf8_general_ci NULL DEFAULT NULL COMMENT '日期格式' ,
`f_download_type`  varchar(20) CHARACTER SET utf8 COLLATE utf8_general_ci NULL DEFAULT NULL COMMENT '下载类型(为空不下载)' ,
`f_image_param`  varchar(255) CHARACTER SET utf8 COLLATE utf8_general_ci NULL DEFAULT NULL COMMENT '图片参数' ,
`f_filter`  varchar(2000) CHARACTER SET utf8 COLLATE utf8_general_ci NULL DEFAULT NULL COMMENT '过滤规则' ,
`f_seq`  int(11) NOT NULL DEFAULT 2147483647 COMMENT '排列顺序' ,
PRIMARY KEY (`f_collectfield_id`),
FOREIGN KEY (`f_collect_id`) REFERENCES `cms_collect` (`f_collect_id`) ON DELETE RESTRICT ON UPDATE RESTRICT,
FOREIGN KEY (`f_site_id`) REFERENCES `cms_site` (`f_site_id`) ON DELETE RESTRICT ON UPDATE RESTRICT,
INDEX `fk_cms_collectfield_collect` (`f_collect_id`) USING BTREE ,
INDEX `fk_cms_collectfield_site` (`f_site_id`) USING BTREE 
)
ENGINE=InnoDB
DEFAULT CHARACTER SET=utf8 COLLATE=utf8_general_ci
COMMENT='采集字段表'

;

-- ----------------------------
-- Records of cms_collect_field
-- ----------------------------
BEGIN;
INSERT INTO `cms_collect_field` VALUES ('2', '1', '1', '标题', 'title', '1', '1', null, null, null, '0', '<meta property=\"og:title\" content=\"(*)\" />', '0', null, null, null, null, '2147483647'), ('3', '1', '1', '正文', 'text', '1', '1', null, null, null, '0', '<div class=\"article article_16\" id=\"artibody\">\r\n(*)\r\n			\r\n        </div>', '0', null, null, null, null, '2147483647'), ('4', '1', '1', '发布时间', 'publishDate', '1', '1', null, null, null, '0', '<span class=\"time-source\" id=\"navtimeSource\">(*)		<span>', '0', 'yyyy年MM月dd日HH:mm', null, null, null, '2147483647');
COMMIT;

-- ----------------------------
-- Table structure for cms_collect_log
-- ----------------------------
DROP TABLE IF EXISTS `cms_collect_log`;
CREATE TABLE `cms_collect_log` (
`f_collectlog_id`  int(11) NOT NULL ,
`f_site_id`  int(11) NOT NULL ,
`f_url`  varchar(255) CHARACTER SET utf8 COLLATE utf8_general_ci NOT NULL COMMENT '采集地址' ,
`f_title`  varchar(255) CHARACTER SET utf8 COLLATE utf8_general_ci NULL DEFAULT NULL COMMENT '标题' ,
`f_message`  varchar(255) CHARACTER SET utf8 COLLATE utf8_general_ci NULL DEFAULT NULL COMMENT '消息' ,
`f_time`  datetime NOT NULL COMMENT '时间' ,
`f_status`  int(11) NOT NULL DEFAULT 0 COMMENT '状态(0:成功,1:失败)' ,
PRIMARY KEY (`f_collectlog_id`),
FOREIGN KEY (`f_site_id`) REFERENCES `cms_site` (`f_site_id`) ON DELETE RESTRICT ON UPDATE RESTRICT,
INDEX `fk_cms_collectlog_site` (`f_site_id`) USING BTREE 
)
ENGINE=InnoDB
DEFAULT CHARACTER SET=utf8 COLLATE=utf8_general_ci
COMMENT='采集日志表'

;

-- ----------------------------
-- Records of cms_collect_log
-- ----------------------------
BEGIN;
COMMIT;

-- ----------------------------
-- Table structure for cms_comment
-- ----------------------------
DROP TABLE IF EXISTS `cms_comment`;
CREATE TABLE `cms_comment` (
`f_comment_id`  int(11) NOT NULL ,
`f_parent_id`  int(11) NULL DEFAULT NULL COMMENT '父评论ID' ,
`f_site_id`  int(11) NOT NULL COMMENT '站点ID' ,
`f_creator_id`  int(11) NOT NULL COMMENT '创建人' ,
`f_auditor_id`  int(11) NULL DEFAULT NULL COMMENT '审核人' ,
`f_ftype`  varchar(50) CHARACTER SET utf8 COLLATE utf8_general_ci NOT NULL COMMENT '外表标识' ,
`f_fid`  int(11) NOT NULL COMMENT '外表ID' ,
`f_creation_date`  datetime NOT NULL COMMENT '评论时间' ,
`f_audit_date`  datetime NULL DEFAULT NULL COMMENT '审核时间' ,
`f_ip`  varchar(100) CHARACTER SET utf8 COLLATE utf8_general_ci NOT NULL DEFAULT 'localhost' COMMENT 'IP地址' ,
`f_country`  varchar(100) CHARACTER SET utf8 COLLATE utf8_general_ci NULL DEFAULT NULL COMMENT '国家' ,
`f_area`  varchar(100) CHARACTER SET utf8 COLLATE utf8_general_ci NULL DEFAULT NULL COMMENT '地区' ,
`f_score`  int(11) NOT NULL DEFAULT 0 COMMENT '得分' ,
`f_status`  int(11) NOT NULL DEFAULT 0 COMMENT '0:未审核;1:已审核;2:推荐;3:屏蔽' ,
`f_text`  mediumtext CHARACTER SET utf8 COLLATE utf8_general_ci NULL ,
PRIMARY KEY (`f_comment_id`),
FOREIGN KEY (`f_auditor_id`) REFERENCES `cms_user` (`f_user_id`) ON DELETE RESTRICT ON UPDATE RESTRICT,
FOREIGN KEY (`f_creator_id`) REFERENCES `cms_user` (`f_user_id`) ON DELETE RESTRICT ON UPDATE RESTRICT,
FOREIGN KEY (`f_parent_id`) REFERENCES `cms_comment` (`f_comment_id`) ON DELETE RESTRICT ON UPDATE RESTRICT,
FOREIGN KEY (`f_site_id`) REFERENCES `cms_site` (`f_site_id`) ON DELETE RESTRICT ON UPDATE RESTRICT,
INDEX `fk_cms_comment_auditor` (`f_auditor_id`) USING BTREE ,
INDEX `fk_cms_comment_creator` (`f_creator_id`) USING BTREE ,
INDEX `fk_cms_comment_parent` (`f_parent_id`) USING BTREE ,
INDEX `fk_cms_comment_site` (`f_site_id`) USING BTREE 
)
ENGINE=InnoDB
DEFAULT CHARACTER SET=utf8 COLLATE=utf8_general_ci
COMMENT='评论表'

;

-- ----------------------------
-- Records of cms_comment
-- ----------------------------
BEGIN;
COMMIT;

-- ----------------------------
-- Table structure for cms_favorite
-- ----------------------------
DROP TABLE IF EXISTS `cms_favorite`;
CREATE TABLE `cms_favorite` (
`favorite_id_`  int(11) NOT NULL ,
`user_id_`  int(11) NOT NULL COMMENT '收藏用户' ,
`dtype_`  varchar(50) CHARACTER SET utf8 COLLATE utf8_general_ci NOT NULL COMMENT '收藏数据类型' ,
`did_`  int(11) NOT NULL COMMENT '收藏数据ID' ,
`created_`  datetime NOT NULL COMMENT '收藏时间' ,
PRIMARY KEY (`favorite_id_`),
FOREIGN KEY (`user_id_`) REFERENCES `cms_user` (`f_user_id`) ON DELETE RESTRICT ON UPDATE RESTRICT,
INDEX `fk_reference_148` (`user_id_`) USING BTREE 
)
ENGINE=InnoDB
DEFAULT CHARACTER SET=utf8 COLLATE=utf8_general_ci
COMMENT='收藏表'

;

-- ----------------------------
-- Records of cms_favorite
-- ----------------------------
BEGIN;
INSERT INTO `cms_favorite` VALUES ('2', '1', 'InfoFavorite', '262', '2018-07-28 05:30:55');
COMMIT;

-- ----------------------------
-- Table structure for cms_friendlink
-- ----------------------------
DROP TABLE IF EXISTS `cms_friendlink`;
CREATE TABLE `cms_friendlink` (
`f_friendlink_id`  int(11) NOT NULL ,
`f_friendlinktype_id`  int(11) NOT NULL ,
`f_site_id`  int(11) NOT NULL ,
`f_name`  varchar(100) CHARACTER SET utf8 COLLATE utf8_general_ci NOT NULL COMMENT '网站名称' ,
`f_url`  varchar(255) CHARACTER SET utf8 COLLATE utf8_general_ci NOT NULL COMMENT '网站地址' ,
`f_seq`  int(11) NOT NULL DEFAULT 2147483647 COMMENT '排序' ,
`f_logo`  varchar(255) CHARACTER SET utf8 COLLATE utf8_general_ci NULL DEFAULT NULL COMMENT '网站Logo' ,
`f_description`  varchar(255) CHARACTER SET utf8 COLLATE utf8_general_ci NULL DEFAULT NULL COMMENT '网站描述' ,
`f_email`  varchar(100) CHARACTER SET utf8 COLLATE utf8_general_ci NULL DEFAULT NULL COMMENT '站长Email' ,
`f_is_with_logo`  char(1) CHARACTER SET utf8 COLLATE utf8_general_ci NOT NULL DEFAULT '0' COMMENT '是否带Logo' ,
`f_is_recommend`  char(1) CHARACTER SET utf8 COLLATE utf8_general_ci NOT NULL DEFAULT '0' COMMENT '是否推荐' ,
`f_status`  int(11) NOT NULL DEFAULT 0 COMMENT '状态(0:已审核,1:未审核)' ,
PRIMARY KEY (`f_friendlink_id`),
FOREIGN KEY (`f_friendlinktype_id`) REFERENCES `cms_friendlink_type` (`f_friendlinktype_id`) ON DELETE RESTRICT ON UPDATE RESTRICT,
FOREIGN KEY (`f_site_id`) REFERENCES `cms_site` (`f_site_id`) ON DELETE RESTRICT ON UPDATE RESTRICT,
INDEX `fk_cms_friendlink_fltype` (`f_friendlinktype_id`) USING BTREE ,
INDEX `fk_cms_friendlink_site` (`f_site_id`) USING BTREE 
)
ENGINE=InnoDB
DEFAULT CHARACTER SET=utf8 COLLATE=utf8_general_ci
COMMENT='友情链接表'

;

-- ----------------------------
-- Records of cms_friendlink
-- ----------------------------
BEGIN;
INSERT INTO `cms_friendlink` VALUES ('7', '16', '1', '国家天文台', 'http://nao.cas.cn', '2147483647', 'http://www.nao.cas.cn/images/logo_nao.png', null, null, '1', '0', '0'), ('8', '15', '1', '兴隆观测站', 'http://www.xinglong-naoc.org/html/index.html', '2147483647', 'http://www.xinglong-naoc.org/resources/images/about.jpg', null, null, '1', '0', '0'), ('9', '15', '1', '中法合作SVOM', 'https://svom.cnes.fr/en/SVOM/index.htm', '2147483647', 'https://svom.cnes.fr/sites/default/files/styles/medium/public/drupal/201507/image/bpc_svom_vignette.jpg', null, null, '1', '0', '0'), ('22', '15', '1', '中国天文科普网', 'http://www.astron.ac.cn/index.htm', '2147483647', null, null, null, '0', '0', '0');
COMMIT;

-- ----------------------------
-- Table structure for cms_friendlink_type
-- ----------------------------
DROP TABLE IF EXISTS `cms_friendlink_type`;
CREATE TABLE `cms_friendlink_type` (
`f_friendlinktype_id`  int(11) NOT NULL ,
`f_site_id`  int(11) NOT NULL ,
`f_name`  varchar(100) CHARACTER SET utf8 COLLATE utf8_general_ci NOT NULL COMMENT '名称' ,
`f_number`  varchar(100) CHARACTER SET utf8 COLLATE utf8_general_ci NULL DEFAULT NULL COMMENT '编码' ,
`f_seq`  int(11) NOT NULL DEFAULT 2147483647 COMMENT '排序' ,
PRIMARY KEY (`f_friendlinktype_id`),
FOREIGN KEY (`f_site_id`) REFERENCES `cms_site` (`f_site_id`) ON DELETE RESTRICT ON UPDATE RESTRICT,
INDEX `fk_cms_friendlinktype_site` (`f_site_id`) USING BTREE 
)
ENGINE=InnoDB
DEFAULT CHARACTER SET=utf8 COLLATE=utf8_general_ci
COMMENT='友情链接类型表'

;

-- ----------------------------
-- Records of cms_friendlink_type
-- ----------------------------
BEGIN;
INSERT INTO `cms_friendlink_type` VALUES ('1', '1', '综合类', 'zonghe', '0'), ('3', '1', '技术类', 'yule', '1'), ('15', '1', '合作单位', 'hezuo', '2147483647'), ('16', '1', '所属单位', 'suoshu', '2147483647');
COMMIT;

-- ----------------------------
-- Table structure for cms_global
-- ----------------------------
DROP TABLE IF EXISTS `cms_global`;
CREATE TABLE `cms_global` (
`f_global_id`  int(11) NOT NULL ,
`f_protocol`  varchar(50) CHARACTER SET utf8 COLLATE utf8_general_ci NOT NULL DEFAULT 'http' COMMENT '协议' ,
`f_port`  int(11) NULL DEFAULT NULL COMMENT '服务端口号' ,
`f_context_path`  varchar(255) CHARACTER SET utf8 COLLATE utf8_general_ci NULL DEFAULT NULL COMMENT '上下文路径' ,
`f_uploads_publishpoint_id`  int(11) NULL DEFAULT NULL COMMENT '附件发布点' ,
`f_captcha_errors`  int(11) NOT NULL DEFAULT 3 COMMENT '需要验证码的错误次数(总是需要则为0)' ,
`f_version`  varchar(50) CHARACTER SET utf8 COLLATE utf8_general_ci NOT NULL COMMENT 'jspxcms版本号' ,
PRIMARY KEY (`f_global_id`)
)
ENGINE=InnoDB
DEFAULT CHARACTER SET=utf8 COLLATE=utf8_general_ci
COMMENT='全局表'

;

-- ----------------------------
-- Records of cms_global
-- ----------------------------
BEGIN;
INSERT INTO `cms_global` VALUES ('1', 'http', '8080', null, '1', '3', '9.0.0');
COMMIT;

-- ----------------------------
-- Table structure for cms_global_clob
-- ----------------------------
DROP TABLE IF EXISTS `cms_global_clob`;
CREATE TABLE `cms_global_clob` (
`f_global_id`  int(11) NOT NULL ,
`f_key`  varchar(50) CHARACTER SET utf8 COLLATE utf8_general_ci NOT NULL COMMENT '键' ,
`f_value`  mediumtext CHARACTER SET utf8 COLLATE utf8_general_ci NULL COMMENT '值' ,
FOREIGN KEY (`f_global_id`) REFERENCES `cms_global` (`f_global_id`) ON DELETE RESTRICT ON UPDATE RESTRICT,
INDEX `fk_cms_globalclob_global` (`f_global_id`) USING BTREE 
)
ENGINE=InnoDB
DEFAULT CHARACTER SET=utf8 COLLATE=utf8_general_ci
COMMENT='全局大字段表'

;

-- ----------------------------
-- Records of cms_global_clob
-- ----------------------------
BEGIN;
COMMIT;

-- ----------------------------
-- Table structure for cms_global_custom
-- ----------------------------
DROP TABLE IF EXISTS `cms_global_custom`;
CREATE TABLE `cms_global_custom` (
`f_global_id`  int(11) NOT NULL ,
`f_key`  varchar(50) CHARACTER SET utf8 COLLATE utf8_general_ci NOT NULL COMMENT '键' ,
`f_value`  varchar(2000) CHARACTER SET utf8 COLLATE utf8_general_ci NULL DEFAULT NULL COMMENT '值' ,
FOREIGN KEY (`f_global_id`) REFERENCES `cms_global` (`f_global_id`) ON DELETE RESTRICT ON UPDATE RESTRICT,
INDEX `fk_cms_globalcustom_global` (`f_global_id`) USING BTREE 
)
ENGINE=InnoDB
DEFAULT CHARACTER SET=utf8 COLLATE=utf8_general_ci
COMMENT='全局自定义表'

;

-- ----------------------------
-- Records of cms_global_custom
-- ----------------------------
BEGIN;
INSERT INTO `cms_global_custom` VALUES ('1', 'poweredby', ' - Powered by GWAC'), ('1', 'sys_mail_smtpHost', 'smtp.126.com'), ('1', 'sys_mail_smtpPassword', '123'), ('1', 'sys_mail_smtpAuth', 'true'), ('1', 'sys_mail_from', 'myemail@126.com'), ('1', 'sys_mail_smtpUsername', 'myemail@126.com'), ('1', 'sys_mail_smtpSsl', 'false'), ('1', 'sys_register_validCharacter', '^[0-9a-zA-Z\\u4e00-\\u9fa5\\.\\-@_]+$'), ('1', 'sys_register_passwordEmailSubject', '找回密码通知'), ('1', 'sys_register_verifyMode', '0'), ('1', 'sys_register_groupId', '1'), ('1', 'sys_register_minLength', '3'), ('1', 'sys_register_passwordEmailText', '亲爱的${username}:\r\n  请复制以下链接到浏览器中打开，进入密码修改页面。\r\n  ${url}\r\n\r\n${sitename}'), ('1', 'sys_register_verifyEmailSubject', '帐号激活邮件'), ('1', 'sys_register_mode', '1'), ('1', 'sys_register_verifyEmailText', '亲爱的${username}:\r\n  请复制以下链接到浏览器中打开，以便激活您的帐号。\r\n  ${url}\r\n\r\n${sitename}'), ('1', 'sys_register_orgId', '1'), ('1', 'sys_register_maxLength', '15'), ('1', 'sys_register_userAgreement', '    1、在本站注册的会员，必须遵守《互联网电子公告服务管理规定》，不得在本站发表诽谤他人，侵犯他人隐私，侵犯他人知识产权，传播病毒，政治言论，商业讯息等信息。\r\n\r\n    2、在所有在本站发表的文章，本站都具有最终编辑权，并且保留用于印刷或向第三方发表的权利，如果你的资料不齐全，我们将有权不作任何通知使用你在本站发布的作品。\r\n\r\n    3、在登记过程中，您将选择注册名和密码。注册名的选择应遵守法律法规及社会公德。您必须对您的密码保密，您将对您注册名和密码下发生的所有活动承担责任。'), ('1', 'oauth', '1'), ('1', 'sys_register_avatarLarge', '120'), ('1', 'sys_register_avatarSmall', '50');
COMMIT;

-- ----------------------------
-- Table structure for cms_guestbook
-- ----------------------------
DROP TABLE IF EXISTS `cms_guestbook`;
CREATE TABLE `cms_guestbook` (
`f_guestbook_id`  int(11) NOT NULL ,
`f_site_id`  int(11) NOT NULL COMMENT '站点' ,
`f_guestbooktype_id`  int(11) NOT NULL COMMENT '留言类型' ,
`f_creator_id`  int(11) NOT NULL COMMENT '创建者' ,
`f_replyer_id`  int(11) NULL DEFAULT NULL COMMENT '回复者' ,
`f_title`  varchar(150) CHARACTER SET utf8 COLLATE utf8_general_ci NULL DEFAULT NULL COMMENT '留言标题' ,
`f_text`  mediumtext CHARACTER SET utf8 COLLATE utf8_general_ci NULL COMMENT '留言内容' ,
`f_creation_date`  datetime NOT NULL COMMENT '留言日期' ,
`f_creation_ip`  varchar(100) CHARACTER SET utf8 COLLATE utf8_general_ci NOT NULL COMMENT '留言IP' ,
`f_creation_country`  varchar(100) CHARACTER SET utf8 COLLATE utf8_general_ci NULL DEFAULT NULL COMMENT '留言国家' ,
`f_creation_area`  varchar(100) CHARACTER SET utf8 COLLATE utf8_general_ci NULL DEFAULT NULL COMMENT '留言地区' ,
`f_reply_text`  mediumtext CHARACTER SET utf8 COLLATE utf8_general_ci NULL COMMENT '回复内容' ,
`f_reply_date`  datetime NULL DEFAULT NULL COMMENT '回复日期' ,
`f_reply_ip`  varchar(100) CHARACTER SET utf8 COLLATE utf8_general_ci NULL DEFAULT NULL COMMENT '回复IP' ,
`f_reply_country`  varchar(100) CHARACTER SET utf8 COLLATE utf8_general_ci NULL DEFAULT NULL COMMENT '回复国家' ,
`f_reply_area`  varchar(100) CHARACTER SET utf8 COLLATE utf8_general_ci NULL DEFAULT NULL COMMENT '回复地区' ,
`f_is_reply`  char(1) CHARACTER SET utf8 COLLATE utf8_general_ci NOT NULL DEFAULT '0' COMMENT '是否回复' ,
`f_is_recommend`  char(1) CHARACTER SET utf8 COLLATE utf8_general_ci NOT NULL DEFAULT '0' COMMENT '是否推荐' ,
`f_status`  int(11) NOT NULL DEFAULT 0 COMMENT '状态(0:已审核,1:未审核,2:屏蔽)' ,
`f_username`  varchar(100) CHARACTER SET utf8 COLLATE utf8_general_ci NULL DEFAULT NULL COMMENT '用户名' ,
`f_gender`  char(1) CHARACTER SET utf8 COLLATE utf8_general_ci NULL DEFAULT NULL COMMENT '性别' ,
`f_phone`  varchar(100) CHARACTER SET utf8 COLLATE utf8_general_ci NULL DEFAULT NULL COMMENT '电话' ,
`f_mobile`  varchar(100) CHARACTER SET utf8 COLLATE utf8_general_ci NULL DEFAULT NULL COMMENT '手机' ,
`f_qq`  varchar(100) CHARACTER SET utf8 COLLATE utf8_general_ci NULL DEFAULT NULL COMMENT 'QQ号码' ,
`f_email`  varchar(100) CHARACTER SET utf8 COLLATE utf8_general_ci NULL DEFAULT NULL COMMENT '电子邮箱' ,
PRIMARY KEY (`f_guestbook_id`),
FOREIGN KEY (`f_creator_id`) REFERENCES `cms_user` (`f_user_id`) ON DELETE RESTRICT ON UPDATE RESTRICT,
FOREIGN KEY (`f_guestbooktype_id`) REFERENCES `cms_guestbook_type` (`f_guestbooktype_id`) ON DELETE RESTRICT ON UPDATE RESTRICT,
FOREIGN KEY (`f_replyer_id`) REFERENCES `cms_user` (`f_user_id`) ON DELETE RESTRICT ON UPDATE RESTRICT,
FOREIGN KEY (`f_site_id`) REFERENCES `cms_site` (`f_site_id`) ON DELETE RESTRICT ON UPDATE RESTRICT,
INDEX `fk_cms_guestbook_creator` (`f_creator_id`) USING BTREE ,
INDEX `fk_cms_guestbook_guestbooktype` (`f_guestbooktype_id`) USING BTREE ,
INDEX `fk_cms_guestbook_replyer` (`f_replyer_id`) USING BTREE ,
INDEX `fk_cms_guestbook_site` (`f_site_id`) USING BTREE 
)
ENGINE=InnoDB
DEFAULT CHARACTER SET=utf8 COLLATE=utf8_general_ci
COMMENT='留言板表'

;

-- ----------------------------
-- Records of cms_guestbook
-- ----------------------------
BEGIN;
INSERT INTO `cms_guestbook` VALUES ('23', '1', '1', '1', '1', 'jspxcms升级了', '终于等到jspxcms升级了，期待很久了。\r\n呵呵！', '2013-08-12 08:54:43', '0:0:0:0:0:0:0:1', null, null, '非常感谢大家长久以来的支持！', '2013-08-12 08:56:00', '0:0:0:0:0:0:0:1', null, null, '1', '0', '0', null, '1', null, null, null, null), ('28', '1', '8', '1', null, '功能有改进', '留言功能更好用了！', '2014-03-18 13:56:44', '0:0:0:0:0:0:0:1', null, null, null, null, null, null, null, '0', '0', '0', null, '1', null, null, null, null);
COMMIT;

-- ----------------------------
-- Table structure for cms_guestbook_type
-- ----------------------------
DROP TABLE IF EXISTS `cms_guestbook_type`;
CREATE TABLE `cms_guestbook_type` (
`f_guestbooktype_id`  int(11) NOT NULL ,
`f_site_id`  int(11) NOT NULL COMMENT '站点' ,
`f_name`  varchar(100) CHARACTER SET utf8 COLLATE utf8_general_ci NOT NULL COMMENT '名称' ,
`f_number`  varchar(100) CHARACTER SET utf8 COLLATE utf8_general_ci NULL DEFAULT NULL COMMENT '编码' ,
`f_seq`  int(11) NOT NULL DEFAULT 2147483647 COMMENT '排序' ,
`f_description`  varchar(255) CHARACTER SET utf8 COLLATE utf8_general_ci NULL DEFAULT NULL COMMENT '描述' ,
PRIMARY KEY (`f_guestbooktype_id`),
FOREIGN KEY (`f_site_id`) REFERENCES `cms_site` (`f_site_id`) ON DELETE RESTRICT ON UPDATE RESTRICT,
INDEX `fk_cms_guestbooktype_site` (`f_site_id`) USING BTREE 
)
ENGINE=InnoDB
DEFAULT CHARACTER SET=utf8 COLLATE=utf8_general_ci
COMMENT='留言板类型表'

;

-- ----------------------------
-- Records of cms_guestbook_type
-- ----------------------------
BEGIN;
INSERT INTO `cms_guestbook_type` VALUES ('1', '1', '咨询', 'zixun', '1', '咨询'), ('4', '1', '投诉', 'tousu', '2', '投诉'), ('5', '1', '建议', 'jianyi', '3', '建议'), ('6', '1', '反馈', 'fankui', '4', '反馈'), ('7', '1', '其他', 'qita', '5', '其他'), ('8', '1', '普通', 'putong', '0', null);
COMMIT;

-- ----------------------------
-- Table structure for cms_info
-- ----------------------------
DROP TABLE IF EXISTS `cms_info`;
CREATE TABLE `cms_info` (
`f_info_id`  int(11) NOT NULL ,
`f_org_id`  int(11) NOT NULL COMMENT '组织' ,
`f_creator_id`  int(11) NOT NULL COMMENT '创建者' ,
`f_site_id`  int(11) NOT NULL COMMENT '站点' ,
`f_node_id`  int(11) NOT NULL COMMENT '栏目' ,
`f_from_site_id`  int(11) NULL DEFAULT NULL COMMENT '推送来源站点' ,
`f_publish_date`  datetime NOT NULL COMMENT '发布日期' ,
`f_off_date`  datetime NULL DEFAULT NULL COMMENT '关闭日期' ,
`f_priority`  tinyint(4) NOT NULL DEFAULT 0 COMMENT '优先级' ,
`f_is_with_image`  char(1) CHARACTER SET utf8 COLLATE utf8_general_ci NOT NULL DEFAULT '0' COMMENT '是否包含图片' ,
`f_views`  int(11) NOT NULL DEFAULT 0 COMMENT '浏览总数' ,
`f_downloads`  int(11) NOT NULL DEFAULT 0 COMMENT '下载总数' ,
`f_comments`  int(11) NOT NULL DEFAULT 0 COMMENT '评论总数' ,
`f_diggs`  int(11) NOT NULL DEFAULT 0 COMMENT '顶' ,
`f_score`  int(11) NOT NULL DEFAULT 0 COMMENT '得分' ,
`f_favorites`  int(11) NOT NULL DEFAULT 0 COMMENT '收藏次数' ,
`f_status`  char(1) CHARACTER SET utf8 COLLATE utf8_general_ci NOT NULL DEFAULT 'A' COMMENT '状态(0:发起者,1-9:审核中,A:已发布,B:草稿,C:投稿,D:退稿,E:采集,F:待发布,G:已过期,X:回收站,Z:归档)' ,
`f_p0`  tinyint(4) NULL DEFAULT NULL COMMENT '自定义0' ,
`f_p1`  tinyint(4) NULL DEFAULT NULL COMMENT '自定义1' ,
`f_p2`  tinyint(4) NULL DEFAULT NULL COMMENT '自定义2' ,
`f_p3`  tinyint(4) NULL DEFAULT NULL COMMENT '自定义3' ,
`f_p4`  tinyint(4) NULL DEFAULT NULL COMMENT '自定义4' ,
`f_p5`  tinyint(4) NULL DEFAULT NULL COMMENT '自定义5' ,
`f_p6`  tinyint(4) NULL DEFAULT NULL COMMENT '自定义6' ,
`f_html_status`  char(1) CHARACTER SET utf8 COLLATE utf8_general_ci NOT NULL DEFAULT '0' COMMENT 'HTML状态(0:未开启,1:待生成,2:待更新,3:已生成)' ,
PRIMARY KEY (`f_info_id`),
FOREIGN KEY (`f_node_id`) REFERENCES `cms_node` (`f_node_id`) ON DELETE RESTRICT ON UPDATE RESTRICT,
FOREIGN KEY (`f_org_id`) REFERENCES `cms_org` (`f_org_id`) ON DELETE RESTRICT ON UPDATE RESTRICT,
FOREIGN KEY (`f_site_id`) REFERENCES `cms_site` (`f_site_id`) ON DELETE RESTRICT ON UPDATE RESTRICT,
FOREIGN KEY (`f_from_site_id`) REFERENCES `cms_site` (`f_site_id`) ON DELETE RESTRICT ON UPDATE RESTRICT,
FOREIGN KEY (`f_creator_id`) REFERENCES `cms_user` (`f_user_id`) ON DELETE RESTRICT ON UPDATE RESTRICT,
INDEX `fk_cms_info_node` (`f_node_id`) USING BTREE ,
INDEX `fk_cms_info_org` (`f_org_id`) USING BTREE ,
INDEX `fk_cms_info_site` (`f_site_id`) USING BTREE ,
INDEX `fk_cms_info_site_from` (`f_from_site_id`) USING BTREE ,
INDEX `fk_cms_info_user_creator` (`f_creator_id`) USING BTREE 
)
ENGINE=InnoDB
DEFAULT CHARACTER SET=utf8 COLLATE=utf8_general_ci
COMMENT='文档表'

;

-- ----------------------------
-- Records of cms_info
-- ----------------------------
BEGIN;
INSERT INTO `cms_info` VALUES ('24', '1', '1', '1', '42', null, '2013-03-18 01:40:28', null, '0', '0', '0', '0', '0', '0', '0', '0', 'A', null, null, null, null, null, null, null, '0'), ('25', '1', '1', '1', '42', null, '2013-03-18 01:43:00', null, '0', '1', '0', '0', '0', '0', '0', '0', 'A', null, null, null, null, null, null, null, '0'), ('30', '1', '1', '1', '44', null, '2013-08-05 17:31:32', null, '0', '0', '0', '0', '0', '0', '0', '0', 'A', null, null, null, null, null, null, null, '0'), ('32', '1', '1', '1', '44', null, '2014-03-06 07:31:32', null, '0', '1', '70', '0', '0', '1', '0', '0', 'A', null, null, null, null, null, null, null, '0'), ('46', '1', '1', '1', '38', null, '2013-08-11 01:09:43', null, '0', '1', '10', '0', '0', '0', '0', '0', 'A', null, null, null, null, null, null, null, '0'), ('78', '1', '1', '1', '88', null, '2014-03-06 06:51:58', null, '0', '1', '10', '0', '0', '0', '0', '0', 'A', null, null, null, null, null, null, null, '0'), ('83', '1', '1', '1', '79', null, '2013-08-06 09:32:47', null, '0', '1', '0', '6', '0', '0', '0', '0', 'A', null, null, null, null, null, null, null, '0'), ('93', '1', '1', '1', '78', null, '2013-08-08 07:32:47', null, '0', '1', '0', '5', '0', '0', '0', '0', 'A', null, null, null, null, null, null, null, '0'), ('94', '1', '1', '1', '84', null, '2014-03-05 07:35:46', null, '0', '1', '0', '0', '0', '0', '56', '0', 'A', null, '7', '0', null, null, null, null, '0'), ('95', '1', '1', '1', '85', null, '2014-03-21 09:50:20', null, '0', '1', '0', '0', '0', '0', '0', '0', 'A', null, '0', '0', null, null, null, null, '0'), ('97', '1', '1', '1', '83', null, '2013-08-08 09:26:09', null, '0', '1', '0', '0', '0', '0', '0', '0', 'A', null, '0', '0', null, null, null, null, '0'), ('98', '1', '1', '1', '83', null, '2013-08-12 01:33:02', null, '0', '1', '0', '0', '0', '0', '0', '0', 'A', null, '0', '0', null, null, null, null, '0'), ('129', '1', '1', '1', '84', null, '2014-04-01 09:42:55', null, '0', '1', '30', '0', '0', '0', '0', '0', 'A', null, '0', '0', null, null, null, null, '0'), ('130', '1', '1', '1', '83', null, '2014-04-01 14:26:53', null, '0', '1', '10', '0', '0', '0', '0', '0', 'A', null, '0', '0', null, null, null, null, '0'), ('131', '1', '1', '1', '96', null, '2014-03-06 06:14:31', null, '0', '1', '0', '0', '0', '0', '0', '0', 'A', null, '0', '0', null, null, null, null, '0'), ('132', '1', '1', '1', '95', null, '2014-04-01 10:17:56', null, '0', '1', '0', '0', '0', '0', '3', '0', 'A', null, '0', '0', null, null, null, null, '0'), ('133', '1', '1', '1', '79', null, '2014-04-01 16:17:47', null, '0', '1', '0', '1', '0', '0', '0', '0', 'A', null, null, null, null, null, null, null, '0'), ('134', '1', '1', '1', '79', null, '2014-04-01 16:42:25', null, '0', '1', '0', '0', '0', '0', '0', '0', 'A', null, null, null, null, null, null, null, '0'), ('135', '1', '1', '1', '77', null, '2014-04-01 16:44:23', null, '0', '1', '10', '4', '0', '1', '0', '0', 'A', null, null, null, null, null, null, null, '0'), ('136', '1', '1', '1', '77', null, '2014-04-01 16:47:02', null, '0', '1', '10', '1', '0', '0', '0', '0', 'A', null, null, null, null, null, null, null, '0'), ('141', '1', '1', '1', '88', null, '2014-03-07 22:15:56', null, '0', '1', '20', '0', '0', '0', '0', '0', 'A', null, null, null, null, null, null, null, '0'), ('142', '1', '1', '1', '87', null, '2014-04-03 23:05:08', null, '0', '1', '10', '0', '0', '0', '0', '0', 'A', null, null, null, null, null, null, null, '0'), ('148', '1', '1', '1', '78', null, '2014-04-05 13:40:11', null, '0', '1', '10', '4', '0', '1', '0', '0', 'A', null, null, null, null, null, null, null, '0'), ('149', '1', '1', '1', '78', null, '2014-04-05 13:41:40', null, '0', '1', '0', '1', '0', '0', '0', '0', 'A', null, null, null, null, null, null, null, '0'), ('150', '1', '1', '1', '79', null, '2014-04-05 13:43:23', null, '0', '1', '10', '3', '0', '0', '0', '0', 'A', null, null, null, null, null, null, null, '0'), ('162', '1', '1', '1', '93', null, '2014-11-26 17:52:33', null, '0', '1', '0', '0', '0', '0', '0', '0', 'A', null, null, null, null, null, null, null, '0'), ('163', '1', '1', '1', '94', null, '2014-11-26 17:52:43', null, '0', '1', '20', '0', '0', '0', '0', '0', 'A', null, null, null, null, null, null, null, '0'), ('180', '1', '1', '1', '44', null, '2015-12-23 21:01:57', null, '0', '0', '0', '0', '0', '0', '0', '0', 'X', null, null, null, null, null, null, null, '0'), ('221', '1', '1', '1', '79', null, '2018-07-27 03:41:48', null, '0', '0', '0', '3', '0', '1', '0', '0', 'A', null, null, null, null, null, null, null, '0'), ('241', '1', '1', '1', '69', null, '2018-07-28 03:06:49', null, '0', '0', '0', '0', '0', '0', '0', '0', 'A', null, null, null, null, null, null, null, '0'), ('251', '1', '1', '1', '69', null, '2018-07-28 03:22:31', null, '0', '0', '0', '0', '0', '0', '0', '0', 'A', null, null, null, null, null, null, null, '0'), ('252', '1', '1', '1', '69', null, '2018-07-28 03:25:54', null, '0', '0', '0', '0', '0', '0', '0', '0', 'A', null, null, null, null, null, null, null, '0'), ('253', '1', '1', '1', '69', null, '2018-07-28 03:27:10', null, '0', '0', '0', '0', '0', '0', '0', '0', 'A', null, null, null, null, null, null, null, '0'), ('254', '1', '1', '1', '69', null, '2018-07-28 03:29:03', null, '0', '0', '0', '0', '0', '0', '0', '0', 'A', null, null, null, null, null, null, null, '0'), ('255', '1', '1', '1', '69', null, '2018-07-28 03:30:07', null, '0', '0', '0', '0', '0', '0', '0', '0', 'A', null, null, null, null, null, null, null, '0'), ('256', '1', '1', '1', '69', null, '2018-07-28 03:34:30', null, '0', '0', '0', '0', '0', '0', '0', '0', 'A', null, null, null, null, null, null, null, '0'), ('257', '1', '1', '1', '69', null, '2018-07-28 03:35:32', null, '0', '0', '0', '0', '0', '0', '0', '0', 'A', null, null, null, null, null, null, null, '0'), ('258', '1', '1', '1', '69', null, '2018-07-28 03:36:08', null, '0', '0', '0', '0', '0', '0', '0', '0', 'A', null, null, null, null, null, null, null, '0'), ('259', '1', '1', '1', '69', null, '2018-07-28 03:36:47', null, '0', '0', '0', '0', '0', '0', '0', '0', 'A', null, null, null, null, null, null, null, '0'), ('260', '1', '1', '1', '69', null, '2018-07-28 03:37:27', null, '0', '0', '0', '0', '0', '0', '0', '0', 'A', null, null, null, null, null, null, null, '0'), ('261', '1', '1', '1', '69', null, '2018-07-28 03:38:01', null, '0', '0', '0', '0', '0', '0', '0', '0', 'A', null, null, null, null, null, null, null, '0'), ('262', '1', '1', '1', '40', null, '2018-07-28 05:24:44', null, '0', '0', '0', '0', '0', '0', '0', '1', 'A', null, null, null, null, null, null, null, '0'), ('271', '1', '1', '1', '40', null, '2018-07-29 11:32:33', null, '0', '1', '0', '0', '0', '0', '0', '0', 'C', null, null, null, null, null, null, null, '0'), ('281', '1', '1', '1', '90', null, '2018-07-29 14:18:33', null, '0', '1', '0', '0', '0', '0', '0', '0', 'A', null, null, null, null, null, null, null, '0'), ('291', '1', '1', '1', '40', null, '2018-07-29 18:06:24', null, '0', '1', '0', '0', '0', '0', '0', '0', 'A', null, null, null, null, null, null, null, '0'), ('292', '1', '1', '1', '40', null, '2018-07-29 18:46:45', null, '0', '1', '0', '0', '0', '0', '0', '0', 'A', null, null, null, null, null, null, null, '0');
COMMIT;

-- ----------------------------
-- Table structure for cms_info_attribute
-- ----------------------------
DROP TABLE IF EXISTS `cms_info_attribute`;
CREATE TABLE `cms_info_attribute` (
`f_info_id`  int(11) NOT NULL COMMENT '文档' ,
`f_attribute_id`  int(11) NOT NULL COMMENT '属性' ,
`f_image`  varchar(255) CHARACTER SET utf8 COLLATE utf8_general_ci NULL DEFAULT NULL COMMENT '属性图片' ,
FOREIGN KEY (`f_attribute_id`) REFERENCES `cms_attribute` (`f_attribute_id`) ON DELETE RESTRICT ON UPDATE RESTRICT,
FOREIGN KEY (`f_info_id`) REFERENCES `cms_info` (`f_info_id`) ON DELETE RESTRICT ON UPDATE RESTRICT,
INDEX `fk_cms_infoattr_attribute` (`f_attribute_id`) USING BTREE ,
INDEX `fk_cms_infoattr_info` (`f_info_id`) USING BTREE 
)
ENGINE=InnoDB
DEFAULT CHARACTER SET=utf8 COLLATE=utf8_general_ci
COMMENT='文档与属性关联表'

;

-- ----------------------------
-- Records of cms_info_attribute
-- ----------------------------
BEGIN;
INSERT INTO `cms_info_attribute` VALUES ('32', '2', null), ('129', '8', 'http://demo.jspxcms.com/uploads/1/image/public/201411/20141117143045_2k8pdv6ke2.jpg'), ('150', '9', 'http://demo.jspxcms.com/uploads/1/image/public/201411/20141126104341_820t7k7ni5.jpg'), ('131', '8', 'http://demo.jspxcms.com/uploads/1/image/public/201412/20141217121217_xygn4sr97r.jpg'), ('95', '8', 'http://demo.jspxcms.com/uploads/1/image/public/201412/20141217121228_v1xqvymjqm.jpg'), ('94', '8', 'http://demo.jspxcms.com/uploads/1/image/public/201412/20141217121239_rdsuk10yp3.jpg'), ('149', '9', 'http://demo.jspxcms.com/uploads/1/image/public/201501/20150106121017_ddtjahwl4v.jpg'), ('148', '9', 'http://demo.jspxcms.com/uploads/1/image/public/201501/20150106121145_0pkk7m2ona.jpg'), ('134', '9', 'http://demo.jspxcms.com/uploads/1/image/public/201501/20150106121659_wngcl3a15m.jpg'), ('133', '9', 'http://demo.jspxcms.com/uploads/1/image/public/201501/20150106181224_jcbv9dec2s.jpg'), ('30', '2', null), ('32', '12', '/uploads/1/image/public/201807/20180729100836_x3rip1w2dj.jpg'), ('78', '12', '/uploads/1/image/public/201807/20180729101538_8j0979tnkv.jpg'), ('141', '12', '/uploads/1/image/public/201807/20180730132516_kkhok2uok8.jpg'), ('46', '12', '/uploads/1/image/public/201807/20180729102502_co87oswyxm.jpg'), ('241', '2', null), ('281', '12', '/uploads/1/image/public/201807/20180730132315_bh86pae1l1.jpeg'), ('141', '6', '/uploads/1/image/public/201807/20180730132456_lee3ltat12.jpg'), ('142', '6', 'http://demo.jspxcms.com/uploads/1/image/public/201404/20140403230505_vxnp2f.jpg'), ('25', '5', '/uploads/1/image/public/201807/20180729174624_7lsnv3tw11.jpg'), ('46', '10', '/uploads/1/image/public/201807/20180730133023_d80hyho3ys.jpg'), ('25', '2', null), ('25', '12', '/uploads/1/image/public/201807/20180730132847_5dn1ctvrlf.jpg');
COMMIT;

-- ----------------------------
-- Table structure for cms_info_buffer
-- ----------------------------
DROP TABLE IF EXISTS `cms_info_buffer`;
CREATE TABLE `cms_info_buffer` (
`f_info_id`  int(11) NOT NULL ,
`f_views`  int(11) NOT NULL DEFAULT 0 COMMENT '浏览次数' ,
`f_downloads`  int(11) NOT NULL DEFAULT 0 COMMENT '下载次数' ,
`f_comments`  int(11) NOT NULL DEFAULT 0 COMMENT '评论次数' ,
`f_involveds`  int(11) NOT NULL DEFAULT 0 COMMENT '评论参与人数' ,
`f_diggs`  int(11) NOT NULL DEFAULT 0 COMMENT '顶' ,
`f_burys`  int(11) NOT NULL DEFAULT 0 COMMENT '踩' ,
`f_score`  int(11) NOT NULL DEFAULT 0 COMMENT '得分' ,
PRIMARY KEY (`f_info_id`),
FOREIGN KEY (`f_info_id`) REFERENCES `cms_info` (`f_info_id`) ON DELETE RESTRICT ON UPDATE RESTRICT
)
ENGINE=InnoDB
DEFAULT CHARACTER SET=utf8 COLLATE=utf8_general_ci
COMMENT='文档缓冲表'

;

-- ----------------------------
-- Records of cms_info_buffer
-- ----------------------------
BEGIN;
INSERT INTO `cms_info_buffer` VALUES ('24', '4', '0', '0', '0', '0', '0', '0'), ('25', '2', '0', '0', '0', '0', '0', '0'), ('30', '1', '0', '0', '0', '0', '0', '0'), ('32', '8', '0', '0', '0', '0', '0', '1'), ('46', '9', '0', '0', '0', '0', '0', '0'), ('78', '9', '0', '0', '0', '0', '0', '0'), ('83', '8', '0', '0', '0', '0', '1', '0'), ('93', '3', '0', '0', '0', '0', '0', '9'), ('94', '7', '0', '0', '0', '0', '0', '9'), ('95', '7', '0', '0', '0', '0', '0', '3'), ('97', '5', '0', '0', '0', '0', '0', '8'), ('98', '7', '0', '0', '0', '0', '0', '2'), ('129', '6', '0', '0', '0', '0', '0', '0'), ('130', '7', '0', '0', '0', '0', '0', '9'), ('131', '1', '0', '0', '0', '0', '0', '0'), ('132', '6', '0', '0', '0', '0', '0', '0'), ('133', '1', '0', '0', '0', '0', '0', '0'), ('134', '3', '0', '0', '0', '0', '0', '0'), ('135', '0', '0', '0', '0', '0', '0', '0'), ('136', '8', '0', '0', '0', '0', '0', '0'), ('141', '4', '0', '0', '0', '0', '0', '0'), ('142', '0', '0', '0', '0', '0', '0', '0'), ('148', '1', '0', '0', '0', '0', '0', '0'), ('149', '4', '0', '0', '0', '0', '0', '0'), ('150', '7', '0', '0', '0', '0', '0', '0'), ('162', '3', '0', '0', '0', '0', '0', '0'), ('163', '3', '0', '0', '0', '0', '0', '0'), ('180', '0', '0', '0', '0', '0', '0', '0'), ('221', '8', '0', '0', '0', '0', '0', '0'), ('241', '2', '0', '0', '0', '0', '0', '0'), ('251', '0', '0', '0', '0', '0', '0', '0'), ('252', '0', '0', '0', '0', '0', '0', '0'), ('253', '1', '0', '0', '0', '0', '0', '0'), ('254', '0', '0', '0', '0', '0', '0', '0'), ('255', '0', '0', '0', '0', '0', '0', '0'), ('256', '0', '0', '0', '0', '0', '0', '0'), ('257', '0', '0', '0', '0', '0', '0', '0'), ('258', '0', '0', '0', '0', '0', '0', '0'), ('259', '0', '0', '0', '0', '0', '0', '0'), ('260', '3', '0', '0', '0', '0', '0', '0'), ('261', '4', '0', '0', '0', '0', '0', '0'), ('262', '6', '0', '0', '0', '0', '0', '0'), ('271', '0', '0', '0', '0', '0', '0', '0'), ('281', '3', '0', '0', '0', '0', '0', '0'), ('291', '4', '0', '0', '0', '0', '0', '0'), ('292', '2', '0', '0', '0', '0', '0', '0');
COMMIT;

-- ----------------------------
-- Table structure for cms_info_clob
-- ----------------------------
DROP TABLE IF EXISTS `cms_info_clob`;
CREATE TABLE `cms_info_clob` (
`f_info_id`  int(11) NOT NULL ,
`f_key`  varchar(50) CHARACTER SET utf8 COLLATE utf8_general_ci NOT NULL COMMENT '键' ,
`f_value`  mediumtext CHARACTER SET utf8 COLLATE utf8_general_ci NULL COMMENT '值' ,
FOREIGN KEY (`f_info_id`) REFERENCES `cms_info` (`f_info_id`) ON DELETE RESTRICT ON UPDATE RESTRICT,
INDEX `fk_cms_infoclob_info` (`f_info_id`) USING BTREE 
)
ENGINE=InnoDB
DEFAULT CHARACTER SET=utf8 COLLATE=utf8_general_ci
COMMENT='文档大字段表'

;

-- ----------------------------
-- Records of cms_info_clob
-- ----------------------------
BEGIN;
INSERT INTO `cms_info_clob` VALUES ('24', 'text', '<p>&nbsp;</p><p style=\"text-align:center;\"><img alt=\"\" src=\"http://demo.jspxcms.com/uploads/1/image/public/201308/20130813071000_kk4cm0.jpg\" style=\"width: 500px; height: 336px; \"/></p><p style=\"text-align:center;\"><span style=\"color: rgb(0, 0, 0); font-family: 宋体, Arial, sans-serif; font-size: 16px; line-height: 28px; \">少林足球</span></p><p>近日，有关登封武校将少林功夫融入足球，培训足球运动员的新鲜事儿在网上流传，引起社会各界的关注。</p><p>8月6日下午，记者电话采访了嵩山少林寺武僧团培训基地总教头释延鲁。释延鲁说，8月2日全国第六届高校足球教练培训研讨会在登封举行，他向与会的70多位国内各高校的足球教练员阐述了他的观点。释延鲁认为，武术和足球两者可&amp;ldquo;强强联合&amp;rdquo;，少林功夫中的腿法如十二路弹腿、桩功和其他拳法，对提高学生的脚法、抗撞击能力和身体协调性有很大帮助，可将这些技能融入足球之中，希望能对提升足球的训练水平有所帮助。</p><p>释延鲁说，他们已经就功夫与足球的结合，做了技术性的研究，并已付诸行动。早在2010年10月，少林寺武僧团培训基地就已开始组建青少年足球队。据介绍，目前少林武僧团培训基地与河南建业集团联合，规划建设少林建业国际足球学校。该项目今年2月26日奠基，计划投资20亿元，包括一个足球学校、一个体育场和两个体育馆等。</p>'), ('25', 'text', '<p>&nbsp;</p><p>北京警方10日通报，8月7日警方出动300名警力，对藏匿于一栋大厦内侵害公民个人信息的犯罪团伙实施抓捕，299名嫌犯落网，其中刑事拘留95人、行政拘留204人，并缴获数十箱公民个人信息名单。目前，涉案公司总裁仍在逃。</p><p>北京市公安局丰台分局副局长郑威在10日的新闻发布会上介绍说，今年8月初，警方侦查发现，位于北京南三环一栋大厦内的某收藏品文化交流中心，涉嫌非法获取公民个人信息，实施违法犯罪活动。该公司机构庞大、组织严密。</p><p>据侦破此案的警方介绍，该公司拥有400多名员工，下设23个部门，其中技术部被称为公司的核心机密部门，有7名员工，他们每天的任务是通过互联网等途径盗取大量公民个人信息，再经过分析梳理汇总后，输送到公司本部，分发到各个营销部门。为逃避打击，技术部的办公地点远离公司本部。</p><p>警方调查发现，该公司推销的所谓收藏品均是从旧货市场、集币市场、纪念品制造厂家廉价收购的，这些低价的钱币、古玩，经过精美包装，配上公司自制的收藏证书，向客户高价销售。</p><p>该公司招聘的近300名话务员经过培训，按照盗取的公民信息，用掌握的话术技巧虚构藏品价值，诱骗客户购买。每名话务员每天至少拨打200个以上电话进行推销。从查获该公司相关数据显示，其交易量3万余笔，交易额上亿元人民币。</p><p>经审查嫌犯交代，涉案公司总裁为辽宁省人韩某，日常管理由张某等3个副总裁负责。目前，张某及400余名员工正在接受警方调查。警方对在逃的韩某展开抓捕。</p>'), ('30', 'text', '<p style=\"text-indent: 2em\">据美联社3月18日报道，瑞典智库斯德哥尔摩国际和平研究所(SIPRI)18日称，中国已取代英国成为世界第五大常规武器出口国。</p><p style=\"text-indent: 2em\">SIPRI在报告中称，中国在过去5年(2008-2012)中武器出口总量增长了163%，国际军火市场占有份额从2%增至5%，同时排名也从之前的第八升至第五。</p><p style=\"text-indent: 2em\">报告称，中国武器的最大买家来自巴基斯坦，其购买量占到中国常规武器总出口量的55%，紧随其后的是缅甸和孟加拉国，在中国武器出口中的占比分别为8%和7%。</p><p style=\"text-indent: 2em\">针对国际社会对近年来中国武器出口的关注，中国国防部发言人耿雁生曾表示，中国在武器出口问题上，一直严格遵循三项原则：一是有助于接收国的正当防卫能力;二是不损害有关地区和世界的和平、安全与稳定;三是不干涉接收国的内政。耿雁生表示，中国严格遵守<span class=\"infoMblog      \">联合国</span>有关决议，建立了一套完备的军品出口管制法规体系，武器出口都是合法的、负责任的。</p>'), ('32', 'text', '<p>　　国家天文台月基天文望远镜项目组在探月工程地面应用系统的支持下，利用月基光学望远镜获得了月球外逸层中羟基（水）密度的上限值的最新值（柱密度&lt;1011cm−2，体密度不高于~104cm−3），是人类迄今为止在这一领域所获得的最好结果。这一结果比利用美国哈勃空间望远镜(HST)获得的上限低了将近100倍，否定了印度和美国联合研制的ChandrayannI/CHACE探测器的结果（见下表）， 而且与溅射理论的预期大致相符。该研究结果已被国际SCI期刊《行星与空间科学》（Planetary and Space Science）接收。&nbsp;</p><p>　　月球表面存在极端稀薄的大气（通常称之为外逸层）。现在普遍的观点认为月球外逸层的来源是岩石中的原子或分子通过微流星轰击，紫外光子受激脱附以及质子溅射等方式逃逸到月球外逸层中。由于外逸层极端稀薄，测量其化学成分和含量一直是一个挑战。&nbsp;</p><p>　　在众多的成分中，最受关注的是大气中的水分子或羟基分子。水不仅在行星形成和演化中扮演着重要角色，而且是生命存在的保障。最近Chandrayann和Cassini的探测通过月表红外反射光谱揭示了月球岩石中富含化学吸附的水或羟基分子。理论上，这些羟基分子可以通过上述的多种方式逃逸到外逸层中。但是，迄今为止，所有的关于外逸层中水或羟基含量的测量结果都比理论预期高出了2-6个数量级。&nbsp;</p><p>　　受到太阳辐照的作用，羟基分子在3087Å有一个共振散射发射带。它的波长正好落在月基光学望远镜的探测带宽内，这使得我们能够利用月基光学望远镜拍摄的月面天空背景辐射来反演出外逸层中羟基分子的含量。在计算并排除了黄道光的贡献，并假设天空背景完全是由羟基分子的共振发射所贡献后（图像背景中含有无法完全分离的杂散光的贡献），我们得到了迄今为止人类所获得的外逸层中羟基密度的最低上限值。另外，通过类似的方法，所获得的中性镁原子密度上限也比之前的结果降低了约100倍。</p><p><br/></p>'), ('46', 'text', '<div yne-bulb-block=\"paragraph\" style=\"white-space: pre-wrap; line-height: 1.75; font-size: 14px;\">e60cm的后随结果。</div><div yne-bulb-block=\"paragraph\" style=\"white-space: pre-wrap; line-height: 1.75; font-size: 14px;\">R＝12.37-14.73</div><div yne-bulb-block=\"paragraph\" style=\"white-space: pre-wrap; line-height: 1.75; font-size: 14px;\">星表中的信息</div><div yne-bulb-block=\"paragraph\" style=\"white-space: pre-wrap; line-height: 1.75; font-size: 14px;\">B～17.26</div><div yne-bulb-block=\"paragraph\" style=\"white-space: pre-wrap; line-height: 1.75; font-size: 14px;\">R～14.80</div><div yne-bulb-block=\"paragraph\" style=\"white-space: pre-wrap; line-height: 1.75; font-size: 14px;\">J～12.42</div><div yne-bulb-block=\"paragraph\" style=\"white-space: pre-wrap; line-height: 1.75; font-size: 14px;\">K～11.52</div><p><!--5f39ae17-8c62-4a45-bc43-b32064c9388a:W3siYmxvY2tJZCI6Ijc3eW1yZDE0ODU5NzU2NTI2NDkiLCJibG9ja1R5cGUiOiJwYXJhZ3JhcGgiLCJzdHlsZXMiOnsiYWxpZ24iOiJsZWZ0IiwiaW5kZW50IjowLCJ0ZXh0LWluZGVudCI6MCwibGluZS1oZWlnaHQiOjEuNzUsImJhY2stY29sb3IiOiIiLCJwYWRkaW5nIjoiIn0sInR5cGUiOiJwYXJhZ3JhcGgiLCJyaWNoVGV4dCI6eyJkYXRhIjpbeyJjaGFyIjoiZSJ9LHsiY2hhciI6IjYifSx7ImNoYXIiOiIwIn0seyJjaGFyIjoiYyJ9LHsiY2hhciI6Im0ifSx7ImNoYXIiOiLnmoQifSx7ImNoYXIiOiLlkI4ifSx7ImNoYXIiOiLpmo8ifSx7ImNoYXIiOiLnu5MifSx7ImNoYXIiOiLmnpwifSx7ImNoYXIiOiLjgIIifV0sImlzUmljaFRleHQiOnRydWUsImtlZXBMaW5lQnJlYWsiOnRydWV9fSx7ImJsb2NrSWQiOiIzNnVqaWExNDg1OTc1NjU5MDI3IiwiYmxvY2tUeXBlIjoicGFyYWdyYXBoIiwic3R5bGVzIjp7ImFsaWduIjoibGVmdCIsImluZGVudCI6MCwidGV4dC1pbmRlbnQiOjAsImxpbmUtaGVpZ2h0IjoxLjc1LCJiYWNrLWNvbG9yIjoiIiwicGFkZGluZyI6IiJ9LCJ0eXBlIjoicGFyYWdyYXBoIiwicmljaFRleHQiOnsiZGF0YSI6W10sImlzUmljaFRleHQiOnRydWUsImtlZXBMaW5lQnJlYWsiOnRydWV9fSx7ImJsb2NrSWQiOiI3NHZtbXAxNDg1OTc1NjI2MzgxIiwiYmxvY2tUeXBlIjoicGFyYWdyYXBoIiwic3R5bGVzIjp7ImFsaWduIjoibGVmdCIsImluZGVudCI6MCwidGV4dC1pbmRlbnQiOjAsImxpbmUtaGVpZ2h0IjoxLjc1LCJiYWNrLWNvbG9yIjoiIiwicGFkZGluZyI6IiJ9LCJ0eXBlIjoicGFyYWdyYXBoIiwicmljaFRleHQiOnsiZGF0YSI6W3siY2hhciI6IlIifSx7ImNoYXIiOiLvvJ0ifSx7ImNoYXIiOiIxIn0seyJjaGFyIjoiMiJ9LHsiY2hhciI6Ii4ifSx7ImNoYXIiOiIzIn0seyJjaGFyIjoiNyJ9LHsiY2hhciI6Ii0ifSx7ImNoYXIiOiIxIn0seyJjaGFyIjoiNCJ9LHsiY2hhciI6Ii4ifSx7ImNoYXIiOiI3In0seyJjaGFyIjoiMyJ9XSwiaXNSaWNoVGV4dCI6dHJ1ZSwia2VlcExpbmVCcmVhayI6dHJ1ZX19LHsiYmxvY2tJZCI6Ijgwd2p3ajE0ODU5NzU2MjYzODEiLCJibG9ja1R5cGUiOiJwYXJhZ3JhcGgiLCJzdHlsZXMiOnsiYWxpZ24iOiJsZWZ0IiwiaW5kZW50IjowLCJ0ZXh0LWluZGVudCI6MCwibGluZS1oZWlnaHQiOjEuNzUsImJhY2stY29sb3IiOiIiLCJwYWRkaW5nIjoiIn0sInR5cGUiOiJwYXJhZ3JhcGgiLCJyaWNoVGV4dCI6eyJkYXRhIjpbXSwiaXNSaWNoVGV4dCI6dHJ1ZSwia2VlcExpbmVCcmVhayI6dHJ1ZX19LHsiYmxvY2tJZCI6IjQzZnZmajE0ODU5NzU3NDQ5NzgiLCJibG9ja1R5cGUiOiJwYXJhZ3JhcGgiLCJzdHlsZXMiOnsiYWxpZ24iOiJsZWZ0IiwiaW5kZW50IjowLCJ0ZXh0LWluZGVudCI6MCwibGluZS1oZWlnaHQiOjEuNzUsImJhY2stY29sb3IiOiIiLCJwYWRkaW5nIjoiIn0sInR5cGUiOiJwYXJhZ3JhcGgiLCJyaWNoVGV4dCI6eyJkYXRhIjpbeyJjaGFyIjoi5pifIn0seyJjaGFyIjoi6KGoIn0seyJjaGFyIjoi5LitIn0seyJjaGFyIjoi55qEIn0seyJjaGFyIjoi5L+hIn0seyJjaGFyIjoi5oGvIn1dLCJpc1JpY2hUZXh0Ijp0cnVlLCJrZWVwTGluZUJyZWFrIjp0cnVlfX0seyJibG9ja0lkIjoiMTZxd3pnMTQ4NTk3NTc1Mjk5NiIsImJsb2NrVHlwZSI6InBhcmFncmFwaCIsInN0eWxlcyI6eyJhbGlnbiI6ImxlZnQiLCJpbmRlbnQiOjAsInRleHQtaW5kZW50IjowLCJsaW5lLWhlaWdodCI6MS43NSwiYmFjay1jb2xvciI6IiIsInBhZGRpbmciOiIifSwidHlwZSI6InBhcmFncmFwaCIsInJpY2hUZXh0Ijp7ImRhdGEiOltdLCJpc1JpY2hUZXh0Ijp0cnVlLCJrZWVwTGluZUJyZWFrIjp0cnVlfX0seyJibG9ja0lkIjoiOTdtZnNlMTQ4NTk3NTYyNjM4MSIsImJsb2NrVHlwZSI6InBhcmFncmFwaCIsInN0eWxlcyI6eyJhbGlnbiI6ImxlZnQiLCJpbmRlbnQiOjAsInRleHQtaW5kZW50IjowLCJsaW5lLWhlaWdodCI6MS43NSwiYmFjay1jb2xvciI6IiIsInBhZGRpbmciOiIifSwidHlwZSI6InBhcmFncmFwaCIsInJpY2hUZXh0Ijp7ImRhdGEiOlt7ImNoYXIiOiJCIn0seyJjaGFyIjoi772eIn0seyJjaGFyIjoiMSJ9LHsiY2hhciI6IjcifSx7ImNoYXIiOiIuIn0seyJjaGFyIjoiMiJ9LHsiY2hhciI6IjYifV0sImlzUmljaFRleHQiOnRydWUsImtlZXBMaW5lQnJlYWsiOnRydWV9fSx7ImJsb2NrSWQiOiI3M2Z5dnYxNDg1OTc1NjI2MzgxIiwiYmxvY2tUeXBlIjoicGFyYWdyYXBoIiwic3R5bGVzIjp7ImFsaWduIjoibGVmdCIsImluZGVudCI6MCwidGV4dC1pbmRlbnQiOjAsImxpbmUtaGVpZ2h0IjoxLjc1LCJiYWNrLWNvbG9yIjoiIiwicGFkZGluZyI6IiJ9LCJ0eXBlIjoicGFyYWdyYXBoIiwicmljaFRleHQiOnsiZGF0YSI6W3siY2hhciI6IlIifSx7ImNoYXIiOiLvvZ4ifSx7ImNoYXIiOiIxIn0seyJjaGFyIjoiNCJ9LHsiY2hhciI6Ii4ifSx7ImNoYXIiOiI4In0seyJjaGFyIjoiMCJ9XSwiaXNSaWNoVGV4dCI6dHJ1ZSwia2VlcExpbmVCcmVhayI6dHJ1ZX19LHsiYmxvY2tJZCI6IjE3bnVieTE0ODU5NzU2MjYzODEiLCJibG9ja1R5cGUiOiJwYXJhZ3JhcGgiLCJzdHlsZXMiOnsiYWxpZ24iOiJsZWZ0IiwiaW5kZW50IjowLCJ0ZXh0LWluZGVudCI6MCwibGluZS1oZWlnaHQiOjEuNzUsImJhY2stY29sb3IiOiIiLCJwYWRkaW5nIjoiIn0sInR5cGUiOiJwYXJhZ3JhcGgiLCJyaWNoVGV4dCI6eyJkYXRhIjpbeyJjaGFyIjoiSiJ9LHsiY2hhciI6Iu+9niJ9LHsiY2hhciI6IjEifSx7ImNoYXIiOiIyIn0seyJjaGFyIjoiLiJ9LHsiY2hhciI6IjQifSx7ImNoYXIiOiIyIn1dLCJpc1JpY2hUZXh0Ijp0cnVlLCJrZWVwTGluZUJyZWFrIjp0cnVlfX0seyJibG9ja0lkIjoiNTZjdHFyMTQ4NTk3NTYyNjM4MSIsImJsb2NrVHlwZSI6InBhcmFncmFwaCIsInN0eWxlcyI6eyJhbGlnbiI6ImxlZnQiLCJpbmRlbnQiOjAsInRleHQtaW5kZW50IjowLCJsaW5lLWhlaWdodCI6MS43NSwiYmFjay1jb2xvciI6IiIsInBhZGRpbmciOiIifSwidHlwZSI6InBhcmFncmFwaCIsInJpY2hUZXh0Ijp7ImRhdGEiOlt7ImNoYXIiOiJLIn0seyJjaGFyIjoi772eIn0seyJjaGFyIjoiMSJ9LHsiY2hhciI6IjEifSx7ImNoYXIiOiIuIn0seyJjaGFyIjoiNSJ9LHsiY2hhciI6IjIifV0sImlzUmljaFRleHQiOnRydWUsImtlZXBMaW5lQnJlYWsiOnRydWV9fV0=--></p><div yne-bulb-block=\"paragraph\" style=\"white-space: pre-wrap; line-height: 1.75; font-size: 14px;\">以下是有待进行流量定标的光变曲线（横轴单位为天）</div><div yne-bulb-block=\"paragraph\" style=\"white-space: pre-wrap; line-height: 1.75; font-size: 14px;\">2017-03-27： 修正了时间，<span style=\"background-color: rgb(255, 255, 255);\">据miniGWAC和60厘米后随的光变推算，miniGWAC的时间可能快4分钟左右。</span></div><div yne-bulb-block=\"paragraph\" style=\"white-space: pre-wrap; line-height: 1.75; font-size: 14px;\"><span style=\"background-color: rgb(255, 255, 255);\"> &nbsp; &nbsp; &nbsp; &nbsp; &nbsp; &nbsp; &nbsp; &nbsp; &nbsp; &nbsp; &nbsp; R波段耀发约3.5等，60厘米后随最暗时与宁静态的亮度相当。</span></div><div yne-bulb-block=\"paragraph\" style=\"white-space: pre-wrap; line-height: 1.75; font-size: 14px;\"><span style=\"background-color: rgb(255, 255, 255);\"> &nbsp; &nbsp; &nbsp; &nbsp; &nbsp; &nbsp; &nbsp; &nbsp; &nbsp; &nbsp; &nbsp; &nbsp;耀发过程持续约100分钟。</span></div><p><!--5f39ae17-8c62-4a45-bc43-b32064c9388a:W3siYmxvY2tJZCI6IjIxeGt1bjE0ODcxMTQxMzk0MjkiLCJibG9ja1R5cGUiOiJwYXJhZ3JhcGgiLCJzdHlsZXMiOnsiYWxpZ24iOiJsZWZ0IiwiaW5kZW50IjowLCJ0ZXh0LWluZGVudCI6MCwibGluZS1oZWlnaHQiOjEuNzUsImJhY2stY29sb3IiOiIiLCJwYWRkaW5nIjoiIn0sInR5cGUiOiJwYXJhZ3JhcGgiLCJyaWNoVGV4dCI6eyJkYXRhIjpbeyJjaGFyIjoi5LulIn0seyJjaGFyIjoi5LiLIn0seyJjaGFyIjoi5pivIn0seyJjaGFyIjoi5pyJIn0seyJjaGFyIjoi5b6FIn0seyJjaGFyIjoi6L+bIn0seyJjaGFyIjoi6KGMIn0seyJjaGFyIjoi5rWBIn0seyJjaGFyIjoi6YePIn0seyJjaGFyIjoi5a6aIn0seyJjaGFyIjoi5qCHIn0seyJjaGFyIjoi55qEIn0seyJjaGFyIjoi5YWJIn0seyJjaGFyIjoi5Y+YIn0seyJjaGFyIjoi5puyIn0seyJjaGFyIjoi57q/In0seyJjaGFyIjoi77yIIn0seyJjaGFyIjoi5qiqIn0seyJjaGFyIjoi6L20In0seyJjaGFyIjoi5Y2VIn0seyJjaGFyIjoi5L2NIn0seyJjaGFyIjoi5Li6In0seyJjaGFyIjoi5aSpIn0seyJjaGFyIjoi77yJIn1dLCJpc1JpY2hUZXh0Ijp0cnVlLCJrZWVwTGluZUJyZWFrIjp0cnVlfX0seyJibG9ja0lkIjoiMThyeGhwMTQ5MDYwNjQxODMyOSIsImJsb2NrVHlwZSI6InBhcmFncmFwaCIsInN0eWxlcyI6eyJhbGlnbiI6ImxlZnQiLCJpbmRlbnQiOjAsInRleHQtaW5kZW50IjowLCJsaW5lLWhlaWdodCI6MS43NSwiYmFjay1jb2xvciI6IiIsInBhZGRpbmciOiIifSwidHlwZSI6InBhcmFncmFwaCIsInJpY2hUZXh0Ijp7ImRhdGEiOlt7ImNoYXIiOiIyIn0seyJjaGFyIjoiMCJ9LHsiY2hhciI6IjEifSx7ImNoYXIiOiI3In0seyJjaGFyIjoiLSJ9LHsiY2hhciI6IjAifSx7ImNoYXIiOiIzIn0seyJjaGFyIjoiLSJ9LHsiY2hhciI6IjIifSx7ImNoYXIiOiI3In0seyJjaGFyIjoi77yaIn0seyJjaGFyIjoiICJ9LHsiY2hhciI6IuS/riJ9LHsiY2hhciI6IuatoyJ9LHsiY2hhciI6IuS6hiJ9LHsiY2hhciI6IuaXtiJ9LHsiY2hhciI6IumXtCJ9LHsiY2hhciI6Iu+8jCJ9LHsiY2hhciI6IuaNriIsInN0eWxlcyI6eyJiYWNrLWNvbG9yIjoiI2ZmZmZmZiJ9fSx7ImNoYXIiOiJtIiwic3R5bGVzIjp7ImJhY2stY29sb3IiOiIjZmZmZmZmIn19LHsiY2hhciI6ImkiLCJzdHlsZXMiOnsiYmFjay1jb2xvciI6IiNmZmZmZmYifX0seyJjaGFyIjoibiIsInN0eWxlcyI6eyJiYWNrLWNvbG9yIjoiI2ZmZmZmZiJ9fSx7ImNoYXIiOiJpIiwic3R5bGVzIjp7ImJhY2stY29sb3IiOiIjZmZmZmZmIn19LHsiY2hhciI6IkciLCJzdHlsZXMiOnsiYmFjay1jb2xvciI6IiNmZmZmZmYifX0seyJjaGFyIjoiVyIsInN0eWxlcyI6eyJiYWNrLWNvbG9yIjoiI2ZmZmZmZiJ9fSx7ImNoYXIiOiJBIiwic3R5bGVzIjp7ImJhY2stY29sb3IiOiIjZmZmZmZmIn19LHsiY2hhciI6IkMiLCJzdHlsZXMiOnsiYmFjay1jb2xvciI6IiNmZmZmZmYifX0seyJjaGFyIjoi5ZKMIiwic3R5bGVzIjp7ImJhY2stY29sb3IiOiIjZmZmZmZmIn19LHsiY2hhciI6IjYiLCJzdHlsZXMiOnsiYmFjay1jb2xvciI6IiNmZmZmZmYifX0seyJjaGFyIjoiMCIsInN0eWxlcyI6eyJiYWNrLWNvbG9yIjoiI2ZmZmZmZiJ9fSx7ImNoYXIiOiLljpgiLCJzdHlsZXMiOnsiYmFjay1jb2xvciI6IiNmZmZmZmYifX0seyJjaGFyIjoi57GzIiwic3R5bGVzIjp7ImJhY2stY29sb3IiOiIjZmZmZmZmIn19LHsiY2hhciI6IuWQjiIsInN0eWxlcyI6eyJiYWNrLWNvbG9yIjoiI2ZmZmZmZiJ9fSx7ImNoYXIiOiLpmo8iLCJzdHlsZXMiOnsiYmFjay1jb2xvciI6IiNmZmZmZmYifX0seyJjaGFyIjoi55qEIiwic3R5bGVzIjp7ImJhY2stY29sb3IiOiIjZmZmZmZmIn19LHsiY2hhciI6IuWFiSIsInN0eWxlcyI6eyJiYWNrLWNvbG9yIjoiI2ZmZmZmZiJ9fSx7ImNoYXIiOiLlj5giLCJzdHlsZXMiOnsiYmFjay1jb2xvciI6IiNmZmZmZmYifX0seyJjaGFyIjoi5o6oIiwic3R5bGVzIjp7ImJhY2stY29sb3IiOiIjZmZmZmZmIn19LHsiY2hhciI6IueulyIsInN0eWxlcyI6eyJiYWNrLWNvbG9yIjoiI2ZmZmZmZiJ9fSx7ImNoYXIiOiLvvIwiLCJzdHlsZXMiOnsiYmFjay1jb2xvciI6IiNmZmZmZmYifX0seyJjaGFyIjoibSIsInN0eWxlcyI6eyJiYWNrLWNvbG9yIjoiI2ZmZmZmZiJ9fSx7ImNoYXIiOiJpIiwic3R5bGVzIjp7ImJhY2stY29sb3IiOiIjZmZmZmZmIn19LHsiY2hhciI6Im4iLCJzdHlsZXMiOnsiYmFjay1jb2xvciI6IiNmZmZmZmYifX0seyJjaGFyIjoiaSIsInN0eWxlcyI6eyJiYWNrLWNvbG9yIjoiI2ZmZmZmZiJ9fSx7ImNoYXIiOiJHIiwic3R5bGVzIjp7ImJhY2stY29sb3IiOiIjZmZmZmZmIn19LHsiY2hhciI6IlciLCJzdHlsZXMiOnsiYmFjay1jb2xvciI6IiNmZmZmZmYifX0seyJjaGFyIjoiQSIsInN0eWxlcyI6eyJiYWNrLWNvbG9yIjoiI2ZmZmZmZiJ9fSx7ImNoYXIiOiJDIiwic3R5bGVzIjp7ImJhY2stY29sb3IiOiIjZmZmZmZmIn19LHsiY2hhciI6IueahCIsInN0eWxlcyI6eyJiYWNrLWNvbG9yIjoiI2ZmZmZmZiJ9fSx7ImNoYXIiOiLml7YiLCJzdHlsZXMiOnsiYmFjay1jb2xvciI6IiNmZmZmZmYifX0seyJjaGFyIjoi6Ze0Iiwic3R5bGVzIjp7ImJhY2stY29sb3IiOiIjZmZmZmZmIn19LHsiY2hhciI6IuWPryIsInN0eWxlcyI6eyJiYWNrLWNvbG9yIjoiI2ZmZmZmZiJ9fSx7ImNoYXIiOiLog70iLCJzdHlsZXMiOnsiYmFjay1jb2xvciI6IiNmZmZmZmYifX0seyJjaGFyIjoi5b+rIiwic3R5bGVzIjp7ImJhY2stY29sb3IiOiIjZmZmZmZmIn19LHsiY2hhciI6IjQiLCJzdHlsZXMiOnsiYmFjay1jb2xvciI6IiNmZmZmZmYifX0seyJjaGFyIjoi5YiGIiwic3R5bGVzIjp7ImJhY2stY29sb3IiOiIjZmZmZmZmIn19LHsiY2hhciI6IumSnyIsInN0eWxlcyI6eyJiYWNrLWNvbG9yIjoiI2ZmZmZmZiJ9fSx7ImNoYXIiOiLlt6YiLCJzdHlsZXMiOnsiYmFjay1jb2xvciI6IiNmZmZmZmYifX0seyJjaGFyIjoi5Y+zIiwic3R5bGVzIjp7ImJhY2stY29sb3IiOiIjZmZmZmZmIn19LHsiY2hhciI6IuOAgiIsInN0eWxlcyI6eyJiYWNrLWNvbG9yIjoiI2ZmZmZmZiJ9fV0sImlzUmljaFRleHQiOnRydWUsImtlZXBMaW5lQnJlYWsiOnRydWV9fSx7ImJsb2NrSWQiOiIxNHZhcHAxNDkwNjA2NjI4MjYzIiwiYmxvY2tUeXBlIjoicGFyYWdyYXBoIiwic3R5bGVzIjp7ImFsaWduIjoibGVmdCIsImluZGVudCI6MCwidGV4dC1pbmRlbnQiOjAsImxpbmUtaGVpZ2h0IjoxLjc1LCJiYWNrLWNvbG9yIjoiIiwicGFkZGluZyI6IiJ9LCJ0eXBlIjoicGFyYWdyYXBoIiwicmljaFRleHQiOnsiZGF0YSI6W3siY2hhciI6IiAiLCJzdHlsZXMiOnsiYmFjay1jb2xvciI6IiNmZmZmZmYifX0seyJjaGFyIjoiICIsInN0eWxlcyI6eyJiYWNrLWNvbG9yIjoiI2ZmZmZmZiJ9fSx7ImNoYXIiOiIgIiwic3R5bGVzIjp7ImJhY2stY29sb3IiOiIjZmZmZmZmIn19LHsiY2hhciI6IiAiLCJzdHlsZXMiOnsiYmFjay1jb2xvciI6IiNmZmZmZmYifX0seyJjaGFyIjoiICIsInN0eWxlcyI6eyJiYWNrLWNvbG9yIjoiI2ZmZmZmZiJ9fSx7ImNoYXIiOiIgIiwic3R5bGVzIjp7ImJhY2stY29sb3IiOiIjZmZmZmZmIn19LHsiY2hhciI6IiAiLCJzdHlsZXMiOnsiYmFjay1jb2xvciI6IiNmZmZmZmYifX0seyJjaGFyIjoiICIsInN0eWxlcyI6eyJiYWNrLWNvbG9yIjoiI2ZmZmZmZiJ9fSx7ImNoYXIiOiIgIiwic3R5bGVzIjp7ImJhY2stY29sb3IiOiIjZmZmZmZmIn19LHsiY2hhciI6IiAiLCJzdHlsZXMiOnsiYmFjay1jb2xvciI6IiNmZmZmZmYifX0seyJjaGFyIjoiICIsInN0eWxlcyI6eyJiYWNrLWNvbG9yIjoiI2ZmZmZmZiJ9fSx7ImNoYXIiOiIgIiwic3R5bGVzIjp7ImJhY2stY29sb3IiOiIjZmZmZmZmIn19LHsiY2hhciI6IiAiLCJzdHlsZXMiOnsiYmFjay1jb2xvciI6IiNmZmZmZmYifX0seyJjaGFyIjoiICIsInN0eWxlcyI6eyJiYWNrLWNvbG9yIjoiI2ZmZmZmZiJ9fSx7ImNoYXIiOiIgIiwic3R5bGVzIjp7ImJhY2stY29sb3IiOiIjZmZmZmZmIn19LHsiY2hhciI6IiAiLCJzdHlsZXMiOnsiYmFjay1jb2xvciI6IiNmZmZmZmYifX0seyJjaGFyIjoiICIsInN0eWxlcyI6eyJiYWNrLWNvbG9yIjoiI2ZmZmZmZiJ9fSx7ImNoYXIiOiIgIiwic3R5bGVzIjp7ImJhY2stY29sb3IiOiIjZmZmZmZmIn19LHsiY2hhciI6IiAiLCJzdHlsZXMiOnsiYmFjay1jb2xvciI6IiNmZmZmZmYifX0seyJjaGFyIjoiICIsInN0eWxlcyI6eyJiYWNrLWNvbG9yIjoiI2ZmZmZmZiJ9fSx7ImNoYXIiOiIgIiwic3R5bGVzIjp7ImJhY2stY29sb3IiOiIjZmZmZmZmIn19LHsiY2hhciI6IiAiLCJzdHlsZXMiOnsiYmFjay1jb2xvciI6IiNmZmZmZmYifX0seyJjaGFyIjoiICIsInN0eWxlcyI6eyJiYWNrLWNvbG9yIjoiI2ZmZmZmZiJ9fSx7ImNoYXIiOiJSIiwic3R5bGVzIjp7ImJhY2stY29sb3IiOiIjZmZmZmZmIn19LHsiY2hhciI6IuazoiIsInN0eWxlcyI6eyJiYWNrLWNvbG9yIjoiI2ZmZmZmZiJ9fSx7ImNoYXIiOiLmrrUiLCJzdHlsZXMiOnsiYmFjay1jb2xvciI6IiNmZmZmZmYifX0seyJjaGFyIjoi6ICAIiwic3R5bGVzIjp7ImJhY2stY29sb3IiOiIjZmZmZmZmIn19LHsiY2hhciI6IuWPkSIsInN0eWxlcyI6eyJiYWNrLWNvbG9yIjoiI2ZmZmZmZiJ9fSx7ImNoYXIiOiLnuqYiLCJzdHlsZXMiOnsiYmFjay1jb2xvciI6IiNmZmZmZmYifX0seyJjaGFyIjoiMyIsInN0eWxlcyI6eyJiYWNrLWNvbG9yIjoiI2ZmZmZmZiJ9fSx7ImNoYXIiOiIuIiwic3R5bGVzIjp7ImJhY2stY29sb3IiOiIjZmZmZmZmIn19LHsiY2hhciI6IjUiLCJzdHlsZXMiOnsiYmFjay1jb2xvciI6IiNmZmZmZmYifX0seyJjaGFyIjoi562JIiwic3R5bGVzIjp7ImJhY2stY29sb3IiOiIjZmZmZmZmIn19LHsiY2hhciI6Iu+8jCIsInN0eWxlcyI6eyJiYWNrLWNvbG9yIjoiI2ZmZmZmZiJ9fSx7ImNoYXIiOiI2Iiwic3R5bGVzIjp7ImJhY2stY29sb3IiOiIjZmZmZmZmIn19LHsiY2hhciI6IjAiLCJzdHlsZXMiOnsiYmFjay1jb2xvciI6IiNmZmZmZmYifX0seyJjaGFyIjoi5Y6YIiwic3R5bGVzIjp7ImJhY2stY29sb3IiOiIjZmZmZmZmIn19LHsiY2hhciI6IuexsyIsInN0eWxlcyI6eyJiYWNrLWNvbG9yIjoiI2ZmZmZmZiJ9fSx7ImNoYXIiOiLlkI4iLCJzdHlsZXMiOnsiYmFjay1jb2xvciI6IiNmZmZmZmYifX0seyJjaGFyIjoi6ZqPIiwic3R5bGVzIjp7ImJhY2stY29sb3IiOiIjZmZmZmZmIn19LHsiY2hhciI6IuacgCIsInN0eWxlcyI6eyJiYWNrLWNvbG9yIjoiI2ZmZmZmZiJ9fSx7ImNoYXIiOiLmmpciLCJzdHlsZXMiOnsiYmFjay1jb2xvciI6IiNmZmZmZmYifX0seyJjaGFyIjoi5pe2Iiwic3R5bGVzIjp7ImJhY2stY29sb3IiOiIjZmZmZmZmIn19LHsiY2hhciI6IuS4jiIsInN0eWxlcyI6eyJiYWNrLWNvbG9yIjoiI2ZmZmZmZiJ9fSx7ImNoYXIiOiLlroEiLCJzdHlsZXMiOnsiYmFjay1jb2xvciI6IiNmZmZmZmYifX0seyJjaGFyIjoi6Z2ZIiwic3R5bGVzIjp7ImJhY2stY29sb3IiOiIjZmZmZmZmIn19LHsiY2hhciI6IuaAgSIsInN0eWxlcyI6eyJiYWNrLWNvbG9yIjoiI2ZmZmZmZiJ9fSx7ImNoYXIiOiLnmoQiLCJzdHlsZXMiOnsiYmFjay1jb2xvciI6IiNmZmZmZmYifX0seyJjaGFyIjoi5LquIiwic3R5bGVzIjp7ImJhY2stY29sb3IiOiIjZmZmZmZmIn19LHsiY2hhciI6IuW6piIsInN0eWxlcyI6eyJiYWNrLWNvbG9yIjoiI2ZmZmZmZiJ9fSx7ImNoYXIiOiLnm7giLCJzdHlsZXMiOnsiYmFjay1jb2xvciI6IiNmZmZmZmYifX0seyJjaGFyIjoi5b2TIiwic3R5bGVzIjp7ImJhY2stY29sb3IiOiIjZmZmZmZmIn19LHsiY2hhciI6IuOAgiIsInN0eWxlcyI6eyJiYWNrLWNvbG9yIjoiI2ZmZmZmZiJ9fV0sImlzUmljaFRleHQiOnRydWUsImtlZXBMaW5lQnJlYWsiOnRydWV9fSx7ImJsb2NrSWQiOiI2N2JlcGwxNDkwNjA2Njk3NDIxIiwiYmxvY2tUeXBlIjoicGFyYWdyYXBoIiwic3R5bGVzIjp7ImFsaWduIjoibGVmdCIsImluZGVudCI6MCwidGV4dC1pbmRlbnQiOjAsImxpbmUtaGVpZ2h0IjoxLjc1LCJiYWNrLWNvbG9yIjoiIiwicGFkZGluZyI6IiJ9LCJ0eXBlIjoicGFyYWdyYXBoIiwicmljaFRleHQiOnsiZGF0YSI6W3siY2hhciI6IiAiLCJzdHlsZXMiOnsiYmFjay1jb2xvciI6IiNmZmZmZmYifX0seyJjaGFyIjoiICIsInN0eWxlcyI6eyJiYWNrLWNvbG9yIjoiI2ZmZmZmZiJ9fSx7ImNoYXIiOiIgIiwic3R5bGVzIjp7ImJhY2stY29sb3IiOiIjZmZmZmZmIn19LHsiY2hhciI6IiAiLCJzdHlsZXMiOnsiYmFjay1jb2xvciI6IiNmZmZmZmYifX0seyJjaGFyIjoiICIsInN0eWxlcyI6eyJiYWNrLWNvbG9yIjoiI2ZmZmZmZiJ9fSx7ImNoYXIiOiIgIiwic3R5bGVzIjp7ImJhY2stY29sb3IiOiIjZmZmZmZmIn19LHsiY2hhciI6IiAiLCJzdHlsZXMiOnsiYmFjay1jb2xvciI6IiNmZmZmZmYifX0seyJjaGFyIjoiICIsInN0eWxlcyI6eyJiYWNrLWNvbG9yIjoiI2ZmZmZmZiJ9fSx7ImNoYXIiOiIgIiwic3R5bGVzIjp7ImJhY2stY29sb3IiOiIjZmZmZmZmIn19LHsiY2hhciI6IiAiLCJzdHlsZXMiOnsiYmFjay1jb2xvciI6IiNmZmZmZmYifX0seyJjaGFyIjoiICIsInN0eWxlcyI6eyJiYWNrLWNvbG9yIjoiI2ZmZmZmZiJ9fSx7ImNoYXIiOiIgIiwic3R5bGVzIjp7ImJhY2stY29sb3IiOiIjZmZmZmZmIn19LHsiY2hhciI6IiAiLCJzdHlsZXMiOnsiYmFjay1jb2xvciI6IiNmZmZmZmYifX0seyJjaGFyIjoiICIsInN0eWxlcyI6eyJiYWNrLWNvbG9yIjoiI2ZmZmZmZiJ9fSx7ImNoYXIiOiIgIiwic3R5bGVzIjp7ImJhY2stY29sb3IiOiIjZmZmZmZmIn19LHsiY2hhciI6IiAiLCJzdHlsZXMiOnsiYmFjay1jb2xvciI6IiNmZmZmZmYifX0seyJjaGFyIjoiICIsInN0eWxlcyI6eyJiYWNrLWNvbG9yIjoiI2ZmZmZmZiJ9fSx7ImNoYXIiOiIgIiwic3R5bGVzIjp7ImJhY2stY29sb3IiOiIjZmZmZmZmIn19LHsiY2hhciI6IiAiLCJzdHlsZXMiOnsiYmFjay1jb2xvciI6IiNmZmZmZmYifX0seyJjaGFyIjoiICIsInN0eWxlcyI6eyJiYWNrLWNvbG9yIjoiI2ZmZmZmZiJ9fSx7ImNoYXIiOiIgIiwic3R5bGVzIjp7ImJhY2stY29sb3IiOiIjZmZmZmZmIn19LHsiY2hhciI6IiAiLCJzdHlsZXMiOnsiYmFjay1jb2xvciI6IiNmZmZmZmYifX0seyJjaGFyIjoiICIsInN0eWxlcyI6eyJiYWNrLWNvbG9yIjoiI2ZmZmZmZiJ9fSx7ImNoYXIiOiIgIiwic3R5bGVzIjp7ImJhY2stY29sb3IiOiIjZmZmZmZmIn19LHsiY2hhciI6IuiAgCIsInN0eWxlcyI6eyJiYWNrLWNvbG9yIjoiI2ZmZmZmZiJ9fSx7ImNoYXIiOiLlj5EiLCJzdHlsZXMiOnsiYmFjay1jb2xvciI6IiNmZmZmZmYifX0seyJjaGFyIjoi6L+HIiwic3R5bGVzIjp7ImJhY2stY29sb3IiOiIjZmZmZmZmIn19LHsiY2hhciI6IueoiyIsInN0eWxlcyI6eyJiYWNrLWNvbG9yIjoiI2ZmZmZmZiJ9fSx7ImNoYXIiOiLmjIEiLCJzdHlsZXMiOnsiYmFjay1jb2xvciI6IiNmZmZmZmYifX0seyJjaGFyIjoi57utIiwic3R5bGVzIjp7ImJhY2stY29sb3IiOiIjZmZmZmZmIn19LHsiY2hhciI6Iue6piIsInN0eWxlcyI6eyJiYWNrLWNvbG9yIjoiI2ZmZmZmZiJ9fSx7ImNoYXIiOiIxIiwic3R5bGVzIjp7ImJhY2stY29sb3IiOiIjZmZmZmZmIn19LHsiY2hhciI6IjAiLCJzdHlsZXMiOnsiYmFjay1jb2xvciI6IiNmZmZmZmYifX0seyJjaGFyIjoiMCIsInN0eWxlcyI6eyJiYWNrLWNvbG9yIjoiI2ZmZmZmZiJ9fSx7ImNoYXIiOiLliIYiLCJzdHlsZXMiOnsiYmFjay1jb2xvciI6IiNmZmZmZmYifX0seyJjaGFyIjoi6ZKfIiwic3R5bGVzIjp7ImJhY2stY29sb3IiOiIjZmZmZmZmIn19LHsiY2hhciI6IuOAgiIsInN0eWxlcyI6eyJiYWNrLWNvbG9yIjoiI2ZmZmZmZiJ9fV0sImlzUmljaFRleHQiOnRydWUsImtlZXBMaW5lQnJlYWsiOnRydWV9fV0=--></p><p><br/></p>'), ('83', 'text', '<p>搜狗输入法作为国内汉字拼音输入法的领导者，搜狗输入法率先实现了输入法与互联网的结合。基于搜狗搜索引擎技术，对中文词库有突破性发展，开创了新一代中文输入法。即时高效地更新热门词库，大幅提升了输入效率，让输入速度产生了质的飞跃。在词库的广度、词语的准确度上，搜狗输入法都在行业内遥遥领先。</p>'), ('93', 'text', '<p><span style=\"line-height: 22px; font-family: tahoma, Arial, 宋体, 微软雅黑; color: rgb(0,0,0)\">免费的即时聊天软件，给上网带来更多沟通乐趣。腾讯QQ2013年度皮肤呈现视觉盛宴，皮肤编辑器实现个性化面板创意；QQ应用盒子全新呈现，丰富应用满足多彩生活；QQ短信首度面世，畅享无处不在的沟通体验；炫彩字体，炫出聊天个性与风采；QQ支持自定义标签，标签顺序随心换。提示：如果您正在运行着腾讯QQ或者TM ,请退出后再进行一键安装。</span></p>'), ('95', 'packingList', ''), ('95', 'introduce', '<p style=\"margin-top: 0px; margin-bottom: 0px; padding: 0px; color: rgb(102, 102, 102); font-family: Arial, Verdana, 宋体; font-size: 12px; line-height: 18px; white-space: normal; text-align: center; background-color: rgb(255, 255, 255);\"><img data-lazyload=\"done\" alt=\"\" id=\"a5693828a3a04b0d877ddd460bf53d88\r\n\" src=\"http://img30.360buyimg.com/popWaterMark/jfs/t1747/1/1374760492/293014/1a379bbe/55e40ff2Neebb04f7.jpg\" class=\"\" style=\"margin: 0px; padding: 0px; border: 0px; vertical-align: middle;\"/></p><p style=\"margin-top: 0px; margin-bottom: 0px; padding: 0px; color: rgb(102, 102, 102); font-family: Arial, Verdana, 宋体; font-size: 12px; line-height: 18px; white-space: normal; text-align: center; background-color: rgb(255, 255, 255);\"><img data-lazyload=\"done\" alt=\"\" id=\"c4d51a6689164e3dbadd563a223786ea\r\n\" src=\"http://img30.360buyimg.com/popWaterMark/jfs/t1858/144/732419751/380880/dbbf7cc6/56278603N2a5330c0.jpg\" class=\"\" style=\"margin: 0px; padding: 0px; border: 0px; vertical-align: middle;\"/>&nbsp;</p><p style=\"text-align: center;\"><br style=\"color: rgb(102, 102, 102); font-family: Arial, Verdana, 宋体; font-size: 12px; line-height: 18px; white-space: normal; background-color: rgb(255, 255, 255);\"/><img data-lazyload=\"done\" alt=\"\" id=\"2342f7f158c142cd9e728845d838bf84\r\n\" src=\"http://img30.360buyimg.com/popWaterMark/jfs/t1711/224/1305174596/34549/c72fbea9/55e40ff1Nec82627c.jpg\" class=\"\" style=\"margin: 0px; padding: 0px; border: 0px; vertical-align: middle; color: rgb(102, 102, 102); font-family: Arial, Verdana, 宋体; font-size: 12px; line-height: 18px; white-space: normal; background-color: rgb(255, 255, 255);\"/><span style=\"color: rgb(102, 102, 102); font-family: Arial, Verdana, 宋体; font-size: 12px; line-height: 18px; background-color: rgb(255, 255, 255);\">&nbsp;</span><br style=\"color: rgb(102, 102, 102); font-family: Arial, Verdana, 宋体; font-size: 12px; line-height: 18px; white-space: normal; background-color: rgb(255, 255, 255);\"/><img data-lazyload=\"done\" alt=\"\" id=\"4ed873071bd2447fbee4b3f3dab9b0be\r\n\" src=\"http://img30.360buyimg.com/popWaterMark/jfs/t1822/167/1254639643/57081/66af1c0f/55e40ff1N3c0a09aa.jpg\" class=\"\" style=\"margin: 0px; padding: 0px; border: 0px; vertical-align: middle; color: rgb(102, 102, 102); font-family: Arial, Verdana, 宋体; font-size: 12px; line-height: 18px; white-space: normal; background-color: rgb(255, 255, 255);\"/><span style=\"color: rgb(102, 102, 102); font-family: Arial, Verdana, 宋体; font-size: 12px; line-height: 18px; background-color: rgb(255, 255, 255);\">&nbsp;</span><br style=\"color: rgb(102, 102, 102); font-family: Arial, Verdana, 宋体; font-size: 12px; line-height: 18px; white-space: normal; background-color: rgb(255, 255, 255);\"/><img data-lazyload=\"done\" alt=\"\" id=\"698a373574754e0787bf298c8bce3f9d\r\n\" src=\"http://img30.360buyimg.com/popWaterMark/jfs/t1720/207/1320749389/234778/eaeb703f/55e40ff3N0cfe09b2.jpg\" class=\"\" style=\"margin: 0px; padding: 0px; border: 0px; vertical-align: middle; color: rgb(102, 102, 102); font-family: Arial, Verdana, 宋体; font-size: 12px; line-height: 18px; white-space: normal; background-color: rgb(255, 255, 255);\"/><span style=\"color: rgb(102, 102, 102); font-family: Arial, Verdana, 宋体; font-size: 12px; line-height: 18px; background-color: rgb(255, 255, 255);\">&nbsp;</span><br style=\"color: rgb(102, 102, 102); font-family: Arial, Verdana, 宋体; font-size: 12px; line-height: 18px; white-space: normal; background-color: rgb(255, 255, 255);\"/><img data-lazyload=\"done\" alt=\"\" id=\"4749569553af4adc82be75e63a1c6ed7\r\n\" src=\"http://img30.360buyimg.com/popWaterMark/jfs/t1687/5/1334906465/209392/db60181b/55e40ff3N36ead1a6.jpg\" class=\"\" style=\"margin: 0px; padding: 0px; border: 0px; vertical-align: middle; color: rgb(102, 102, 102); font-family: Arial, Verdana, 宋体; font-size: 12px; line-height: 18px; white-space: normal; background-color: rgb(255, 255, 255);\"/><span style=\"color: rgb(102, 102, 102); font-family: Arial, Verdana, 宋体; font-size: 12px; line-height: 18px; background-color: rgb(255, 255, 255);\">&nbsp;</span><br style=\"color: rgb(102, 102, 102); font-family: Arial, Verdana, 宋体; font-size: 12px; line-height: 18px; white-space: normal; background-color: rgb(255, 255, 255);\"/><img data-lazyload=\"done\" alt=\"\" id=\"d688008f69ce4387a2591c79469e2b64\r\n\" src=\"http://img30.360buyimg.com/popWaterMark/jfs/t1660/31/1213006365/275884/a6aa7b5/55e40ff3N224dc718.jpg\" class=\"\" style=\"margin: 0px; padding: 0px; border: 0px; vertical-align: middle; color: rgb(102, 102, 102); font-family: Arial, Verdana, 宋体; font-size: 12px; line-height: 18px; white-space: normal; background-color: rgb(255, 255, 255);\"/><span style=\"color: rgb(102, 102, 102); font-family: Arial, Verdana, 宋体; font-size: 12px; line-height: 18px; background-color: rgb(255, 255, 255);\">&nbsp;</span><br style=\"color: rgb(102, 102, 102); font-family: Arial, Verdana, 宋体; font-size: 12px; line-height: 18px; white-space: normal; background-color: rgb(255, 255, 255);\"/><img data-lazyload=\"done\" alt=\"\" id=\"2f4fafd11080484783550f9a5673420f\r\n\" src=\"http://img30.360buyimg.com/popWaterMark/jfs/t1465/232/1193538325/301399/20f8d0d0/55e40ff4N9fc26363.jpg\" class=\"\" style=\"margin: 0px; padding: 0px; border: 0px; vertical-align: middle; color: rgb(102, 102, 102); font-family: Arial, Verdana, 宋体; font-size: 12px; line-height: 18px; white-space: normal; background-color: rgb(255, 255, 255);\"/><span style=\"color: rgb(102, 102, 102); font-family: Arial, Verdana, 宋体; font-size: 12px; line-height: 18px; background-color: rgb(255, 255, 255);\">&nbsp;</span><br style=\"color: rgb(102, 102, 102); font-family: Arial, Verdana, 宋体; font-size: 12px; line-height: 18px; white-space: normal; background-color: rgb(255, 255, 255);\"/><img data-lazyload=\"done\" alt=\"\" id=\"ca84b367f26f4c6794df5af23d2b9be6\r\n\" src=\"http://img30.360buyimg.com/popWaterMark/jfs/t1732/13/1297420571/216091/2f85644e/55e40ff4Nb9a5e3ea.jpg\" class=\"\" style=\"margin: 0px; padding: 0px; border: 0px; vertical-align: middle; color: rgb(102, 102, 102); font-family: Arial, Verdana, 宋体; font-size: 12px; line-height: 18px; white-space: normal; background-color: rgb(255, 255, 255);\"/><span style=\"color: rgb(102, 102, 102); font-family: Arial, Verdana, 宋体; font-size: 12px; line-height: 18px; background-color: rgb(255, 255, 255);\">&nbsp;</span><br style=\"color: rgb(102, 102, 102); font-family: Arial, Verdana, 宋体; font-size: 12px; line-height: 18px; white-space: normal; background-color: rgb(255, 255, 255);\"/><img data-lazyload=\"done\" alt=\"\" id=\"435bd615683c4d018b704d26c58089d7\r\n\" src=\"http://img30.360buyimg.com/popWaterMark/jfs/t1750/222/1320035840/234013/8db26305/55e40ff5Nf4667e39.jpg\" class=\"\" style=\"margin: 0px; padding: 0px; border: 0px; vertical-align: middle; color: rgb(102, 102, 102); font-family: Arial, Verdana, 宋体; font-size: 12px; line-height: 18px; white-space: normal; background-color: rgb(255, 255, 255);\"/><span style=\"color: rgb(102, 102, 102); font-family: Arial, Verdana, 宋体; font-size: 12px; line-height: 18px; background-color: rgb(255, 255, 255);\">&nbsp;</span><br style=\"color: rgb(102, 102, 102); font-family: Arial, Verdana, 宋体; font-size: 12px; line-height: 18px; white-space: normal; background-color: rgb(255, 255, 255);\"/><img data-lazyload=\"done\" alt=\"\" id=\"55168fff0dad484ba50410a6ae6ac5f6\r\n\" src=\"http://img30.360buyimg.com/popWaterMark/jfs/t1585/237/1153174124/194654/3b521bc6/55e40ff7N5b7596d8.jpg\" class=\"\" style=\"margin: 0px; padding: 0px; border: 0px; vertical-align: middle; color: rgb(102, 102, 102); font-family: Arial, Verdana, 宋体; font-size: 12px; line-height: 18px; white-space: normal; background-color: rgb(255, 255, 255);\"/><span style=\"color: rgb(102, 102, 102); font-family: Arial, Verdana, 宋体; font-size: 12px; line-height: 18px; background-color: rgb(255, 255, 255);\">&nbsp;</span><br style=\"color: rgb(102, 102, 102); font-family: Arial, Verdana, 宋体; font-size: 12px; line-height: 18px; white-space: normal; background-color: rgb(255, 255, 255);\"/><img data-lazyload=\"done\" alt=\"\" id=\"bbd83d4dce5e48958b91d21de7b0c5a4\r\n\" src=\"http://img30.360buyimg.com/popWaterMark/jfs/t1765/301/1220883678/196958/5f371155/55e40ff7N6903fdd9.jpg\" class=\"\" style=\"margin: 0px; padding: 0px; border: 0px; vertical-align: middle; color: rgb(102, 102, 102); font-family: Arial, Verdana, 宋体; font-size: 12px; line-height: 18px; white-space: normal; background-color: rgb(255, 255, 255);\"/><span style=\"color: rgb(102, 102, 102); font-family: Arial, Verdana, 宋体; font-size: 12px; line-height: 18px; background-color: rgb(255, 255, 255);\">&nbsp;</span><br style=\"color: rgb(102, 102, 102); font-family: Arial, Verdana, 宋体; font-size: 12px; line-height: 18px; white-space: normal; background-color: rgb(255, 255, 255);\"/><img data-lazyload=\"done\" alt=\"\" id=\"0decaaaebeec4c138ecc2d50530f44e2\r\n\" src=\"http://img30.360buyimg.com/popWaterMark/jfs/t1738/203/1304148672/274054/f87b8cc/55e40ff8N5402be3c.jpg\" class=\"\" style=\"margin: 0px; padding: 0px; border: 0px; vertical-align: middle; color: rgb(102, 102, 102); font-family: Arial, Verdana, 宋体; font-size: 12px; line-height: 18px; white-space: normal; background-color: rgb(255, 255, 255);\"/><span style=\"color: rgb(102, 102, 102); font-family: Arial, Verdana, 宋体; font-size: 12px; line-height: 18px; background-color: rgb(255, 255, 255);\">&nbsp;</span><br style=\"color: rgb(102, 102, 102); font-family: Arial, Verdana, 宋体; font-size: 12px; line-height: 18px; white-space: normal; background-color: rgb(255, 255, 255);\"/></p><p style=\"margin-top: 0px; margin-bottom: 0px; padding: 0px; color: rgb(102, 102, 102); font-family: Arial, Verdana, 宋体; font-size: 12px; line-height: 18px; white-space: normal; text-align: center; background-color: rgb(255, 255, 255);\"><img data-lazyload=\"done\" alt=\"\" id=\"86a8241acd714509a99918ba5703f35f\r\n\" src=\"http://img30.360buyimg.com/popWaterMark/jfs/t1807/210/1267058754/256679/a1af9431/55e40ff8N3a22f7b9.jpg\" class=\"\" style=\"margin: 0px; padding: 0px; border: 0px; vertical-align: middle;\"/></p><p style=\"margin-top: 0px; margin-bottom: 0px; padding: 0px; color: rgb(102, 102, 102); font-family: Arial, Verdana, 宋体; font-size: 12px; line-height: 18px; white-space: normal; text-align: center; background-color: rgb(255, 255, 255);\"><img data-lazyload=\"done\" alt=\"\" id=\"096c49821acd4d7ea02f7ba2eb3f1832\r\n\" src=\"http://img30.360buyimg.com/popWaterMark/jfs/t1753/207/1299312810/232077/62834e48/55e40ff9N0bb2c530.jpg\" class=\"\" style=\"margin: 0px; padding: 0px; border: 0px; vertical-align: middle;\"/>&nbsp;</p><p><br style=\"color: rgb(102, 102, 102); font-family: Arial, Verdana, 宋体; font-size: 12px; line-height: 18px; white-space: normal; background-color: rgb(255, 255, 255);\"/></p><p style=\"margin-top: 0px; margin-bottom: 0px; padding: 0px; color: rgb(102, 102, 102); font-family: Arial, Verdana, 宋体; font-size: 12px; line-height: 18px; white-space: normal; background-color: rgb(255, 255, 255);\"><br/></p><p style=\"text-align: center;\"><br style=\"color: rgb(102, 102, 102); font-family: Arial, Verdana, 宋体; font-size: 12px; line-height: 18px; white-space: normal; background-color: rgb(255, 255, 255);\"/><br style=\"color: rgb(102, 102, 102); font-family: Arial, Verdana, 宋体; font-size: 12px; line-height: 18px; white-space: normal; background-color: rgb(255, 255, 255);\"/><img data-lazyload=\"done\" alt=\"\" id=\"29f69787a7a74e6abcae802ec87d26f0\r\n\" src=\"http://img30.360buyimg.com/popWaterMark/jfs/t1852/171/735451624/7840/45313c1a/56278603N7446cf7b.jpg\" class=\"\" style=\"margin: 0px; padding: 0px; border: 0px; vertical-align: middle; color: rgb(102, 102, 102); font-family: Arial, Verdana, 宋体; font-size: 12px; line-height: 18px; white-space: normal; background-color: rgb(255, 255, 255);\"/><span style=\"color: rgb(102, 102, 102); font-family: Arial, Verdana, 宋体; font-size: 12px; line-height: 18px; background-color: rgb(255, 255, 255);\">&nbsp;</span><br style=\"color: rgb(102, 102, 102); font-family: Arial, Verdana, 宋体; font-size: 12px; line-height: 18px; white-space: normal; background-color: rgb(255, 255, 255);\"/><img data-lazyload=\"done\" alt=\"\" id=\"ca9ccdb796ab4665bdb14c5f7f710fb9\r\n\" src=\"http://img30.360buyimg.com/popWaterMark/jfs/t2458/148/751567036/325430/4ec242af/56278604Naca09f59.jpg\" class=\"\" style=\"margin: 0px; padding: 0px; border: 0px; vertical-align: middle; color: rgb(102, 102, 102); font-family: Arial, Verdana, 宋体; font-size: 12px; line-height: 18px; white-space: normal; background-color: rgb(255, 255, 255);\"/><span style=\"color: rgb(102, 102, 102); font-family: Arial, Verdana, 宋体; font-size: 12px; line-height: 18px; background-color: rgb(255, 255, 255);\">&nbsp;</span><br style=\"color: rgb(102, 102, 102); font-family: Arial, Verdana, 宋体; font-size: 12px; line-height: 18px; white-space: normal; background-color: rgb(255, 255, 255);\"/><img data-lazyload=\"done\" alt=\"\" id=\"344c14a0f0f64c6f866c4dc52e0bce7d\r\n\" src=\"http://img30.360buyimg.com/popWaterMark/jfs/t2449/146/748205277/295252/c1d21f3a/56278604Ne074cb4f.jpg\" class=\"\" style=\"margin: 0px; padding: 0px; border: 0px; vertical-align: middle; color: rgb(102, 102, 102); font-family: Arial, Verdana, 宋体; font-size: 12px; line-height: 18px; white-space: normal; background-color: rgb(255, 255, 255);\"/><span style=\"color: rgb(102, 102, 102); font-family: Arial, Verdana, 宋体; font-size: 12px; line-height: 18px; background-color: rgb(255, 255, 255);\">&nbsp;</span><br style=\"color: rgb(102, 102, 102); font-family: Arial, Verdana, 宋体; font-size: 12px; line-height: 18px; white-space: normal; background-color: rgb(255, 255, 255);\"/><img data-lazyload=\"done\" alt=\"\" id=\"c1ceec90bfb041439e9bd736c3316ef9\r\n\" src=\"http://img30.360buyimg.com/popWaterMark/jfs/t2263/179/745449634/396704/3750b068/56278605N2e158391.jpg\" class=\"\" style=\"margin: 0px; padding: 0px; border: 0px; vertical-align: middle; color: rgb(102, 102, 102); font-family: Arial, Verdana, 宋体; font-size: 12px; line-height: 18px; white-space: normal; background-color: rgb(255, 255, 255);\"/><span style=\"color: rgb(102, 102, 102); font-family: Arial, Verdana, 宋体; font-size: 12px; line-height: 18px; background-color: rgb(255, 255, 255);\">&nbsp;</span><br style=\"color: rgb(102, 102, 102); font-family: Arial, Verdana, 宋体; font-size: 12px; line-height: 18px; white-space: normal; background-color: rgb(255, 255, 255);\"/><img data-lazyload=\"done\" alt=\"\" id=\"41b48f853bbe473393139040f8838a09\r\n\" src=\"http://img30.360buyimg.com/popWaterMark/jfs/t1867/150/765158623/367775/8b533886/56278605N89257074.jpg\" class=\"\" style=\"margin: 0px; padding: 0px; border: 0px; vertical-align: middle; color: rgb(102, 102, 102); font-family: Arial, Verdana, 宋体; font-size: 12px; line-height: 18px; white-space: normal; background-color: rgb(255, 255, 255);\"/><span style=\"color: rgb(102, 102, 102); font-family: Arial, Verdana, 宋体; font-size: 12px; line-height: 18px; background-color: rgb(255, 255, 255);\">&nbsp;</span><br style=\"color: rgb(102, 102, 102); font-family: Arial, Verdana, 宋体; font-size: 12px; line-height: 18px; white-space: normal; background-color: rgb(255, 255, 255);\"/><img data-lazyload=\"done\" alt=\"\" id=\"aa4e3b7f266448869e6feeb38140b4ab\r\n\" src=\"http://img30.360buyimg.com/popWaterMark/jfs/t2296/170/750507266/235562/b6c5ccc0/56278606Na7a4cbad.jpg\" class=\"\" style=\"margin: 0px; padding: 0px; border: 0px; vertical-align: middle; color: rgb(102, 102, 102); font-family: Arial, Verdana, 宋体; font-size: 12px; line-height: 18px; white-space: normal; background-color: rgb(255, 255, 255);\"/><span style=\"color: rgb(102, 102, 102); font-family: Arial, Verdana, 宋体; font-size: 12px; line-height: 18px; background-color: rgb(255, 255, 255);\">&nbsp;</span><br style=\"color: rgb(102, 102, 102); font-family: Arial, Verdana, 宋体; font-size: 12px; line-height: 18px; white-space: normal; background-color: rgb(255, 255, 255);\"/><img data-lazyload=\"done\" alt=\"\" id=\"78a7a46230824f72a72f8c6525ecf8ec\r\n\" src=\"http://img30.360buyimg.com/popWaterMark/jfs/t1777/211/2145478187/223967/f1ff1788/56278606Need11bcd.jpg\" class=\"\" style=\"margin: 0px; padding: 0px; border: 0px; vertical-align: middle; color: rgb(102, 102, 102); font-family: Arial, Verdana, 宋体; font-size: 12px; line-height: 18px; white-space: normal; background-color: rgb(255, 255, 255);\"/><span style=\"color: rgb(102, 102, 102); font-family: Arial, Verdana, 宋体; font-size: 12px; line-height: 18px; background-color: rgb(255, 255, 255);\">&nbsp;</span><br style=\"color: rgb(102, 102, 102); font-family: Arial, Verdana, 宋体; font-size: 12px; line-height: 18px; white-space: normal; background-color: rgb(255, 255, 255);\"/><img data-lazyload=\"done\" alt=\"\" id=\"7fcd519bada54993967e1e57a724aae8\r\n\" src=\"http://img30.360buyimg.com/popWaterMark/jfs/t1831/38/2151532147/347324/ef960c42/56278606N0bd39ccb.jpg\" class=\"\" style=\"margin: 0px; padding: 0px; border: 0px; vertical-align: middle; color: rgb(102, 102, 102); font-family: Arial, Verdana, 宋体; font-size: 12px; line-height: 18px; white-space: normal; background-color: rgb(255, 255, 255);\"/><span style=\"color: rgb(102, 102, 102); font-family: Arial, Verdana, 宋体; font-size: 12px; line-height: 18px; background-color: rgb(255, 255, 255);\">&nbsp;</span><br style=\"color: rgb(102, 102, 102); font-family: Arial, Verdana, 宋体; font-size: 12px; line-height: 18px; white-space: normal; background-color: rgb(255, 255, 255);\"/><img data-lazyload=\"done\" alt=\"\" id=\"295a226bba7a4de9ae0297180f7f097e\r\n\" src=\"http://img30.360buyimg.com/popWaterMark/jfs/t1786/184/2070965537/333458/64135c8c/56278607N7dd7ae04.jpg\" class=\"\" style=\"margin: 0px; padding: 0px; border: 0px; vertical-align: middle; color: rgb(102, 102, 102); font-family: Arial, Verdana, 宋体; font-size: 12px; line-height: 18px; white-space: normal; background-color: rgb(255, 255, 255);\"/><span style=\"color: rgb(102, 102, 102); font-family: Arial, Verdana, 宋体; font-size: 12px; line-height: 18px; background-color: rgb(255, 255, 255);\">&nbsp;</span><br style=\"color: rgb(102, 102, 102); font-family: Arial, Verdana, 宋体; font-size: 12px; line-height: 18px; white-space: normal; background-color: rgb(255, 255, 255);\"/><img data-lazyload=\"done\" alt=\"\" id=\"ee4a4d01f82740c98cb693859738bb98\r\n\" src=\"http://img30.360buyimg.com/popWaterMark/jfs/t1987/146/763521873/421265/2ecc8c47/56278607N6cbfed78.jpg\" class=\"\" style=\"margin: 0px; padding: 0px; border: 0px; vertical-align: middle; color: rgb(102, 102, 102); font-family: Arial, Verdana, 宋体; font-size: 12px; line-height: 18px; white-space: normal; background-color: rgb(255, 255, 255);\"/><span style=\"color: rgb(102, 102, 102); font-family: Arial, Verdana, 宋体; font-size: 12px; line-height: 18px; background-color: rgb(255, 255, 255);\">&nbsp;</span><br style=\"color: rgb(102, 102, 102); font-family: Arial, Verdana, 宋体; font-size: 12px; line-height: 18px; white-space: normal; background-color: rgb(255, 255, 255);\"/><img data-lazyload=\"done\" alt=\"\" id=\"1f3d639ce86f4463bd8b71116a99c9f9\r\n\" src=\"http://img30.360buyimg.com/popWaterMark/jfs/t1972/141/744585713/415267/4413905a/56278608Na56c31f9.jpg\" class=\"\" style=\"margin: 0px; padding: 0px; border: 0px; vertical-align: middle; color: rgb(102, 102, 102); font-family: Arial, Verdana, 宋体; font-size: 12px; line-height: 18px; white-space: normal; background-color: rgb(255, 255, 255);\"/><span style=\"color: rgb(102, 102, 102); font-family: Arial, Verdana, 宋体; font-size: 12px; line-height: 18px; background-color: rgb(255, 255, 255);\">&nbsp;</span><br style=\"color: rgb(102, 102, 102); font-family: Arial, Verdana, 宋体; font-size: 12px; line-height: 18px; white-space: normal; background-color: rgb(255, 255, 255);\"/><img data-lazyload=\"done\" alt=\"\" id=\"a974062f93ad4addbfc9b71a9026373e\r\n\" src=\"http://img30.360buyimg.com/popWaterMark/jfs/t1759/72/2164854068/7956/4fbf8627/56278608N146a1e9b.jpg\" class=\"\" style=\"margin: 0px; padding: 0px; border: 0px; vertical-align: middle; color: rgb(102, 102, 102); font-family: Arial, Verdana, 宋体; font-size: 12px; line-height: 18px; white-space: normal; background-color: rgb(255, 255, 255);\"/><span style=\"color: rgb(102, 102, 102); font-family: Arial, Verdana, 宋体; font-size: 12px; line-height: 18px; background-color: rgb(255, 255, 255);\">&nbsp;</span><br style=\"color: rgb(102, 102, 102); font-family: Arial, Verdana, 宋体; font-size: 12px; line-height: 18px; white-space: normal; background-color: rgb(255, 255, 255);\"/><img data-lazyload=\"done\" alt=\"\" id=\"bab4caac25464ed4b413fd024097b07b\r\n\" src=\"http://img30.360buyimg.com/popWaterMark/jfs/t2152/145/739094594/269195/434e09f1/56278609N96b575ac.jpg\" class=\"\" style=\"margin: 0px; padding: 0px; border: 0px; vertical-align: middle; color: rgb(102, 102, 102); font-family: Arial, Verdana, 宋体; font-size: 12px; line-height: 18px; white-space: normal; background-color: rgb(255, 255, 255);\"/><span style=\"color: rgb(102, 102, 102); font-family: Arial, Verdana, 宋体; font-size: 12px; line-height: 18px; background-color: rgb(255, 255, 255);\">&nbsp;</span><br style=\"color: rgb(102, 102, 102); font-family: Arial, Verdana, 宋体; font-size: 12px; line-height: 18px; white-space: normal; background-color: rgb(255, 255, 255);\"/><img data-lazyload=\"done\" alt=\"\" id=\"5900dc230f7a4d7ca52788a766db9c67\r\n\" src=\"http://img30.360buyimg.com/popWaterMark/jfs/t2407/154/756029562/339211/fdfbae06/56278609Nc60d0fd5.jpg\" class=\"\" style=\"margin: 0px; padding: 0px; border: 0px; vertical-align: middle; color: rgb(102, 102, 102); font-family: Arial, Verdana, 宋体; font-size: 12px; line-height: 18px; white-space: normal; background-color: rgb(255, 255, 255);\"/><span style=\"color: rgb(102, 102, 102); font-family: Arial, Verdana, 宋体; font-size: 12px; line-height: 18px; background-color: rgb(255, 255, 255);\">&nbsp;</span><br style=\"color: rgb(102, 102, 102); font-family: Arial, Verdana, 宋体; font-size: 12px; line-height: 18px; white-space: normal; background-color: rgb(255, 255, 255);\"/><img data-lazyload=\"done\" alt=\"\" id=\"06149f9a31f74321b5010138008b4948\r\n\" src=\"http://img30.360buyimg.com/popWaterMark/jfs/t1948/139/742183358/388001/5f46b68c/5627860aN26fb16ac.jpg\" class=\"\" style=\"margin: 0px; padding: 0px; border: 0px; vertical-align: middle; color: rgb(102, 102, 102); font-family: Arial, Verdana, 宋体; font-size: 12px; line-height: 18px; white-space: normal; background-color: rgb(255, 255, 255);\"/><span style=\"color: rgb(102, 102, 102); font-family: Arial, Verdana, 宋体; font-size: 12px; line-height: 18px; background-color: rgb(255, 255, 255);\">&nbsp;</span><br style=\"color: rgb(102, 102, 102); font-family: Arial, Verdana, 宋体; font-size: 12px; line-height: 18px; white-space: normal; background-color: rgb(255, 255, 255);\"/><img data-lazyload=\"done\" alt=\"\" id=\"301fdba933ac4a1da7244085c15843db\r\n\" src=\"http://img30.360buyimg.com/popWaterMark/jfs/t1996/137/746296342/432577/704c98c6/5627860aN82bd64e3.jpg\" class=\"\" style=\"margin: 0px; padding: 0px; border: 0px; vertical-align: middle; color: rgb(102, 102, 102); font-family: Arial, Verdana, 宋体; font-size: 12px; line-height: 18px; white-space: normal; background-color: rgb(255, 255, 255);\"/><span style=\"color: rgb(102, 102, 102); font-family: Arial, Verdana, 宋体; font-size: 12px; line-height: 18px; background-color: rgb(255, 255, 255);\">&nbsp;</span><br style=\"color: rgb(102, 102, 102); font-family: Arial, Verdana, 宋体; font-size: 12px; line-height: 18px; white-space: normal; background-color: rgb(255, 255, 255);\"/><img data-lazyload=\"done\" alt=\"\" id=\"7ff6775a64a54e1db15ef24b75389485\r\n\" src=\"http://img30.360buyimg.com/popWaterMark/jfs/t1954/141/720554933/309219/21691b0c/5627860bN4e7aa2f5.jpg\" class=\"\" style=\"margin: 0px; padding: 0px; border: 0px; vertical-align: middle; color: rgb(102, 102, 102); font-family: Arial, Verdana, 宋体; font-size: 12px; line-height: 18px; white-space: normal; background-color: rgb(255, 255, 255);\"/><span style=\"color: rgb(102, 102, 102); font-family: Arial, Verdana, 宋体; font-size: 12px; line-height: 18px; background-color: rgb(255, 255, 255);\">&nbsp;</span><br style=\"color: rgb(102, 102, 102); font-family: Arial, Verdana, 宋体; font-size: 12px; line-height: 18px; white-space: normal; background-color: rgb(255, 255, 255);\"/><img data-lazyload=\"done\" alt=\"\" id=\"576c2503190e49ce86fc24d15f13d000\r\n\" src=\"http://img30.360buyimg.com/popWaterMark/jfs/t1906/114/757577286/304887/a12ddbdf/5627860bN687a9a23.jpg\" class=\"\" style=\"margin: 0px; padding: 0px; border: 0px; vertical-align: middle; color: rgb(102, 102, 102); font-family: Arial, Verdana, 宋体; font-size: 12px; line-height: 18px; white-space: normal; background-color: rgb(255, 255, 255);\"/><span style=\"color: rgb(102, 102, 102); font-family: Arial, Verdana, 宋体; font-size: 12px; line-height: 18px; background-color: rgb(255, 255, 255);\">&nbsp;</span><br style=\"color: rgb(102, 102, 102); font-family: Arial, Verdana, 宋体; font-size: 12px; line-height: 18px; white-space: normal; background-color: rgb(255, 255, 255);\"/><img data-lazyload=\"done\" alt=\"\" id=\"77f68ab2ce5b4c2cae466778fa6a7d2a\r\n\" src=\"http://img30.360buyimg.com/popWaterMark/jfs/t2236/162/747953070/415370/3de34895/5627860cN2006c076.jpg\" class=\"\" style=\"margin: 0px; padding: 0px; border: 0px; vertical-align: middle; color: rgb(102, 102, 102); font-family: Arial, Verdana, 宋体; font-size: 12px; line-height: 18px; white-space: normal; background-color: rgb(255, 255, 255);\"/><span style=\"color: rgb(102, 102, 102); font-family: Arial, Verdana, 宋体; font-size: 12px; line-height: 18px; background-color: rgb(255, 255, 255);\">&nbsp;</span><br style=\"color: rgb(102, 102, 102); font-family: Arial, Verdana, 宋体; font-size: 12px; line-height: 18px; white-space: normal; background-color: rgb(255, 255, 255);\"/><img data-lazyload=\"done\" alt=\"\" id=\"b56cff2df49640efa12b6b3bb403233a\r\n\" src=\"http://img30.360buyimg.com/popWaterMark/jfs/t1891/149/747829170/8947/61d2d76/5627860cNe66cbf78.jpg\" class=\"\" style=\"margin: 0px; padding: 0px; border: 0px; vertical-align: middle; color: rgb(102, 102, 102); font-family: Arial, Verdana, 宋体; font-size: 12px; line-height: 18px; white-space: normal; background-color: rgb(255, 255, 255);\"/><span style=\"color: rgb(102, 102, 102); font-family: Arial, Verdana, 宋体; font-size: 12px; line-height: 18px; background-color: rgb(255, 255, 255);\">&nbsp;</span><br style=\"color: rgb(102, 102, 102); font-family: Arial, Verdana, 宋体; font-size: 12px; line-height: 18px; white-space: normal; background-color: rgb(255, 255, 255);\"/><img data-lazyload=\"done\" alt=\"\" id=\"2c991bf43f8d4ba9926153694aac3f11\r\n\" src=\"http://img30.360buyimg.com/popWaterMark/jfs/t2503/145/739347760/272866/efcc166a/5627860cNd1e69000.jpg\" class=\"\" style=\"margin: 0px; padding: 0px; border: 0px; vertical-align: middle; color: rgb(102, 102, 102); font-family: Arial, Verdana, 宋体; font-size: 12px; line-height: 18px; white-space: normal; background-color: rgb(255, 255, 255);\"/><span style=\"color: rgb(102, 102, 102); font-family: Arial, Verdana, 宋体; font-size: 12px; line-height: 18px; background-color: rgb(255, 255, 255);\">&nbsp;</span><br style=\"color: rgb(102, 102, 102); font-family: Arial, Verdana, 宋体; font-size: 12px; line-height: 18px; white-space: normal; background-color: rgb(255, 255, 255);\"/><img data-lazyload=\"done\" alt=\"\" id=\"c0dfb488deb24ed9bd8656558986002c\r\n\" src=\"http://img30.360buyimg.com/popWaterMark/jfs/t2191/178/739439528/325184/f03164c4/5627860dN75c90d6f.jpg\" class=\"\" style=\"margin: 0px; padding: 0px; border: 0px; vertical-align: middle; color: rgb(102, 102, 102); font-family: Arial, Verdana, 宋体; font-size: 12px; line-height: 18px; white-space: normal; background-color: rgb(255, 255, 255);\"/><span style=\"color: rgb(102, 102, 102); font-family: Arial, Verdana, 宋体; font-size: 12px; line-height: 18px; background-color: rgb(255, 255, 255);\">&nbsp;</span><br style=\"color: rgb(102, 102, 102); font-family: Arial, Verdana, 宋体; font-size: 12px; line-height: 18px; white-space: normal; background-color: rgb(255, 255, 255);\"/><img data-lazyload=\"done\" alt=\"\" id=\"6e77bdef1c9746038b32857277b30eb8\r\n\" src=\"http://img30.360buyimg.com/popWaterMark/jfs/t2221/148/762081824/377956/7b313620/5627860eN596aeb55.jpg\" class=\"\" style=\"margin: 0px; padding: 0px; border: 0px; vertical-align: middle; color: rgb(102, 102, 102); font-family: Arial, Verdana, 宋体; font-size: 12px; line-height: 18px; white-space: normal; background-color: rgb(255, 255, 255);\"/><span style=\"color: rgb(102, 102, 102); font-family: Arial, Verdana, 宋体; font-size: 12px; line-height: 18px; background-color: rgb(255, 255, 255);\">&nbsp;</span><br style=\"color: rgb(102, 102, 102); font-family: Arial, Verdana, 宋体; font-size: 12px; line-height: 18px; white-space: normal; background-color: rgb(255, 255, 255);\"/><img data-lazyload=\"done\" alt=\"\" id=\"40b130bee2fd4d1cb5909e90ec79c60e\r\n\" src=\"http://img30.360buyimg.com/popWaterMark/jfs/t2260/162/768897669/368479/4b717288/5627860eN9fe79ea0.jpg\" class=\"\" style=\"margin: 0px; padding: 0px; border: 0px; vertical-align: middle; color: rgb(102, 102, 102); font-family: Arial, Verdana, 宋体; font-size: 12px; line-height: 18px; white-space: normal; background-color: rgb(255, 255, 255);\"/><span style=\"color: rgb(102, 102, 102); font-family: Arial, Verdana, 宋体; font-size: 12px; line-height: 18px; background-color: rgb(255, 255, 255);\">&nbsp;</span><br style=\"color: rgb(102, 102, 102); font-family: Arial, Verdana, 宋体; font-size: 12px; line-height: 18px; white-space: normal; background-color: rgb(255, 255, 255);\"/><img data-lazyload=\"done\" alt=\"\" id=\"a21d35cc33b0449697ba96e430c2f60f\r\n\" src=\"http://img30.360buyimg.com/popWaterMark/jfs/t1819/74/2122480230/271938/cb205546/5627860fNf9b2860a.jpg\" class=\"\" style=\"margin: 0px; padding: 0px; border: 0px; vertical-align: middle; color: rgb(102, 102, 102); font-family: Arial, Verdana, 宋体; font-size: 12px; line-height: 18px; white-space: normal; background-color: rgb(255, 255, 255);\"/><span style=\"color: rgb(102, 102, 102); font-family: Arial, Verdana, 宋体; font-size: 12px; line-height: 18px; background-color: rgb(255, 255, 255);\">&nbsp;</span><br style=\"color: rgb(102, 102, 102); font-family: Arial, Verdana, 宋体; font-size: 12px; line-height: 18px; white-space: normal; background-color: rgb(255, 255, 255);\"/><img data-lazyload=\"done\" alt=\"\" id=\"d60b927d97bc4fcea301d1023bd200c5\r\n\" src=\"http://img30.360buyimg.com/popWaterMark/jfs/t2062/157/752585558/204739/54f26a01/5627860fN2bb50e64.jpg\" class=\"\" style=\"margin: 0px; padding: 0px; border: 0px; vertical-align: middle; color: rgb(102, 102, 102); font-family: Arial, Verdana, 宋体; font-size: 12px; line-height: 18px; white-space: normal; background-color: rgb(255, 255, 255);\"/><span style=\"color: rgb(102, 102, 102); font-family: Arial, Verdana, 宋体; font-size: 12px; line-height: 18px; background-color: rgb(255, 255, 255);\">&nbsp;</span><br style=\"color: rgb(102, 102, 102); font-family: Arial, Verdana, 宋体; font-size: 12px; line-height: 18px; white-space: normal; background-color: rgb(255, 255, 255);\"/></p><p style=\"margin-top: 0px; margin-bottom: 0px; padding: 0px; color: rgb(102, 102, 102); font-family: Arial, Verdana, 宋体; font-size: 12px; line-height: 18px; white-space: normal; text-align: center; background-color: rgb(255, 255, 255);\"><img data-lazyload=\"done\" alt=\"\" id=\"c8eb6bb03edd4dc19f1ed01491875484\r\n\" src=\"http://img30.360buyimg.com/popWaterMark/jfs/t2284/172/761677196/383807/194ac595/5627860fNc35b502e.jpg\" class=\"\" style=\"margin: 0px; padding: 0px; border: 0px; vertical-align: middle;\"/></p><p><br/></p>'), ('95', 'services', ''), ('95', 'specification', ''), ('94', 'introduce', '<p style=\"text-align: center;\"><img data-lazyload=\"done\" src=\"http://demo.jspxcms.com/uploads/1/image/public/201512/20151224141955_cvkonsqa3x.jpg\" class=\"\" style=\"margin: 0px; padding: 0px; border: 0px; vertical-align: middle; color: rgb(102, 102, 102); font-family: Arial, Helvetica, sans-serif; font-size: 14px; line-height: 23px; text-align: center; white-space: normal; background-color: rgb(255, 255, 255);\"/></p><p style=\"text-align: center;\"><img data-lazyload=\"done\" src=\"http://demo.jspxcms.com/uploads/1/image/public/201512/20151224142225_djhxuqntku.jpg\" class=\"\" style=\"margin: 0px; padding: 0px; border: 0px; vertical-align: middle;\"/></p><p style=\"text-align: center;\"><img data-lazyload=\"done\" src=\"http://demo.jspxcms.com/uploads/1/image/public/201512/20151224142227_3r33u7ul8x.jpg\" class=\"\" style=\"margin: 0px; padding: 0px; border: 0px; vertical-align: middle;\"/></p><p style=\"text-align: center;\"><img data-lazyload=\"done\" src=\"http://demo.jspxcms.com/uploads/1/image/public/201512/20151224142231_nysw7hss1x.jpg\" class=\"\" style=\"margin: 0px; padding: 0px; border: 0px; vertical-align: middle;\"/></p><p style=\"text-align: center;\"><img data-lazyload=\"done\" src=\"http://demo.jspxcms.com/uploads/1/image/public/201512/20151224142235_sddhjwhpyg.jpg\" class=\"\" style=\"margin: 0px; padding: 0px; border: 0px; vertical-align: middle;\"/></p><p><br/></p>'), ('94', 'packingList', '<p>显示器x1 底座x1 DVI信号线x1 说明书x1 保修卡x1 合格证x1</p>'), ('94', 'services', '<p>本产品全国联保，享受三包服务，质保期为：三年质保<br/>如因质量问题或故障，凭厂商维修中心或特约维修点的质量检测证明，享受7日内退货，15日内换货，15日以上在质保期内享受免费保修等三包服务！<br/>(注:如厂家在商品介绍中有售后保障的说明,则此商品按照厂家说明执行售后保障服务。) 售后服务电话：400-0099-998</p>'), ('94', 'specification', '<table cellpadding=\"0\" cellspacing=\"1\" width=\"100%\" class=\"Ptable\"><tbody><tr class=\"firstRow\"><th class=\"tdTitle\" colspan=\"2\" style=\"text-align: center; padding-right: 5px; padding-left: 5px; width: 110px; background: rgb(245, 250, 254);\">主体</th></tr><tr><td><br/></td><td><br/></td></tr><tr><td class=\"tdTitle\" style=\"padding: 2px 5px; text-align: right; background: rgb(245, 250, 254);\" width=\"110\">品牌</td><td style=\"padding: 2px 5px; background: rgb(255, 255, 255);\">惠科 HKC</td></tr><tr><td class=\"tdTitle\" style=\"padding: 2px 5px; text-align: right; background: rgb(245, 250, 254);\" width=\"110\">型号</td><td style=\"padding: 2px 5px; background: rgb(255, 255, 255);\">Q320</td></tr><tr><td class=\"tdTitle\" style=\"padding: 2px 5px; text-align: right; background: rgb(245, 250, 254);\" width=\"110\">外观颜色</td><td style=\"padding: 2px 5px; background: rgb(255, 255, 255);\">白色</td></tr><tr><td class=\"tdTitle\" style=\"padding: 2px 5px; text-align: right; background: rgb(245, 250, 254);\" width=\"110\">颜色</td><td style=\"padding: 2px 5px; background: rgb(255, 255, 255);\">银色</td></tr><tr><th class=\"tdTitle\" colspan=\"2\" style=\"text-align: center; padding-right: 5px; padding-left: 5px; width: 110px; background: rgb(245, 250, 254);\">显示</th></tr><tr><td><br/></td><td><br/></td></tr><tr><td class=\"tdTitle\" style=\"padding: 2px 5px; text-align: right; background: rgb(245, 250, 254);\" width=\"110\">面板类型</td><td style=\"padding: 2px 5px; background: rgb(255, 255, 255);\">AMVA面板</td></tr><tr><td class=\"tdTitle\" style=\"padding: 2px 5px; text-align: right; background: rgb(245, 250, 254);\" width=\"110\">面板尺寸</td><td style=\"padding: 2px 5px; background: rgb(255, 255, 255);\">32英寸</td></tr><tr><td class=\"tdTitle\" style=\"padding: 2px 5px; text-align: right; background: rgb(245, 250, 254);\" width=\"110\">宽屏</td><td style=\"padding: 2px 5px; background: rgb(255, 255, 255);\">是</td></tr><tr><td class=\"tdTitle\" style=\"padding: 2px 5px; text-align: right; background: rgb(245, 250, 254);\" width=\"110\">屏幕比例</td><td style=\"padding: 2px 5px; background: rgb(255, 255, 255);\">16:9</td></tr><tr><td class=\"tdTitle\" style=\"padding: 2px 5px; text-align: right; background: rgb(245, 250, 254);\" width=\"110\">最佳分辨率</td><td style=\"padding: 2px 5px; background: rgb(255, 255, 255);\">2560x1440</td></tr><tr><td class=\"tdTitle\" style=\"padding: 2px 5px; text-align: right; background: rgb(245, 250, 254);\" width=\"110\">响应时间</td><td style=\"padding: 2px 5px; background: rgb(255, 255, 255);\">GTG 5ms</td></tr><tr><td class=\"tdTitle\" style=\"padding: 2px 5px; text-align: right; background: rgb(245, 250, 254);\" width=\"110\">点距</td><td style=\"padding: 2px 5px; background: rgb(255, 255, 255);\">0.277mm</td></tr><tr><td class=\"tdTitle\" style=\"padding: 2px 5px; text-align: right; background: rgb(245, 250, 254);\" width=\"110\">色数</td><td style=\"padding: 2px 5px; background: rgb(255, 255, 255);\">10.7亿色</td></tr><tr><td class=\"tdTitle\" style=\"padding: 2px 5px; text-align: right; background: rgb(245, 250, 254);\" width=\"110\">亮度</td><td style=\"padding: 2px 5px; background: rgb(255, 255, 255);\">250cd/m2</td></tr><tr><td class=\"tdTitle\" style=\"padding: 2px 5px; text-align: right; background: rgb(245, 250, 254);\" width=\"110\">对比度</td><td style=\"padding: 2px 5px; background: rgb(255, 255, 255);\">50000000：1（DCR）</td></tr><tr><td class=\"tdTitle\" style=\"padding: 2px 5px; text-align: right; background: rgb(245, 250, 254);\" width=\"110\">可视角度</td><td style=\"padding: 2px 5px; background: rgb(255, 255, 255);\">H：176/V：176</td></tr><tr><td class=\"tdTitle\" style=\"padding: 2px 5px; text-align: right; background: rgb(245, 250, 254);\" width=\"110\">LED背光</td><td style=\"padding: 2px 5px; background: rgb(255, 255, 255);\">是</td></tr><tr><th class=\"tdTitle\" colspan=\"2\" style=\"text-align: center; padding-right: 5px; padding-left: 5px; width: 110px; background: rgb(245, 250, 254);\">接口</th></tr><tr><td><br/></td><td><br/></td></tr><tr><td class=\"tdTitle\" style=\"padding: 2px 5px; text-align: right; background: rgb(245, 250, 254);\" width=\"110\">VGA接口</td><td style=\"padding: 2px 5px; background: rgb(255, 255, 255);\">有</td></tr><tr><td class=\"tdTitle\" style=\"padding: 2px 5px; text-align: right; background: rgb(245, 250, 254);\" width=\"110\">DVI接口</td><td style=\"padding: 2px 5px; background: rgb(255, 255, 255);\">有</td></tr><tr><td class=\"tdTitle\" style=\"padding: 2px 5px; text-align: right; background: rgb(245, 250, 254);\" width=\"110\">HDMI接口</td><td style=\"padding: 2px 5px; background: rgb(255, 255, 255);\">有</td></tr><tr><td class=\"tdTitle\" style=\"padding: 2px 5px; text-align: right; background: rgb(245, 250, 254);\" width=\"110\">VGA</td><td style=\"padding: 2px 5px; background: rgb(255, 255, 255);\">1个</td></tr><tr><td class=\"tdTitle\" style=\"padding: 2px 5px; text-align: right; background: rgb(245, 250, 254);\" width=\"110\">DVI</td><td style=\"padding: 2px 5px; background: rgb(255, 255, 255);\">1个</td></tr><tr><td class=\"tdTitle\" style=\"padding: 2px 5px; text-align: right; background: rgb(245, 250, 254);\" width=\"110\">HDMI</td><td style=\"padding: 2px 5px; background: rgb(255, 255, 255);\">1个</td></tr><tr><th class=\"tdTitle\" colspan=\"2\" style=\"text-align: center; padding-right: 5px; padding-left: 5px; width: 110px; background: rgb(245, 250, 254);\">规格</th></tr><tr><td><br/></td><td><br/></td></tr><tr><td class=\"tdTitle\" style=\"padding: 2px 5px; text-align: right; background: rgb(245, 250, 254);\" width=\"110\">电源</td><td style=\"padding: 2px 5px; background: rgb(255, 255, 255);\">内置</td></tr><tr><td class=\"tdTitle\" style=\"padding: 2px 5px; text-align: right; background: rgb(245, 250, 254);\" width=\"110\">尺寸</td><td style=\"padding: 2px 5px; background: rgb(255, 255, 255);\">729x504x52mm 整机尺寸（不含包装）</td></tr><tr><td class=\"tdTitle\" style=\"padding: 2px 5px; text-align: right; background: rgb(245, 250, 254);\" width=\"110\">重量</td><td style=\"padding: 2px 5px; background: rgb(255, 255, 255);\">8.07kg</td></tr><tr><td class=\"tdTitle\" style=\"padding: 2px 5px; text-align: right; background: rgb(245, 250, 254);\" width=\"110\">是否支持壁挂</td><td style=\"padding: 2px 5px; background: rgb(255, 255, 255);\">是</td></tr><tr><td class=\"tdTitle\" style=\"padding: 2px 5px; text-align: right; background: rgb(245, 250, 254);\" width=\"110\">壁挂规格</td><td style=\"padding: 2px 5px; background: rgb(255, 255, 255);\">100x100mm</td></tr><tr><td class=\"tdTitle\" style=\"padding: 2px 5px; text-align: right; background: rgb(245, 250, 254);\" width=\"110\">底座</td><td style=\"padding: 2px 5px; background: rgb(255, 255, 255);\">普通</td></tr></tbody></table><p><br/></p>'), ('97', 'packingList', 'iPhone 6S Plus*1；具有线控功能和麦克风的 Apple EarPods*1；Lightning to USB 连接线*1；USB 电源适配器*1；资料'), ('97', 'introduce', '<table width=\"750\" align=\"center\" cellpadding=\"0\" cellspacing=\"0\"><tbody><tr class=\"firstRow\"><td><img data-lazyload=\"done\" width=\"750\" height=\"2113\" alt=\"\" src=\"http://demo.jspxcms.com/uploads/1/image/public/201512/20151224122112_6ibijnem1j.jpg\" class=\"\" style=\"margin: 0px; padding: 0px; border: 0px; vertical-align: middle;\"/></td></tr></tbody></table><table width=\"750\" align=\"center\" cellpadding=\"0\" cellspacing=\"0\"><tbody><tr class=\"firstRow\"><td><img data-lazyload=\"done\" width=\"750\" height=\"2001\" alt=\"\" src=\"http://demo.jspxcms.com/uploads/1/image/public/201512/20151224122114_nf2xlg9cnm.jpg\" class=\"\" style=\"margin: 0px; padding: 0px; border: 0px; vertical-align: middle;\"/></td></tr></tbody></table><table width=\"750\" align=\"center\" cellpadding=\"0\" cellspacing=\"0\"><tbody><tr class=\"firstRow\"><td><img data-lazyload=\"done\" width=\"750\" height=\"1824\" border=\"0\" usemap=\"#MapiPhone\" alt=\"\" src=\"http://demo.jspxcms.com/uploads/1/image/public/201512/20151224122116_yejoosrut1.jpg\" class=\"\" style=\"margin: 0px; padding: 0px; border: 0px; vertical-align: middle;\"/><br/><br/></td></tr></tbody></table><p><br/></p>'), ('97', 'services', '本产品全国联保，享受三包服务，质保期为：一年质保<br/>如因质量问题或故障，凭厂商维修中心或特约维修点的质量检测证明，享受7日内退货，15日内换货，15日以上在质保期内享受免费保修等三包服务！<br/>(注:如厂家在商品介绍中有售后保障的说明,则此商品按照厂家说明执行售后保障服务。) 您可以查询本品牌在各地售后服务中心的联系方式，请点击这儿查询......<br/><br/>品牌官方网站：http://www.apple.com.cn/<br/>售后服务电话：4006668800'), ('97', 'specification', '<table cellpadding=\"0\" cellspacing=\"1\" width=\"100%\" class=\"Ptable\"><tbody><tr class=\"firstRow\"><th class=\"tdTitle\" colspan=\"2\" style=\"text-align: center; padding-right: 5px; padding-left: 5px; width: 110px; background: rgb(245, 250, 254);\">主体</th></tr><tr><td><br/></td><td><br/></td></tr><tr><td class=\"tdTitle\" style=\"padding: 2px 5px; text-align: right; background: rgb(245, 250, 254);\" width=\"110\">品牌</td><td style=\"padding: 2px 5px; background: rgb(255, 255, 255);\">Apple</td></tr><tr><td class=\"tdTitle\" style=\"padding: 2px 5px; text-align: right; background: rgb(245, 250, 254);\" width=\"110\">型号</td><td style=\"padding: 2px 5px; background: rgb(255, 255, 255);\">iPhone 6S Plus</td></tr><tr><td class=\"tdTitle\" style=\"padding: 2px 5px; text-align: right; background: rgb(245, 250, 254);\" width=\"110\">颜色</td><td style=\"padding: 2px 5px; background: rgb(255, 255, 255);\">玫瑰金色</td></tr><tr><td class=\"tdTitle\" style=\"padding: 2px 5px; text-align: right; background: rgb(245, 250, 254);\" width=\"110\">上市年份</td><td style=\"padding: 2px 5px; background: rgb(255, 255, 255);\">2015年</td></tr><tr><td class=\"tdTitle\" style=\"padding: 2px 5px; text-align: right; background: rgb(245, 250, 254);\" width=\"110\">上市月份</td><td style=\"padding: 2px 5px; background: rgb(255, 255, 255);\">9月</td></tr><tr><td class=\"tdTitle\" style=\"padding: 2px 5px; text-align: right; background: rgb(245, 250, 254);\" width=\"110\">输入方式</td><td style=\"padding: 2px 5px; background: rgb(255, 255, 255);\">触控</td></tr><tr><td class=\"tdTitle\" style=\"padding: 2px 5px; text-align: right; background: rgb(245, 250, 254);\" width=\"110\">智能机</td><td style=\"padding: 2px 5px; background: rgb(255, 255, 255);\">是</td></tr><tr><td class=\"tdTitle\" style=\"padding: 2px 5px; text-align: right; background: rgb(245, 250, 254);\" width=\"110\">操作系统</td><td style=\"padding: 2px 5px; background: rgb(255, 255, 255);\">苹果（IOS）</td></tr><tr><td class=\"tdTitle\" style=\"padding: 2px 5px; text-align: right; background: rgb(245, 250, 254);\" width=\"110\">操作系统版本</td><td style=\"padding: 2px 5px; background: rgb(255, 255, 255);\">iOS</td></tr><tr><td class=\"tdTitle\" style=\"padding: 2px 5px; text-align: right; background: rgb(245, 250, 254);\" width=\"110\">CPU品牌</td><td style=\"padding: 2px 5px; background: rgb(255, 255, 255);\">苹果</td></tr><tr><td class=\"tdTitle\" style=\"padding: 2px 5px; text-align: right; background: rgb(245, 250, 254);\" width=\"110\">CPU说明</td><td style=\"padding: 2px 5px; background: rgb(255, 255, 255);\">64 位架构的 A9 芯片，嵌入式 M9 运动协处理器</td></tr><tr><td class=\"tdTitle\" style=\"padding: 2px 5px; text-align: right; background: rgb(245, 250, 254);\" width=\"110\">运营商标志或内容</td><td style=\"padding: 2px 5px; background: rgb(255, 255, 255);\">无</td></tr><tr><th class=\"tdTitle\" colspan=\"2\" style=\"text-align: center; padding-right: 5px; padding-left: 5px; width: 110px; background: rgb(245, 250, 254);\">网络</th></tr><tr><td><br/></td><td><br/></td></tr><tr><td class=\"tdTitle\" style=\"padding: 2px 5px; text-align: right; background: rgb(245, 250, 254);\" width=\"110\">4G网络制式</td><td style=\"padding: 2px 5px; background: rgb(255, 255, 255);\">移动4G(TD-LTE)/联通4G(FDD-LTE)/电信4G(FDD-LTE)</td></tr><tr><td class=\"tdTitle\" style=\"padding: 2px 5px; text-align: right; background: rgb(245, 250, 254);\" width=\"110\">3G网络制式</td><td style=\"padding: 2px 5px; background: rgb(255, 255, 255);\">移动3G(TD-SCDMA)/联通3G(WCDMA)/电信3G（CDMA2000）</td></tr><tr><td class=\"tdTitle\" style=\"padding: 2px 5px; text-align: right; background: rgb(245, 250, 254);\" width=\"110\">2G网络制式</td><td style=\"padding: 2px 5px; background: rgb(255, 255, 255);\">移动2G/联通2G(GSM)/电信2G(CDMA)</td></tr><tr><td class=\"tdTitle\" style=\"padding: 2px 5px; text-align: right; background: rgb(245, 250, 254);\" width=\"110\">网络频率</td><td style=\"padding: 2px 5px; background: rgb(255, 255, 255);\">FDD-LTE (频段 1, 2, 3, 4, 5, 7, 8, 12, 13, 17, 18, 19, 20, 25, 26, 27, 28, 29)<br/>TD-LTE (频段 38, 39, 40, 41)<br/>TD-SCDMA 1900 (F), 2000 (A)<br/>CDMA EV-DO Rev. A (800, 1700/2100, 1900, 2100 MHz)<br/>UMTS(WCDMA)/HSPA+/DC-HSDPA (850, 900, 1700/2100, 1900, 2100 MHz)<br/>GSM/EDGE (850, 900, 1800, 1900 MHz)</td></tr><tr><th class=\"tdTitle\" colspan=\"2\" style=\"text-align: center; padding-right: 5px; padding-left: 5px; width: 110px; background: rgb(245, 250, 254);\">存储</th></tr><tr><td><br/></td><td><br/></td></tr><tr><td class=\"tdTitle\" style=\"padding: 2px 5px; text-align: right; background: rgb(245, 250, 254);\" width=\"110\">机身内存</td><td style=\"padding: 2px 5px; background: rgb(255, 255, 255);\">64GB ROM</td></tr><tr><td class=\"tdTitle\" style=\"padding: 2px 5px; text-align: right; background: rgb(245, 250, 254);\" width=\"110\">储存卡类型</td><td style=\"padding: 2px 5px; background: rgb(255, 255, 255);\">不支持</td></tr><tr><th class=\"tdTitle\" colspan=\"2\" style=\"text-align: center; padding-right: 5px; padding-left: 5px; width: 110px; background: rgb(245, 250, 254);\">显示</th></tr><tr><td><br/></td><td><br/></td></tr><tr><td class=\"tdTitle\" style=\"padding: 2px 5px; text-align: right; background: rgb(245, 250, 254);\" width=\"110\">屏幕尺寸</td><td style=\"padding: 2px 5px; background: rgb(255, 255, 255);\">5.5英寸</td></tr><tr><td class=\"tdTitle\" style=\"padding: 2px 5px; text-align: right; background: rgb(245, 250, 254);\" width=\"110\">触摸屏</td><td style=\"padding: 2px 5px; background: rgb(255, 255, 255);\">具备 3D Touch 技术的 Retina HD 显示屏<br/>1300：1 对比度 (标准)<br/>500 cd/m2 最大亮度 (标准)<br/>全 sRGB 标准<br/>支持广阔视角的双域像素<br/>正面采用防油渍防指纹涂层<br/>支持多种语言文字同时显示<br/>放大显示<br/>便捷访问功能</td></tr><tr><td class=\"tdTitle\" style=\"padding: 2px 5px; text-align: right; background: rgb(245, 250, 254);\" width=\"110\">分辨率</td><td style=\"padding: 2px 5px; background: rgb(255, 255, 255);\">1920 x 1080</td></tr><tr><td class=\"tdTitle\" style=\"padding: 2px 5px; text-align: right; background: rgb(245, 250, 254);\" width=\"110\">PPI</td><td style=\"padding: 2px 5px; background: rgb(255, 255, 255);\">401</td></tr><tr><th class=\"tdTitle\" colspan=\"2\" style=\"text-align: center; padding-right: 5px; padding-left: 5px; width: 110px; background: rgb(245, 250, 254);\">感应器</th></tr><tr><td><br/></td><td><br/></td></tr><tr><td class=\"tdTitle\" style=\"padding: 2px 5px; text-align: right; background: rgb(245, 250, 254);\" width=\"110\">GPS模块</td><td style=\"padding: 2px 5px; background: rgb(255, 255, 255);\">支持</td></tr><tr><td class=\"tdTitle\" style=\"padding: 2px 5px; text-align: right; background: rgb(245, 250, 254);\" width=\"110\">重力感应</td><td style=\"padding: 2px 5px; background: rgb(255, 255, 255);\">支持</td></tr><tr><td class=\"tdTitle\" style=\"padding: 2px 5px; text-align: right; background: rgb(245, 250, 254);\" width=\"110\">光线感应</td><td style=\"padding: 2px 5px; background: rgb(255, 255, 255);\">支持</td></tr><tr><td class=\"tdTitle\" style=\"padding: 2px 5px; text-align: right; background: rgb(245, 250, 254);\" width=\"110\">距离感应</td><td style=\"padding: 2px 5px; background: rgb(255, 255, 255);\">支持</td></tr><tr><td class=\"tdTitle\" style=\"padding: 2px 5px; text-align: right; background: rgb(245, 250, 254);\" width=\"110\">陀螺仪</td><td style=\"padding: 2px 5px; background: rgb(255, 255, 255);\">支持</td></tr><tr><th class=\"tdTitle\" colspan=\"2\" style=\"text-align: center; padding-right: 5px; padding-left: 5px; width: 110px; background: rgb(245, 250, 254);\">摄像功能</th></tr><tr><td><br/></td><td><br/></td></tr><tr><td class=\"tdTitle\" style=\"padding: 2px 5px; text-align: right; background: rgb(245, 250, 254);\" width=\"110\">后置摄像头</td><td style=\"padding: 2px 5px; background: rgb(255, 255, 255);\">1200万像素</td></tr><tr><td class=\"tdTitle\" style=\"padding: 2px 5px; text-align: right; background: rgb(245, 250, 254);\" width=\"110\">前置摄像头</td><td style=\"padding: 2px 5px; background: rgb(255, 255, 255);\">500万像素</td></tr><tr><td class=\"tdTitle\" style=\"padding: 2px 5px; text-align: right; background: rgb(245, 250, 254);\" width=\"110\">闪光灯</td><td style=\"padding: 2px 5px; background: rgb(255, 255, 255);\">True Tone 闪光灯</td></tr><tr><td class=\"tdTitle\" style=\"padding: 2px 5px; text-align: right; background: rgb(245, 250, 254);\" width=\"110\">自动对焦</td><td style=\"padding: 2px 5px; background: rgb(255, 255, 255);\">Focus Pixels 自动对焦</td></tr><tr><td class=\"tdTitle\" style=\"padding: 2px 5px; text-align: right; background: rgb(245, 250, 254);\" width=\"110\">其他性能</td><td style=\"padding: 2px 5px; background: rgb(255, 255, 255);\">全新 1200 万像素 iSight 摄像头，单个像素尺寸为 1.22 微米<br/>Live Photos<br/>Focus Pixels 自动对焦<br/>光学图像防抖功能 (仅限于 iPhone 6s Plus)<br/>True Tone 闪光灯<br/>全景模式 (高达 6300 万像素)<br/>自动 HDR 照片<br/>曝光控制<br/>连拍快照模式<br/>计时模式<br/>F/2.2 光圈<br/>五镜式镜头<br/>混合红外线滤镜<br/>背照式感光元件<br/>蓝宝石水晶镜头表面<br/>自动图像防抖功能<br/>优化的局部色调映射功能<br/>优化的降噪功能<br/>面部识别功能<br/>照片地理标记功能</td></tr><tr><th class=\"tdTitle\" colspan=\"2\" style=\"text-align: center; padding-right: 5px; padding-left: 5px; width: 110px; background: rgb(245, 250, 254);\">娱乐功能</th></tr><tr><td><br/></td><td><br/></td></tr><tr><td class=\"tdTitle\" style=\"padding: 2px 5px; text-align: right; background: rgb(245, 250, 254);\" width=\"110\">音乐播放</td><td style=\"padding: 2px 5px; background: rgb(255, 255, 255);\">AAC (8 至 320 Kbps)、Protected AAC (来自 iTunes Store)、HE-AAC、MP3 (8 至 320 Kbps)、MP3 VBR、Audible (格式 2、3、4，Audible Enhanced Audio、AAX 与 AAX+)、Apple Lossless、AIFF 与 WAV</td></tr><tr><td class=\"tdTitle\" style=\"padding: 2px 5px; text-align: right; background: rgb(245, 250, 254);\" width=\"110\">视频播放</td><td style=\"padding: 2px 5px; background: rgb(255, 255, 255);\">H.264 视频，最高可达 1080p，60 fps；High Profile level 4.2 和 AAC-LC 音频，最高可达 160 Kbps，48kHz；立体声音频，文件格式为 .m4v、.mp4 和 .mov；MPEG-4 视频，最高可达 2.5 Mbps，640 x 480 像素，30 fps；Simple Profile 和 AAC-LC 音频，每声道最高可达 160 Kbps，48kHz，立体声音频，文件格式为 .m4v, .mp4 和 .mov；Motion JPEG (M-JPEG)，最高可达 35 Mbps，1280 x 720 像素，30 fps；ulaw 音频和 PCM 立体声音频，文件格式为 .avi</td></tr><tr><th class=\"tdTitle\" colspan=\"2\" style=\"text-align: center; padding-right: 5px; padding-left: 5px; width: 110px; background: rgb(245, 250, 254);\">传输功能</th></tr><tr><td><br/></td><td><br/></td></tr><tr><td class=\"tdTitle\" style=\"padding: 2px 5px; text-align: right; background: rgb(245, 250, 254);\" width=\"110\">Wi-Fi</td><td style=\"padding: 2px 5px; background: rgb(255, 255, 255);\">支持</td></tr><tr><td class=\"tdTitle\" style=\"padding: 2px 5px; text-align: right; background: rgb(245, 250, 254);\" width=\"110\">蓝牙</td><td style=\"padding: 2px 5px; background: rgb(255, 255, 255);\">支持</td></tr><tr><td class=\"tdTitle\" style=\"padding: 2px 5px; text-align: right; background: rgb(245, 250, 254);\" width=\"110\">NFC(近场通讯)</td><td style=\"padding: 2px 5px; background: rgb(255, 255, 255);\">支持</td></tr><tr><td class=\"tdTitle\" style=\"padding: 2px 5px; text-align: right; background: rgb(245, 250, 254);\" width=\"110\">WIFI热点</td><td style=\"padding: 2px 5px; background: rgb(255, 255, 255);\">支持</td></tr><tr><th class=\"tdTitle\" colspan=\"2\" style=\"text-align: center; padding-right: 5px; padding-left: 5px; width: 110px; background: rgb(245, 250, 254);\">其他</th></tr><tr><td><br/></td><td><br/></td></tr><tr><td class=\"tdTitle\" style=\"padding: 2px 5px; text-align: right; background: rgb(245, 250, 254);\" width=\"110\">SIM卡尺寸</td><td style=\"padding: 2px 5px; background: rgb(255, 255, 255);\">Nano SIM卡</td></tr><tr><td class=\"tdTitle\" style=\"padding: 2px 5px; text-align: right; background: rgb(245, 250, 254);\" width=\"110\">电池类型</td><td style=\"padding: 2px 5px; background: rgb(255, 255, 255);\">锂电池</td></tr><tr><td class=\"tdTitle\" style=\"padding: 2px 5px; text-align: right; background: rgb(245, 250, 254);\" width=\"110\">电池容量（mAh）</td><td style=\"padding: 2px 5px; background: rgb(255, 255, 255);\">理论待机时间长达16天</td></tr><tr><td class=\"tdTitle\" style=\"padding: 2px 5px; text-align: right; background: rgb(245, 250, 254);\" width=\"110\">电池更换</td><td style=\"padding: 2px 5px; background: rgb(255, 255, 255);\">不支持</td></tr><tr><td class=\"tdTitle\" style=\"padding: 2px 5px; text-align: right; background: rgb(245, 250, 254);\" width=\"110\">理论通话时间（小时）</td><td style=\"padding: 2px 5px; background: rgb(255, 255, 255);\">使用 3G 网络时长达 24 小时</td></tr><tr><td class=\"tdTitle\" style=\"padding: 2px 5px; text-align: right; background: rgb(245, 250, 254);\" width=\"110\">理论待机时间（小时）</td><td style=\"padding: 2px 5px; background: rgb(255, 255, 255);\">长达 16 天 (384 小时)</td></tr><tr><td class=\"tdTitle\" style=\"padding: 2px 5px; text-align: right; background: rgb(245, 250, 254);\" width=\"110\">数据线</td><td style=\"padding: 2px 5px; background: rgb(255, 255, 255);\">Lightning</td></tr><tr><td class=\"tdTitle\" style=\"padding: 2px 5px; text-align: right; background: rgb(245, 250, 254);\" width=\"110\">耳机接口</td><td style=\"padding: 2px 5px; background: rgb(255, 255, 255);\">3.5mm</td></tr><tr><td class=\"tdTitle\" style=\"padding: 2px 5px; text-align: right; background: rgb(245, 250, 254);\" width=\"110\">机身尺寸（mm）</td><td style=\"padding: 2px 5px; background: rgb(255, 255, 255);\">158.2*77.9*7.3</td></tr><tr><td class=\"tdTitle\" style=\"padding: 2px 5px; text-align: right; background: rgb(245, 250, 254);\" width=\"110\">机身重量（g）</td><td style=\"padding: 2px 5px; background: rgb(255, 255, 255);\">192</td></tr><tr><td class=\"tdTitle\" style=\"padding: 2px 5px; text-align: right; background: rgb(245, 250, 254);\" width=\"110\">其他</td><td style=\"padding: 2px 5px; background: rgb(255, 255, 255);\">* 要识别你的 iPhone 的型号，请参阅 http：//support.apple.com/kb/HT3939。4G LTE Advanced 和 4G LTE 功能适用于特定国家或地区的特定运营商。有关 4G LTE 支持的详情，请联系你的运营商并查看 www.apple.com/iphone/LTE/。<br/>1. 1GB = 10 亿字节； 内置主内存容量 16GB / 64GB/ 128GB (依所购机型而定)；格式化之后的实际容量可能较小。<br/>2. 实际尺寸和重量依配置和制造工艺的不同可能有所差异。<br/>3. FaceTime 视频通话要求通话双方使用支持 FaceTime 的设备和无线网络连接。能否通过蜂窝网络使用此功能，取决于运营商政策；可能需要支付数据费用。<br/>4. Siri 可能仅支持部分语言或地区，并且功能可能因地区而异。需使用互联网接入。可能需要支付蜂窝网络数据费用。<br/>5. 所有电池性能信息取决于网络设置和许多其他因素，实际结果可能有所不同。电池充电周期次数有限，最终可能需由 Apple 服务提供商更换。 电池使用时间和充电周期次数依设置和使用情况的不同而可能有所差异。详情请参阅 http：//www.apple.com/cn/batteries/ 和 http：//www.apple.com/cn/iphone/battery.html。<br/>6. 2013 年 9 月 1 日或之后初次激活且符合条件，并兼容 iOS 9 的设备，可从 App Store 免费下载 iMovie、Pages、Numbers 和 Keynote。2014 年 9 月 1 日或之后初次激活且符合条件，并兼容 iOS 9 的设备，可从 App Store 免费下载 GarageBand。请参阅 www.apple.com/cn/ios/whats-new/ 了解兼容 iOS 9 的设备。下载 app 需要使用 Apple ID。<br/>7. 推荐使用无线宽带网络；可能需要付费。<br/>8. 基于接收方和 app 的自定义建议功能不适用于中文 (简体、繁体) 和日语。</td></tr></tbody></table><p><br/></p>'), ('98', 'packingList', '<p>索尼RX100 M2 ×1、NP-BX1锂电池?×1、电源适配器 ×1、Micro USB线 ×1、使用说明书 ×1、保修卡 ×1</p>'), ('98', 'introduce', '<p style=\"text-align: center;\"><img alt=\"\" data-lazyload=\"done\" src=\"http://demo.jspxcms.com/uploads/1/image/public/201512/20151224121248_wfr3bbl7c2.jpg\" class=\"\" style=\"margin: 0px; padding: 0px; border: 0px; vertical-align: middle; color: rgb(102, 102, 102); font-family: Arial, Helvetica, sans-serif; font-size: 14px; line-height: 23px; text-align: center; white-space: normal; background-color: rgb(255, 255, 255);\"/></p><p style=\"white-space: normal; text-align: center;\"><img alt=\"\" data-lazyload=\"done\" src=\"http://demo.jspxcms.com/uploads/1/image/public/201512/20151224121623_6guvkxkei5.jpg\" class=\"\" style=\"margin: 0px; padding: 0px; border: 0px; vertical-align: middle;\"/></p><p style=\"white-space: normal; text-align: center;\"><img alt=\"\" data-lazyload=\"done\" src=\"http://demo.jspxcms.com/uploads/1/image/public/201512/20151224121626_4rsrj1sbhg.jpg\" class=\"\" style=\"margin: 0px; padding: 0px; border: 0px; vertical-align: middle;\"/></p><p style=\"white-space: normal; text-align: center;\"><img alt=\"\" data-lazyload=\"done\" src=\"http://demo.jspxcms.com/uploads/1/image/public/201512/20151224121627_2sxs6tcwqv.png\" class=\"\" style=\"margin: 0px; padding: 0px; border: 0px; vertical-align: middle;\"/></p><p style=\"white-space: normal; text-align: center;\"><img alt=\"\" data-lazyload=\"done\" src=\"http://demo.jspxcms.com/uploads/1/image/public/201512/20151224121635_ioeks5jqwj.png\" class=\"\" style=\"margin: 0px; padding: 0px; border: 0px; vertical-align: middle;\"/></p><p><br/></p>'), ('98', 'services', '<p>本产品全国联保，享受三包服务，质保期为：一年质保 品牌官方网站：http://www.sony.com.cn/ 售后服务电话：400-810-9000</p>'), ('98', 'specification', '<table cellpadding=\"0\" cellspacing=\"1\" width=\"100%\" class=\"Ptable\"><tbody><tr class=\"firstRow\"><th class=\"tdTitle\" colspan=\"2\" style=\"text-align: center; padding-right: 5px; padding-left: 5px; width: 110px; background: rgb(245, 250, 254);\">基本参数</th></tr><tr><td><br/></td><td><br/></td></tr><tr><td class=\"tdTitle\" style=\"padding: 2px 5px; text-align: right; background: rgb(245, 250, 254);\" width=\"110\">品牌</td><td style=\"padding: 2px 5px; background: rgb(255, 255, 255);\">索尼 SONY</td></tr><tr><td class=\"tdTitle\" style=\"padding: 2px 5px; text-align: right; background: rgb(245, 250, 254);\" width=\"110\">系列</td><td style=\"padding: 2px 5px; background: rgb(255, 255, 255);\">R</td></tr><tr><td class=\"tdTitle\" style=\"padding: 2px 5px; text-align: right; background: rgb(245, 250, 254);\" width=\"110\">颜色</td><td style=\"padding: 2px 5px; background: rgb(255, 255, 255);\">黑色</td></tr><tr><td class=\"tdTitle\" style=\"padding: 2px 5px; text-align: right; background: rgb(245, 250, 254);\" width=\"110\">数码相机类型</td><td style=\"padding: 2px 5px; background: rgb(255, 255, 255);\">卡片机</td></tr><tr><td class=\"tdTitle\" style=\"padding: 2px 5px; text-align: right; background: rgb(245, 250, 254);\" width=\"110\">光学变焦倍数</td><td style=\"padding: 2px 5px; background: rgb(255, 255, 255);\">0-4倍</td></tr><tr><td class=\"tdTitle\" style=\"padding: 2px 5px; text-align: right; background: rgb(245, 250, 254);\" width=\"110\">机身材质</td><td style=\"padding: 2px 5px; background: rgb(255, 255, 255);\">合成金属</td></tr><tr><td class=\"tdTitle\" style=\"padding: 2px 5px; text-align: right; background: rgb(245, 250, 254);\" width=\"110\">总像素</td><td style=\"padding: 2px 5px; background: rgb(255, 255, 255);\">1800万以上</td></tr><tr><td class=\"tdTitle\" style=\"padding: 2px 5px; text-align: right; background: rgb(245, 250, 254);\" width=\"110\">有效像素</td><td style=\"padding: 2px 5px; background: rgb(255, 255, 255);\">1400-1599万</td></tr><tr><td class=\"tdTitle\" style=\"padding: 2px 5px; text-align: right; background: rgb(245, 250, 254);\" width=\"110\">数码变焦倍数</td><td style=\"padding: 2px 5px; background: rgb(255, 255, 255);\">更高</td></tr><tr><td class=\"tdTitle\" style=\"padding: 2px 5px; text-align: right; background: rgb(245, 250, 254);\" width=\"110\">操作模式</td><td style=\"padding: 2px 5px; background: rgb(255, 255, 255);\">全自动</td></tr><tr><td class=\"tdTitle\" style=\"padding: 2px 5px; text-align: right; background: rgb(245, 250, 254);\" width=\"110\">传感器类型</td><td style=\"padding: 2px 5px; background: rgb(255, 255, 255);\">CMOS</td></tr><tr><td class=\"tdTitle\" style=\"padding: 2px 5px; text-align: right; background: rgb(245, 250, 254);\" width=\"110\">传感器尺寸</td><td style=\"padding: 2px 5px; background: rgb(255, 255, 255);\">其它</td></tr><tr><td class=\"tdTitle\" style=\"padding: 2px 5px; text-align: right; background: rgb(245, 250, 254);\" width=\"110\">短片拍摄</td><td style=\"padding: 2px 5px; background: rgb(255, 255, 255);\">1920x1080</td></tr><tr><th class=\"tdTitle\" colspan=\"2\" style=\"text-align: center; padding-right: 5px; padding-left: 5px; width: 110px; background: rgb(245, 250, 254);\">屏幕参数</th></tr><tr><td><br/></td><td><br/></td></tr><tr><td class=\"tdTitle\" style=\"padding: 2px 5px; text-align: right; background: rgb(245, 250, 254);\" width=\"110\">液晶屏尺寸</td><td style=\"padding: 2px 5px; background: rgb(255, 255, 255);\">3.0英寸</td></tr><tr><td class=\"tdTitle\" style=\"padding: 2px 5px; text-align: right; background: rgb(245, 250, 254);\" width=\"110\">液晶屏比例</td><td style=\"padding: 2px 5px; background: rgb(255, 255, 255);\">其它</td></tr><tr><td class=\"tdTitle\" style=\"padding: 2px 5px; text-align: right; background: rgb(245, 250, 254);\" width=\"110\">触摸屏</td><td style=\"padding: 2px 5px; background: rgb(255, 255, 255);\">不支持</td></tr><tr><td class=\"tdTitle\" style=\"padding: 2px 5px; text-align: right; background: rgb(245, 250, 254);\" width=\"110\">旋转屏</td><td style=\"padding: 2px 5px; background: rgb(255, 255, 255);\">支持</td></tr><tr><th class=\"tdTitle\" colspan=\"2\" style=\"text-align: center; padding-right: 5px; padding-left: 5px; width: 110px; background: rgb(245, 250, 254);\">镜头参数</th></tr><tr><td><br/></td><td><br/></td></tr><tr><td class=\"tdTitle\" style=\"padding: 2px 5px; text-align: right; background: rgb(245, 250, 254);\" width=\"110\">镜头类型</td><td style=\"padding: 2px 5px; background: rgb(255, 255, 255);\">伸缩式</td></tr><tr><td class=\"tdTitle\" style=\"padding: 2px 5px; text-align: right; background: rgb(245, 250, 254);\" width=\"110\">变焦方式</td><td style=\"padding: 2px 5px; background: rgb(255, 255, 255);\">光学变焦,数码变焦</td></tr><tr><td class=\"tdTitle\" style=\"padding: 2px 5px; text-align: right; background: rgb(245, 250, 254);\" width=\"110\">对焦方式</td><td style=\"padding: 2px 5px; background: rgb(255, 255, 255);\">自动对焦</td></tr><tr><th class=\"tdTitle\" colspan=\"2\" style=\"text-align: center; padding-right: 5px; padding-left: 5px; width: 110px; background: rgb(245, 250, 254);\">性能参数</th></tr><tr><td><br/></td><td><br/></td></tr><tr><td class=\"tdTitle\" style=\"padding: 2px 5px; text-align: right; background: rgb(245, 250, 254);\" width=\"110\">连拍</td><td style=\"padding: 2px 5px; background: rgb(255, 255, 255);\">支持</td></tr><tr><td class=\"tdTitle\" style=\"padding: 2px 5px; text-align: right; background: rgb(245, 250, 254);\" width=\"110\">自拍</td><td style=\"padding: 2px 5px; background: rgb(255, 255, 255);\">支持</td></tr><tr><th class=\"tdTitle\" colspan=\"2\" style=\"text-align: center; padding-right: 5px; padding-left: 5px; width: 110px; background: rgb(245, 250, 254);\">闪光灯参数</th></tr><tr><td><br/></td><td><br/></td></tr><tr><td class=\"tdTitle\" style=\"padding: 2px 5px; text-align: right; background: rgb(245, 250, 254);\" width=\"110\">机身闪光灯</td><td style=\"padding: 2px 5px; background: rgb(255, 255, 255);\">内置闪光灯</td></tr><tr><td class=\"tdTitle\" style=\"padding: 2px 5px; text-align: right; background: rgb(245, 250, 254);\" width=\"110\">外接闪光灯</td><td style=\"padding: 2px 5px; background: rgb(255, 255, 255);\">支持</td></tr><tr><th class=\"tdTitle\" colspan=\"2\" style=\"text-align: center; padding-right: 5px; padding-left: 5px; width: 110px; background: rgb(245, 250, 254);\">存储及连接参数</th></tr><tr><td><br/></td><td><br/></td></tr><tr><td class=\"tdTitle\" style=\"padding: 2px 5px; text-align: right; background: rgb(245, 250, 254);\" width=\"110\">存储介质</td><td style=\"padding: 2px 5px; background: rgb(255, 255, 255);\">SD卡；SDHC卡；SDXC卡</td></tr><tr><th class=\"tdTitle\" colspan=\"2\" style=\"text-align: center; padding-right: 5px; padding-left: 5px; width: 110px; background: rgb(245, 250, 254);\">附件及电源参数</th></tr><tr><td><br/></td><td><br/></td></tr><tr><td class=\"tdTitle\" style=\"padding: 2px 5px; text-align: right; background: rgb(245, 250, 254);\" width=\"110\">电池类型</td><td style=\"padding: 2px 5px; background: rgb(255, 255, 255);\">锂电池</td></tr></tbody></table><p><br/></p>'), ('129', 'introduce', '<p style=\"text-align: center;\"><img data-lazyload=\"done\" src=\"http://demo.jspxcms.com/uploads/1/image/public/201512/20151224122450_e4mc64ckbn.jpg\" class=\"\" style=\"margin: 0px; padding: 0px; border: 0px; vertical-align: middle; color: rgb(102, 102, 102); font-family: Arial, Helvetica, sans-serif; font-size: 14px; line-height: 23px; text-align: center; white-space: normal; background-color: rgb(255, 255, 255);\"/></p>'), ('129', 'specification', '<table cellpadding=\"0\" cellspacing=\"1\" width=\"100%\" class=\"Ptable\"><tbody><tr class=\"firstRow\"><th class=\"tdTitle\" colspan=\"2\" style=\"text-align: center; padding-right: 5px; padding-left: 5px; width: 110px; background: rgb(245, 250, 254);\">主体</th></tr><tr><td><br/></td><td><br/></td></tr><tr><td class=\"tdTitle\" style=\"padding: 2px 5px; text-align: right; background: rgb(245, 250, 254);\" width=\"110\">系列</td><td style=\"padding: 2px 5px; background: rgb(255, 255, 255);\">T 系列</td></tr><tr><td class=\"tdTitle\" style=\"padding: 2px 5px; text-align: right; background: rgb(245, 250, 254);\" width=\"110\">型号</td><td style=\"padding: 2px 5px; background: rgb(255, 255, 255);\">(20CKA00DCD)</td></tr><tr><td class=\"tdTitle\" style=\"padding: 2px 5px; text-align: right; background: rgb(245, 250, 254);\" width=\"110\">颜色</td><td style=\"padding: 2px 5px; background: rgb(255, 255, 255);\">黑色</td></tr><tr><td class=\"tdTitle\" style=\"padding: 2px 5px; text-align: right; background: rgb(245, 250, 254);\" width=\"110\">平台</td><td style=\"padding: 2px 5px; background: rgb(255, 255, 255);\">Intel</td></tr><tr><th class=\"tdTitle\" colspan=\"2\" style=\"text-align: center; padding-right: 5px; padding-left: 5px; width: 110px; background: rgb(245, 250, 254);\">操作系统</th></tr><tr><td><br/></td><td><br/></td></tr><tr><td class=\"tdTitle\" style=\"padding: 2px 5px; text-align: right; background: rgb(245, 250, 254);\" width=\"110\">操作系统</td><td style=\"padding: 2px 5px; background: rgb(255, 255, 255);\">Windows 7 专业版</td></tr><tr><th class=\"tdTitle\" colspan=\"2\" style=\"text-align: center; padding-right: 5px; padding-left: 5px; width: 110px; background: rgb(245, 250, 254);\">处理器</th></tr><tr><td><br/></td><td><br/></td></tr><tr><td class=\"tdTitle\" style=\"padding: 2px 5px; text-align: right; background: rgb(245, 250, 254);\" width=\"110\">CPU类型</td><td style=\"padding: 2px 5px; background: rgb(255, 255, 255);\">酷睿双核i7处理器</td></tr><tr><td class=\"tdTitle\" style=\"padding: 2px 5px; text-align: right; background: rgb(245, 250, 254);\" width=\"110\">CPU速度</td><td style=\"padding: 2px 5px; background: rgb(255, 255, 255);\">2.6GHz~3.2GHz</td></tr><tr><td class=\"tdTitle\" style=\"padding: 2px 5px; text-align: right; background: rgb(245, 250, 254);\" width=\"110\">三级缓存</td><td style=\"padding: 2px 5px; background: rgb(255, 255, 255);\">4M</td></tr><tr><td class=\"tdTitle\" style=\"padding: 2px 5px; text-align: right; background: rgb(245, 250, 254);\" width=\"110\">核心</td><td style=\"padding: 2px 5px; background: rgb(255, 255, 255);\">双核</td></tr><tr><th class=\"tdTitle\" colspan=\"2\" style=\"text-align: center; padding-right: 5px; padding-left: 5px; width: 110px; background: rgb(245, 250, 254);\">内存</th></tr><tr><td><br/></td><td><br/></td></tr><tr><td class=\"tdTitle\" style=\"padding: 2px 5px; text-align: right; background: rgb(245, 250, 254);\" width=\"110\">内存容量</td><td style=\"padding: 2px 5px; background: rgb(255, 255, 255);\">8GB</td></tr><tr><td class=\"tdTitle\" style=\"padding: 2px 5px; text-align: right; background: rgb(245, 250, 254);\" width=\"110\">内存类型</td><td style=\"padding: 2px 5px; background: rgb(255, 255, 255);\">DDR3L-1600MHz</td></tr><tr><td class=\"tdTitle\" style=\"padding: 2px 5px; text-align: right; background: rgb(245, 250, 254);\" width=\"110\">插槽数量</td><td style=\"padding: 2px 5px; background: rgb(255, 255, 255);\">2 x SO-DIMM</td></tr><tr><th class=\"tdTitle\" colspan=\"2\" style=\"text-align: center; padding-right: 5px; padding-left: 5px; width: 110px; background: rgb(245, 250, 254);\">硬盘</th></tr><tr><td><br/></td><td><br/></td></tr><tr><td class=\"tdTitle\" style=\"padding: 2px 5px; text-align: right; background: rgb(245, 250, 254);\" width=\"110\">固态硬盘</td><td style=\"padding: 2px 5px; background: rgb(255, 255, 255);\">256GB SSD</td></tr><tr><th class=\"tdTitle\" colspan=\"2\" style=\"text-align: center; padding-right: 5px; padding-left: 5px; width: 110px; background: rgb(245, 250, 254);\">显卡</th></tr><tr><td><br/></td><td><br/></td></tr><tr><td class=\"tdTitle\" style=\"padding: 2px 5px; text-align: right; background: rgb(245, 250, 254);\" width=\"110\">类型</td><td style=\"padding: 2px 5px; background: rgb(255, 255, 255);\">独立显卡</td></tr><tr><td class=\"tdTitle\" style=\"padding: 2px 5px; text-align: right; background: rgb(245, 250, 254);\" width=\"110\">显示芯片</td><td style=\"padding: 2px 5px; background: rgb(255, 255, 255);\">NVIDIA GeForce 940M</td></tr><tr><td class=\"tdTitle\" style=\"padding: 2px 5px; text-align: right; background: rgb(245, 250, 254);\" width=\"110\">显存容量</td><td style=\"padding: 2px 5px; background: rgb(255, 255, 255);\">独立1GB</td></tr><tr><td class=\"tdTitle\" style=\"padding: 2px 5px; text-align: right; background: rgb(245, 250, 254);\" width=\"110\">双显卡</td><td style=\"padding: 2px 5px; background: rgb(255, 255, 255);\">支持</td></tr><tr><th class=\"tdTitle\" colspan=\"2\" style=\"text-align: center; padding-right: 5px; padding-left: 5px; width: 110px; background: rgb(245, 250, 254);\">光驱</th></tr><tr><td><br/></td><td><br/></td></tr><tr><td class=\"tdTitle\" style=\"padding: 2px 5px; text-align: right; background: rgb(245, 250, 254);\" width=\"110\">光驱类型</td><td style=\"padding: 2px 5px; background: rgb(255, 255, 255);\">无光驱</td></tr><tr><th class=\"tdTitle\" colspan=\"2\" style=\"text-align: center; padding-right: 5px; padding-left: 5px; width: 110px; background: rgb(245, 250, 254);\">显示器</th></tr><tr><td><br/></td><td><br/></td></tr><tr><td class=\"tdTitle\" style=\"padding: 2px 5px; text-align: right; background: rgb(245, 250, 254);\" width=\"110\">屏幕规格</td><td style=\"padding: 2px 5px; background: rgb(255, 255, 255);\">15.6英寸</td></tr><tr><td class=\"tdTitle\" style=\"padding: 2px 5px; text-align: right; background: rgb(245, 250, 254);\" width=\"110\">显示比例</td><td style=\"padding: 2px 5px; background: rgb(255, 255, 255);\">宽屏16：9</td></tr><tr><td class=\"tdTitle\" style=\"padding: 2px 5px; text-align: right; background: rgb(245, 250, 254);\" width=\"110\">物理分辨率</td><td style=\"padding: 2px 5px; background: rgb(255, 255, 255);\">2880x1620</td></tr><tr><td class=\"tdTitle\" style=\"padding: 2px 5px; text-align: right; background: rgb(245, 250, 254);\" width=\"110\">屏幕类型</td><td style=\"padding: 2px 5px; background: rgb(255, 255, 255);\">LED背光</td></tr><tr><th class=\"tdTitle\" colspan=\"2\" style=\"text-align: center; padding-right: 5px; padding-left: 5px; width: 110px; background: rgb(245, 250, 254);\">通信</th></tr><tr><td><br/></td><td><br/></td></tr><tr><td class=\"tdTitle\" style=\"padding: 2px 5px; text-align: right; background: rgb(245, 250, 254);\" width=\"110\">内置蓝牙</td><td style=\"padding: 2px 5px; background: rgb(255, 255, 255);\">蓝牙4.0</td></tr><tr><td class=\"tdTitle\" style=\"padding: 2px 5px; text-align: right; background: rgb(245, 250, 254);\" width=\"110\">局域网</td><td style=\"padding: 2px 5px; background: rgb(255, 255, 255);\">10/100/1000Mbps</td></tr><tr><td class=\"tdTitle\" style=\"padding: 2px 5px; text-align: right; background: rgb(245, 250, 254);\" width=\"110\">无线局域网</td><td style=\"padding: 2px 5px; background: rgb(255, 255, 255);\">有</td></tr><tr><th class=\"tdTitle\" colspan=\"2\" style=\"text-align: center; padding-right: 5px; padding-left: 5px; width: 110px; background: rgb(245, 250, 254);\">端口</th></tr><tr><td><br/></td><td><br/></td></tr><tr><td class=\"tdTitle\" style=\"padding: 2px 5px; text-align: right; background: rgb(245, 250, 254);\" width=\"110\">音频端口</td><td style=\"padding: 2px 5px; background: rgb(255, 255, 255);\">耳机、麦克风二合一接口</td></tr><tr><td class=\"tdTitle\" style=\"padding: 2px 5px; text-align: right; background: rgb(245, 250, 254);\" width=\"110\">显示端口</td><td style=\"padding: 2px 5px; background: rgb(255, 255, 255);\">VGA x 1/ mini DP x 1</td></tr><tr><td class=\"tdTitle\" style=\"padding: 2px 5px; text-align: right; background: rgb(245, 250, 254);\" width=\"110\">RJ45</td><td style=\"padding: 2px 5px; background: rgb(255, 255, 255);\">1个</td></tr><tr><td class=\"tdTitle\" style=\"padding: 2px 5px; text-align: right; background: rgb(245, 250, 254);\" width=\"110\">USB3.0</td><td style=\"padding: 2px 5px; background: rgb(255, 255, 255);\">3个</td></tr><tr><th class=\"tdTitle\" colspan=\"2\" style=\"text-align: center; padding-right: 5px; padding-left: 5px; width: 110px; background: rgb(245, 250, 254);\">音效系统</th></tr><tr><td><br/></td><td><br/></td></tr><tr><td class=\"tdTitle\" style=\"padding: 2px 5px; text-align: right; background: rgb(245, 250, 254);\" width=\"110\">扬声器</td><td style=\"padding: 2px 5px; background: rgb(255, 255, 255);\">内置扬声器</td></tr><tr><td class=\"tdTitle\" style=\"padding: 2px 5px; text-align: right; background: rgb(245, 250, 254);\" width=\"110\">杜比音效</td><td style=\"padding: 2px 5px; background: rgb(255, 255, 255);\">支持</td></tr><tr><td class=\"tdTitle\" style=\"padding: 2px 5px; text-align: right; background: rgb(245, 250, 254);\" width=\"110\">内置麦克风</td><td style=\"padding: 2px 5px; background: rgb(255, 255, 255);\">有</td></tr><tr><th class=\"tdTitle\" colspan=\"2\" style=\"text-align: center; padding-right: 5px; padding-left: 5px; width: 110px; background: rgb(245, 250, 254);\">输入设备</th></tr><tr><td><br/></td><td><br/></td></tr><tr><td class=\"tdTitle\" style=\"padding: 2px 5px; text-align: right; background: rgb(245, 250, 254);\" width=\"110\">键盘</td><td style=\"padding: 2px 5px; background: rgb(255, 255, 255);\">全尺寸键盘</td></tr><tr><td class=\"tdTitle\" style=\"padding: 2px 5px; text-align: right; background: rgb(245, 250, 254);\" width=\"110\">触摸板</td><td style=\"padding: 2px 5px; background: rgb(255, 255, 255);\">多点触控</td></tr><tr><td class=\"tdTitle\" style=\"padding: 2px 5px; text-align: right; background: rgb(245, 250, 254);\" width=\"110\">指点杆</td><td style=\"padding: 2px 5px; background: rgb(255, 255, 255);\">有</td></tr><tr><th class=\"tdTitle\" colspan=\"2\" style=\"text-align: center; padding-right: 5px; padding-left: 5px; width: 110px; background: rgb(245, 250, 254);\">其它设备</th></tr><tr><td><br/></td><td><br/></td></tr><tr><td class=\"tdTitle\" style=\"padding: 2px 5px; text-align: right; background: rgb(245, 250, 254);\" width=\"110\">网络摄像头</td><td style=\"padding: 2px 5px; background: rgb(255, 255, 255);\">有</td></tr><tr><td class=\"tdTitle\" style=\"padding: 2px 5px; text-align: right; background: rgb(245, 250, 254);\" width=\"110\">摄像头像素</td><td style=\"padding: 2px 5px; background: rgb(255, 255, 255);\">720P</td></tr><tr><td class=\"tdTitle\" style=\"padding: 2px 5px; text-align: right; background: rgb(245, 250, 254);\" width=\"110\">指纹识别</td><td style=\"padding: 2px 5px; background: rgb(255, 255, 255);\">无</td></tr><tr><td class=\"tdTitle\" style=\"padding: 2px 5px; text-align: right; background: rgb(245, 250, 254);\" width=\"110\">读卡器</td><td style=\"padding: 2px 5px; background: rgb(255, 255, 255);\">四合一读卡器</td></tr><tr><th class=\"tdTitle\" colspan=\"2\" style=\"text-align: center; padding-right: 5px; padding-left: 5px; width: 110px; background: rgb(245, 250, 254);\">电源</th></tr><tr><td><br/></td><td><br/></td></tr><tr><td class=\"tdTitle\" style=\"padding: 2px 5px; text-align: right; background: rgb(245, 250, 254);\" width=\"110\">电池</td><td style=\"padding: 2px 5px; background: rgb(255, 255, 255);\">其它</td></tr><tr><td class=\"tdTitle\" style=\"padding: 2px 5px; text-align: right; background: rgb(245, 250, 254);\" width=\"110\">续航时间</td><td style=\"padding: 2px 5px; background: rgb(255, 255, 255);\">2-3小时, 具体时间视使用环境而定</td></tr><tr><td class=\"tdTitle\" style=\"padding: 2px 5px; text-align: right; background: rgb(245, 250, 254);\" width=\"110\">电源适配器</td><td style=\"padding: 2px 5px; background: rgb(255, 255, 255);\">100-240V自适应交流电源适配器</td></tr><tr><th class=\"tdTitle\" colspan=\"2\" style=\"text-align: center; padding-right: 5px; padding-left: 5px; width: 110px; background: rgb(245, 250, 254);\">机器规格</th></tr><tr><td><br/></td><td><br/></td></tr><tr><td class=\"tdTitle\" style=\"padding: 2px 5px; text-align: right; background: rgb(245, 250, 254);\" width=\"110\">尺寸</td><td style=\"padding: 2px 5px; background: rgb(255, 255, 255);\">380mm*252mm*22mm</td></tr><tr><td class=\"tdTitle\" style=\"padding: 2px 5px; text-align: right; background: rgb(245, 250, 254);\" width=\"110\">净重</td><td style=\"padding: 2px 5px; background: rgb(255, 255, 255);\">2.04kg</td></tr></tbody></table><p><br/></p>'), ('129', 'services', '<p>本产品全国联保，享受三包服务，质保期为：一年质保<br/>您可以查询本品牌在各地售后服务中心的联系方式，请点击这儿查询......<br/><br/>品牌官方网站：http://think.lenovo.com.cn<br/>售后服务电话：400-100-6000</p>'), ('129', 'packingList', '<p>笔记本 × 1 电池 × 1 电源适配器 × 1 装箱清单 × 1 产品保修卡 × 1</p>'), ('130', 'introduce', '<table align=\"center\" cellpadding=\"0\" cellspacing=\"0\" width=\"750\"><tbody><tr class=\"firstRow\"><td height=\"210\" width=\"190\"><p><img data-lazyload=\"done\" target=\"_blank\" alt=\"\" height=\"120\" border=\"0\" width=\"180\" src=\"http://demo.jspxcms.com/uploads/1/image/public/201512/20151224120606_2d4f6ferhd.jpg\" class=\"\" style=\"margin: 0px; padding: 0px; border: 0px; vertical-align: middle;\"/></p></td><td height=\"210\" width=\"560\" style=\"border-bottom-color: rgb(204, 204, 204); border-bottom-style: dashed;\"><p>画质 - 新开发的全画幅CMOS图像感应器兼具高像素与低噪点</p><p oldoldoldoldoldclass=\"STYLE1\">●约2230万像素全画幅CMOS图像感应器的表现力&nbsp;<br/>●高性能DIGIC 5 数字影像处理器支持相机内多项复杂<br/>●图像处理&nbsp;<br/>●常用感光度高达ISO 25600，扩展时最高ISO 102400<br/>●高感光度也能实现清晰美丽的画质</p></td></tr></tbody></table><table align=\"center\" cellpadding=\"0\" cellspacing=\"0\" width=\"750\"><tbody><tr class=\"firstRow\"><td height=\"212\" width=\"190\"><p><img data-lazyload=\"done\" target=\"_blank\" alt=\"\" height=\"120\" border=\"0\" width=\"180\" src=\"http://demo.jspxcms.com/uploads/1/image/public/201512/20151224120606_jjei2p2dtf.jpg\" class=\"\" style=\"margin: 0px; padding: 0px; border: 0px; vertical-align: middle;\"/></p></td><td height=\"212\" width=\"560\" style=\"border-bottom-color: rgb(204, 204, 204); border-bottom-style: dashed;\"><p>对焦 - 61点自动对焦。高精度自动对焦系统实现强大的被摄体捕捉能力</p><p>●搭载先进的高性能自动对焦感应器和<br/>●人工智能伺服自动对焦III代&nbsp;<br/>●61点高密度网状阵列自动对焦感应器带来多样化的<br/>●自动对焦点选择模式&nbsp;<br/>●61个自动对焦点中41点采用十字型自动对焦感应器&nbsp;<br/>●搭载先进的人工智能伺服自动对焦III代的新自动对焦系统<br/></p></td></tr></tbody></table><table align=\"center\" cellpadding=\"0\" cellspacing=\"0\" width=\"750\"><tbody><tr class=\"firstRow\"><td height=\"210\" width=\"190\"><p><img alt=\"\" data-lazyload=\"done\" target=\"_blank\" height=\"120\" border=\"0\" width=\"180\" src=\"http://demo.jspxcms.com/uploads/1/image/public/201512/20151224120606_55c58lblcc.jpg\" class=\"\" style=\"margin: 0px; padding: 0px; border: 0px; vertical-align: middle;\"/></p></td><td height=\"210\" width=\"560\" style=\"border-bottom-color: rgb(204, 204, 204); border-bottom-style: dashed;\"><p>智慧 - 先进的自动曝光系统带来高精度曝光控制</p><p>●iFCL智能综合测光系统与63区双层测光感应器带来<br/>●高精度曝光控制&nbsp;<br/>●搭载EOS场景分析系统实现进化的全自动模式&nbsp;<br/>●强化的图像处理功能实现画质的提高&nbsp;<br/>●镜头像差校正有效抑制像差的影响&nbsp;<br/></p></td></tr></tbody></table><table align=\"center\" cellpadding=\"0\" cellspacing=\"0\" width=\"750\"><tbody><tr class=\"firstRow\"><td height=\"210\" width=\"190\"><p><img alt=\"\" data-lazyload=\"done\" target=\"_blank\" height=\"120\" border=\"0\" width=\"180\" src=\"http://demo.jspxcms.com/uploads/1/image/public/201512/20151224120606_tbge13q9vf.jpg\" class=\"\" style=\"margin: 0px; padding: 0px; border: 0px; vertical-align: middle;\"/></p></td><td height=\"210\" width=\"560\" style=\"border-bottom-color: rgb(204, 204, 204); border-bottom-style: dashed;\"><p>机械 - 追求耐久性与操作性的高性能机身</p><p>●重视高级感、质感、操作性的设计&nbsp;<br/>●在严酷环境也能发挥威力的高坚固性&nbsp;<br/>●兼顾耐久性和高反应的快门单元&nbsp;<br/>●对应CF卡和SD卡两种存储卡的双卡槽<br/></p></td></tr></tbody></table><table align=\"center\" cellpadding=\"0\" cellspacing=\"0\" width=\"750\"><tbody><tr class=\"firstRow\"><td height=\"210\" width=\"190\"><p><img alt=\"\" data-lazyload=\"done\" target=\"_blank\" height=\"120\" border=\"0\" width=\"180\" src=\"http://demo.jspxcms.com/uploads/1/image/public/201512/20151224120606_ac2llnaiyl.jpg\" class=\"\" style=\"margin: 0px; padding: 0px; border: 0px; vertical-align: middle;\"/></p></td><td height=\"210\" width=\"560\" style=\"border-bottom-color: rgb(204, 204, 204); border-bottom-style: dashed;\"><p>操作 - 搭载视野率约100%光学取景器和约104万点的大型液晶监视器&nbsp;<br/></p><p>●根据拍摄设置变换显示内容的智能信息显示光学取景器&nbsp;<br/>●活用高精细背面液晶监视器的多功能实时显示拍摄&nbsp;<br/>●辅助拍摄后工作的图像回放、管理功能&nbsp;<br/></p></td></tr></tbody></table><table align=\"center\" cellpadding=\"0\" cellspacing=\"0\" width=\"750\"><tbody><tr class=\"firstRow\"><td height=\"210\" width=\"190\"><p><img data-lazyload=\"done\" target=\"_blank\" alt=\"\" height=\"120\" border=\"0\" width=\"180\" src=\"http://demo.jspxcms.com/uploads/1/image/public/201512/20151224120606_b81yiovgks.jpg\" class=\"\" style=\"margin: 0px; padding: 0px; border: 0px; vertical-align: middle;\"/></p></td><td height=\"210\" width=\"560\" style=\"border-bottom-color: rgb(204, 204, 204); border-bottom-style: dashed;\"><p>创意 - 多重曝光和HDR拍摄模式等激发创作欲望的多种功能&nbsp;<br/></p><p oldoldoldoldoldclass=\"STYLE2\">●实现戏剧性视觉效果的HDR（高动态范围）拍摄模式&nbsp;<br/>●拓展表现力的多重曝光功能&nbsp;<br/>●享受长宽比带来的视觉效果的多种长宽比功能&nbsp;<br/>●根据拍摄目的分别使用多种记录画质</p></td></tr></tbody></table><table align=\"center\" cellpadding=\"0\" cellspacing=\"0\" width=\"750\"><tbody><tr class=\"firstRow\"><td height=\"210\" width=\"190\"><p><img data-lazyload=\"done\" target=\"_blank\" alt=\"\" height=\"120\" border=\"0\" width=\"180\" src=\"http://demo.jspxcms.com/uploads/1/image/public/201512/20151224120606_7741q8r3dw.jpg\" class=\"\" style=\"margin: 0px; padding: 0px; border: 0px; vertical-align: middle;\"/></p></td><td height=\"210\" width=\"560\" style=\"border-bottom-color: rgb(204, 204, 204); border-bottom-style: dashed;\"><p>短片 - 全画幅CMOS图像感应器的卓越短片表现</p><p oldoldoldoldoldclass=\"STYLE2\">●不断进化的EOS数码单反相机系列短片拍摄功能&nbsp;<br/>●进化了短片拍摄功能的基本性能&nbsp;<br/>●满足专业影像摄影师要求的高操作性</p></td></tr></tbody></table><table align=\"center\" cellpadding=\"0\" cellspacing=\"0\" width=\"750\"><tbody><tr class=\"firstRow\"><td height=\"210\" width=\"190\"><p><img data-lazyload=\"done\" target=\"_blank\" alt=\"\" height=\"120\" border=\"0\" width=\"180\" src=\"http://demo.jspxcms.com/uploads/1/image/public/201512/20151224120606_jk231ucu95.jpg\" class=\"\" style=\"margin: 0px; padding: 0px; border: 0px; vertical-align: middle;\"/></p></td><td height=\"210\" width=\"560\" style=\"border-bottom-color: rgb(204, 204, 204); border-bottom-style: dashed;\"><p>扩展 - 搭配EOS 5D Mark III的高性能附件&nbsp;<br/></p><p oldoldoldoldoldclass=\"STYLE1\">●提高被摄体对应力拓展照片表现力的EOS 5D Mark III附件&nbsp;<br/>●多功能的附带软件支持影像表现&nbsp;<br/>●丰富的EF镜头阵容</p></td></tr></tbody></table><table align=\"center\" cellpadding=\"0\" cellspacing=\"0\" width=\"750\"><tbody><tr class=\"firstRow\"><td width=\"414\" style=\"word-break: break-all;\"><img data-lazyload=\"done\" alt=\"\" height=\"276\" width=\"414\" src=\"http://demo.jspxcms.com/uploads/1/image/public/201512/20151224120502_wk0uc1bg6v.jpg\" class=\"\" style=\"margin: 0px; padding: 0px; border: 0px; vertical-align: middle;\"/></td><td width=\"336\"><img data-lazyload=\"done\" alt=\"\" src=\"http://demo.jspxcms.com/uploads/1/image/public/201512/20151224120502_8xll83918a.jpg\" class=\"\" style=\"margin: 0px; padding: 0px; border: 0px; vertical-align: middle;\"/></td></tr></tbody></table><table align=\"center\" cellpadding=\"0\" cellspacing=\"0\" width=\"750\"><tbody><tr class=\"firstRow\"><td><br/></td></tr></tbody></table><table align=\"center\" cellpadding=\"0\" cellspacing=\"0\" width=\"750\"><tbody><tr class=\"firstRow\"><td width=\"414\"><img data-lazyload=\"done\" alt=\"\" height=\"276\" width=\"414\" src=\"http://demo.jspxcms.com/uploads/1/image/public/201512/20151224120502_cbplksbors.jpg\" class=\"\" style=\"margin: 0px; padding: 0px; border: 0px; vertical-align: middle;\"/></td><td width=\"336\"><img data-lazyload=\"done\" alt=\"\" src=\"http://demo.jspxcms.com/uploads/1/image/public/201512/20151224120503_8sx49nb22m.jpg\" class=\"\" style=\"margin: 0px; padding: 0px; border: 0px; vertical-align: middle;\"/></td></tr></tbody></table><table align=\"center\" cellpadding=\"0\" cellspacing=\"0\" width=\"750\"><tbody><tr class=\"firstRow\"><td><br/></td></tr></tbody></table><table align=\"center\" cellpadding=\"0\" cellspacing=\"0\" width=\"750\"><tbody><tr class=\"firstRow\"><td><img data-lazyload=\"done\" alt=\"\" src=\"http://demo.jspxcms.com/uploads/1/image/public/201512/20151224120504_o06hnjk2ye.jpg\" class=\"\" style=\"margin: 0px; padding: 0px; border: 0px; vertical-align: middle;\"/></td><td><img data-lazyload=\"done\" alt=\"\" src=\"http://demo.jspxcms.com/uploads/1/image/public/201512/20151224120504_wedy4a98f6.jpg\" class=\"\" style=\"margin: 0px; padding: 0px; border: 0px; vertical-align: middle;\"/></td></tr></tbody></table><table align=\"center\" cellpadding=\"0\" cellspacing=\"0\" width=\"750\"><tbody><tr class=\"firstRow\"><td><br/></td></tr></tbody></table><p><br/></p><table align=\"center\" cellpadding=\"0\" cellspacing=\"0\" width=\"750\"><tbody><tr class=\"firstRow\"><td><img data-lazyload=\"done\" alt=\"\" src=\"http://demo.jspxcms.com/uploads/1/image/public/201512/20151224120504_2tw8yebpgu.jpg\" class=\"\" style=\"margin: 0px; padding: 0px; border: 0px; vertical-align: middle;\"/></td><td><img data-lazyload=\"done\" alt=\"\" src=\"http://demo.jspxcms.com/uploads/1/image/public/201512/20151224120505_v3f655iaca.jpg\" class=\"\" style=\"margin: 0px; padding: 0px; border: 0px; vertical-align: middle;\"/><br/><br/></td></tr></tbody></table><p><br/></p><table align=\"center\" cellpadding=\"0\" cellspacing=\"0\" width=\"750\"><tbody><tr class=\"firstRow\"><td height=\"270\" width=\"750\"><p style=\"text-align:center;\"><img data-lazyload=\"done\" target=\"_blank\" alt=\"\" height=\"320\" border=\"0\" width=\"529\" src=\"http://demo.jspxcms.com/uploads/1/image/public/201512/20151224120524_d48i4h2pom.jpg\" class=\"\" style=\"margin: 0px; padding: 0px; border: 0px; vertical-align: middle;\"/></p></td></tr></tbody></table><table align=\"center\" cellpadding=\"0\" cellspacing=\"0\" width=\"750\"><tbody><tr class=\"firstRow\"><td height=\"270\" width=\"750\"><p style=\"text-align:center;\"><img data-lazyload=\"done\" target=\"_blank\" alt=\"\" height=\"390\" border=\"0\" width=\"529\" src=\"http://demo.jspxcms.com/uploads/1/image/public/201512/20151224120524_mvo0ppg2q9.jpg\" class=\"\" style=\"margin: 0px; padding: 0px; border: 0px; vertical-align: middle;\"/></p></td></tr></tbody></table><table align=\"center\" cellpadding=\"0\" cellspacing=\"0\" width=\"750\"><tbody><tr class=\"firstRow\"><td height=\"270\" width=\"750\"><p style=\"text-align:center;\"><img data-lazyload=\"done\" target=\"_blank\" alt=\"\" height=\"310\" border=\"0\" width=\"529\" src=\"http://demo.jspxcms.com/uploads/1/image/public/201512/20151224120524_k9r8cbxfpk.jpg\" class=\"\" style=\"margin: 0px; padding: 0px; border: 0px; vertical-align: middle;\"/></p></td></tr></tbody></table><table align=\"center\" cellpadding=\"0\" cellspacing=\"0\" width=\"750\"><tbody><tr class=\"firstRow\"><td height=\"270\" width=\"750\"><p style=\"text-align:center;\"><img data-lazyload=\"done\" target=\"_blank\" alt=\"\" height=\"270\" border=\"0\" width=\"529\" src=\"http://demo.jspxcms.com/uploads/1/image/public/201512/20151224120524_57i49iwbs8.jpg\" class=\"\" style=\"margin: 0px; padding: 0px; border: 0px; vertical-align: middle;\"/></p></td></tr></tbody></table><table align=\"center\" cellpadding=\"0\" cellspacing=\"0\" width=\"750\"><tbody><tr class=\"firstRow\"><td height=\"233\" width=\"750\"><p style=\"text-align:center;\"><img data-lazyload=\"done\" target=\"_blank\" alt=\"\" height=\"300\" border=\"0\" width=\"529\" src=\"http://demo.jspxcms.com/uploads/1/image/public/201512/20151224120524_59nimw8ch5.jpg\" class=\"\" style=\"margin: 0px; padding: 0px; border: 0px; vertical-align: middle;\"/></p></td></tr></tbody></table><table align=\"center\" cellpadding=\"0\" cellspacing=\"0\" width=\"750\"><tbody><tr class=\"firstRow\"><td height=\"233\" width=\"750\"><p style=\"text-align:center;\"><img data-lazyload=\"done\" target=\"_blank\" alt=\"\" height=\"290\" border=\"0\" width=\"529\" src=\"http://demo.jspxcms.com/uploads/1/image/public/201512/20151224120524_u38i1rta5t.jpg\" class=\"\" style=\"margin: 0px; padding: 0px; border: 0px; vertical-align: middle;\"/></p></td></tr></tbody></table><p><br/></p>'), ('130', 'specification', '<table cellpadding=\"0\" cellspacing=\"1\" width=\"100%\" class=\"Ptable\"><tbody><tr class=\"firstRow\"><th class=\"tdTitle\" colspan=\"2\" style=\"text-align: center; padding-right: 5px; padding-left: 5px; width: 110px; background: rgb(245, 250, 254);\">基本参数</th></tr><tr><td><br/></td><td><br/></td></tr><tr><td class=\"tdTitle\" style=\"padding: 2px 5px; text-align: right; background: rgb(245, 250, 254);\" width=\"110\">品牌</td><td style=\"padding: 2px 5px; background: rgb(255, 255, 255);\">佳能 Canon</td></tr><tr><td class=\"tdTitle\" style=\"padding: 2px 5px; text-align: right; background: rgb(245, 250, 254);\" width=\"110\">型号</td><td style=\"padding: 2px 5px; background: rgb(255, 255, 255);\">EOS 5D Mark III</td></tr><tr><td class=\"tdTitle\" style=\"padding: 2px 5px; text-align: right; background: rgb(245, 250, 254);\" width=\"110\">相机类型</td><td style=\"padding: 2px 5px; background: rgb(255, 255, 255);\">全画幅数码单反相机</td></tr><tr><td class=\"tdTitle\" style=\"padding: 2px 5px; text-align: right; background: rgb(245, 250, 254);\" width=\"110\">总像素</td><td style=\"padding: 2px 5px; background: rgb(255, 255, 255);\">约2340万</td></tr><tr><td class=\"tdTitle\" style=\"padding: 2px 5px; text-align: right; background: rgb(245, 250, 254);\" width=\"110\">有效像素</td><td style=\"padding: 2px 5px; background: rgb(255, 255, 255);\">约2230万像素</td></tr><tr><td class=\"tdTitle\" style=\"padding: 2px 5px; text-align: right; background: rgb(245, 250, 254);\" width=\"110\">传感器类型</td><td style=\"padding: 2px 5px; background: rgb(255, 255, 255);\">CMOS</td></tr><tr><td class=\"tdTitle\" style=\"padding: 2px 5px; text-align: right; background: rgb(245, 250, 254);\" width=\"110\">传感器尺寸</td><td style=\"padding: 2px 5px; background: rgb(255, 255, 255);\">约36x24mm</td></tr><tr><td class=\"tdTitle\" style=\"padding: 2px 5px; text-align: right; background: rgb(245, 250, 254);\" width=\"110\">传感器描述</td><td style=\"padding: 2px 5px; background: rgb(255, 255, 255);\">自动、手动、添加除尘数据</td></tr><tr><td class=\"tdTitle\" style=\"padding: 2px 5px; text-align: right; background: rgb(245, 250, 254);\" width=\"110\">图像处理系统</td><td style=\"padding: 2px 5px; background: rgb(255, 255, 255);\">DIGIC 5+</td></tr><tr><td class=\"tdTitle\" style=\"padding: 2px 5px; text-align: right; background: rgb(245, 250, 254);\" width=\"110\">短片拍摄功能</td><td style=\"padding: 2px 5px; background: rgb(255, 255, 255);\">1920x1080 （30p/25p/24p）/IPB ：约235MB/分钟1920x1080 （30p/25p/24p）/ALL-I ：约685MB/分钟1280x720 （60p/50p）/IPB ：约205MB/分钟1280x720 （60p/50p）</td></tr><tr><td class=\"tdTitle\" style=\"padding: 2px 5px; text-align: right; background: rgb(245, 250, 254);\" width=\"110\">对焦系统</td><td style=\"padding: 2px 5px; background: rgb(255, 255, 255);\">61点（最多41个十字型对焦点）* 可利用的自动对焦点和十字型对焦点数量根据镜头而不同。</td></tr><tr><th class=\"tdTitle\" colspan=\"2\" style=\"text-align: center; padding-right: 5px; padding-left: 5px; width: 110px; background: rgb(245, 250, 254);\">屏幕参数</th></tr><tr><td><br/></td><td><br/></td></tr><tr><td class=\"tdTitle\" style=\"padding: 2px 5px; text-align: right; background: rgb(245, 250, 254);\" width=\"110\">液晶屏尺寸</td><td style=\"padding: 2px 5px; background: rgb(255, 255, 255);\">3.2英寸</td></tr><tr><td class=\"tdTitle\" style=\"padding: 2px 5px; text-align: right; background: rgb(245, 250, 254);\" width=\"110\">液晶屏像素</td><td style=\"padding: 2px 5px; background: rgb(255, 255, 255);\">约104万点</td></tr><tr><td class=\"tdTitle\" style=\"padding: 2px 5px; text-align: right; background: rgb(245, 250, 254);\" width=\"110\">取景器类型</td><td style=\"padding: 2px 5px; background: rgb(255, 255, 255);\">眼平五棱镜</td></tr><tr><td class=\"tdTitle\" style=\"padding: 2px 5px; text-align: right; background: rgb(245, 250, 254);\" width=\"110\">液晶屏比例</td><td style=\"padding: 2px 5px; background: rgb(255, 255, 255);\">3：2</td></tr><tr><td class=\"tdTitle\" style=\"padding: 2px 5px; text-align: right; background: rgb(245, 250, 254);\" width=\"110\">屈光度条件及范围</td><td style=\"padding: 2px 5px; background: rgb(255, 255, 255);\">约-3.0 - +1.0 m-1（dpt）</td></tr><tr><td class=\"tdTitle\" style=\"padding: 2px 5px; text-align: right; background: rgb(245, 250, 254);\" width=\"110\">取景器描述</td><td style=\"padding: 2px 5px; background: rgb(255, 255, 255);\">具备景深预览</td></tr><tr><th class=\"tdTitle\" colspan=\"2\" style=\"text-align: center; padding-right: 5px; padding-left: 5px; width: 110px; background: rgb(245, 250, 254);\">镜头参数</th></tr><tr><td><br/></td><td><br/></td></tr><tr><td class=\"tdTitle\" style=\"padding: 2px 5px; text-align: right; background: rgb(245, 250, 254);\" width=\"110\">镜头类型</td><td style=\"padding: 2px 5px; background: rgb(255, 255, 255);\">标准变焦镜头</td></tr><tr><td class=\"tdTitle\" style=\"padding: 2px 5px; text-align: right; background: rgb(245, 250, 254);\" width=\"110\">镜头描述</td><td style=\"padding: 2px 5px; background: rgb(255, 255, 255);\">EF 24-105mm f/4L IS USM镜头</td></tr><tr><td class=\"tdTitle\" style=\"padding: 2px 5px; text-align: right; background: rgb(245, 250, 254);\" width=\"110\">焦距</td><td style=\"padding: 2px 5px; background: rgb(255, 255, 255);\">24-105mm</td></tr><tr><td class=\"tdTitle\" style=\"padding: 2px 5px; text-align: right; background: rgb(245, 250, 254);\" width=\"110\">滤镜直径</td><td style=\"padding: 2px 5px; background: rgb(255, 255, 255);\">77mm</td></tr><tr><td class=\"tdTitle\" style=\"padding: 2px 5px; text-align: right; background: rgb(245, 250, 254);\" width=\"110\">镜头特性</td><td style=\"padding: 2px 5px; background: rgb(255, 255, 255);\">F4恒定光圈标准变焦L镜头。使用了1片超级超低色散(超级UD)镜片和3片非球面镜片，能有效控制畸变和色差。内置影像稳定器</td></tr><tr><td class=\"tdTitle\" style=\"padding: 2px 5px; text-align: right; background: rgb(245, 250, 254);\" width=\"110\">套机镜头防抖</td><td style=\"padding: 2px 5px; background: rgb(255, 255, 255);\">IS光学防抖</td></tr><tr><th class=\"tdTitle\" colspan=\"2\" style=\"text-align: center; padding-right: 5px; padding-left: 5px; width: 110px; background: rgb(245, 250, 254);\">曝光控制</th></tr><tr><td><br/></td><td><br/></td></tr><tr><td class=\"tdTitle\" style=\"padding: 2px 5px; text-align: right; background: rgb(245, 250, 254);\" width=\"110\">曝光模式</td><td style=\"padding: 2px 5px; background: rgb(255, 255, 255);\">程序自动曝光（场景智能自动、程序）、快门优先自动曝光、光圈优先自动曝光、手动曝光、B门曝光</td></tr><tr><td class=\"tdTitle\" style=\"padding: 2px 5px; text-align: right; background: rgb(245, 250, 254);\" width=\"110\">曝光补偿</td><td style=\"padding: 2px 5px; background: rgb(255, 255, 255);\">手动： 在±5级间以1/3或1/2级为单位调节自动包围曝光：在±3级间以1/3或1/2级为单位调节（可与手动曝光补偿组合使用）</td></tr><tr><td class=\"tdTitle\" style=\"padding: 2px 5px; text-align: right; background: rgb(245, 250, 254);\" width=\"110\">测光方式</td><td style=\"padding: 2px 5px; background: rgb(255, 255, 255);\">63区TTL全开光圈测光评价测光（与所有自动对焦点联动）局部测光（取景器中央约6.2%的面积）点测光（取景器中央约1.5%的面积）中央重点平均测光</td></tr><tr><td class=\"tdTitle\" style=\"padding: 2px 5px; text-align: right; background: rgb(245, 250, 254);\" width=\"110\">ISO感光度</td><td style=\"padding: 2px 5px; background: rgb(255, 255, 255);\">场景智能自动：在ISO 100 - 12800之间自动设置P、Tv、Av、M、B：自动ISO、ISO 100 - 25600（以1/3级或整级为单位）、或ISO感光度扩展到L（相当于ISO 50）、H1 （相当于ISO 51200）、H2 （相当于ISO 102400）</td></tr><tr><td class=\"tdTitle\" style=\"padding: 2px 5px; text-align: right; background: rgb(245, 250, 254);\" width=\"110\">白平衡模式</td><td style=\"padding: 2px 5px; background: rgb(255, 255, 255);\">可使用自动、预设（日光、阴影、阴天、钨丝灯、白色荧光灯、闪光灯）、用户自定义、色温设置 （约2500 - 10000K）白平衡矫正和白平衡包围曝光* 支持闪光色温信息传输</td></tr><tr><td class=\"tdTitle\" style=\"padding: 2px 5px; text-align: right; background: rgb(245, 250, 254);\" width=\"110\">模式</td><td style=\"padding: 2px 5px; background: rgb(255, 255, 255);\">HDR拍摄模式</td></tr><tr><td class=\"tdTitle\" style=\"padding: 2px 5px; text-align: right; background: rgb(245, 250, 254);\" width=\"110\">曝光特性</td><td style=\"padding: 2px 5px; background: rgb(255, 255, 255);\">自动曝光锁自动：在使用评价测光的单次自动对焦模式下合焦时应用手动：通过自动曝光锁定按钮</td></tr><tr><th class=\"tdTitle\" colspan=\"2\" style=\"text-align: center; padding-right: 5px; padding-left: 5px; width: 110px; background: rgb(245, 250, 254);\">性能参数</th></tr><tr><td><br/></td><td><br/></td></tr><tr><td class=\"tdTitle\" style=\"padding: 2px 5px; text-align: right; background: rgb(245, 250, 254);\" width=\"110\">快门</td><td style=\"padding: 2px 5px; background: rgb(255, 255, 255);\">1/8000秒至1/60秒（场景智能自动模式）、闪光同步速度为1/200秒*.使用广角镜头时，快门速度可能为1/60秒或更慢。1/8000至30秒、B门（总快门速度范围。可用范围随拍摄模式各异。）</td></tr><tr><td class=\"tdTitle\" style=\"padding: 2px 5px; text-align: right; background: rgb(245, 250, 254);\" width=\"110\">遥控功能</td><td style=\"padding: 2px 5px; background: rgb(255, 255, 255);\">支持</td></tr><tr><td class=\"tdTitle\" style=\"padding: 2px 5px; text-align: right; background: rgb(245, 250, 254);\" width=\"110\">连拍</td><td style=\"padding: 2px 5px; background: rgb(255, 255, 255);\">单拍、高速连拍、低速连拍、静音单拍、静音连拍、</td></tr><tr><td class=\"tdTitle\" style=\"padding: 2px 5px; text-align: right; background: rgb(245, 250, 254);\" width=\"110\">自拍</td><td style=\"padding: 2px 5px; background: rgb(255, 255, 255);\">10秒自拍/遥控、2秒自拍/遥控</td></tr><tr><td class=\"tdTitle\" style=\"padding: 2px 5px; text-align: right; background: rgb(245, 250, 254);\" width=\"110\">连拍速度</td><td style=\"padding: 2px 5px; background: rgb(255, 255, 255);\">高速连拍：最高约6张/秒 低速连拍：最高约3张/秒 静音连拍：最高约3张/秒</td></tr><tr><th class=\"tdTitle\" colspan=\"2\" style=\"text-align: center; padding-right: 5px; padding-left: 5px; width: 110px; background: rgb(245, 250, 254);\">闪光灯参数</th></tr><tr><td><br/></td><td><br/></td></tr><tr><td class=\"tdTitle\" style=\"padding: 2px 5px; text-align: right; background: rgb(245, 250, 254);\" width=\"110\">闪光灯</td><td style=\"padding: 2px 5px; background: rgb(255, 255, 255);\">外接闪光灯</td></tr><tr><td class=\"tdTitle\" style=\"padding: 2px 5px; text-align: right; background: rgb(245, 250, 254);\" width=\"110\">外接闪光灯</td><td style=\"padding: 2px 5px; background: rgb(255, 255, 255);\">EX系列闪光灯</td></tr><tr><td class=\"tdTitle\" style=\"padding: 2px 5px; text-align: right; background: rgb(245, 250, 254);\" width=\"110\">闪光灯特性</td><td style=\"padding: 2px 5px; background: rgb(255, 255, 255);\">E-TTL II自动闪光</td></tr><tr><th class=\"tdTitle\" colspan=\"2\" style=\"text-align: center; padding-right: 5px; padding-left: 5px; width: 110px; background: rgb(245, 250, 254);\">存储及连接参数</th></tr><tr><td><br/></td><td><br/></td></tr><tr><td class=\"tdTitle\" style=\"padding: 2px 5px; text-align: right; background: rgb(245, 250, 254);\" width=\"110\">存储介质</td><td style=\"padding: 2px 5px; background: rgb(255, 255, 255);\">CF卡;SD卡</td></tr><tr><td class=\"tdTitle\" style=\"padding: 2px 5px; text-align: right; background: rgb(245, 250, 254);\" width=\"110\">拍摄格式</td><td style=\"padding: 2px 5px; background: rgb(255, 255, 255);\">照片格式：JPEG、RAW （14位佳能原创）、可以同时记录RAW+JPEG短片格式：MOV（MPEG-4 AVC/H.264记录压缩）音频格式：线性PCM</td></tr><tr><td class=\"tdTitle\" style=\"padding: 2px 5px; text-align: right; background: rgb(245, 250, 254);\" width=\"110\">拍摄分辨率</td><td style=\"padding: 2px 5px; background: rgb(255, 255, 255);\">L （大） ：约2210万像素（5760 x 3840）M （中） ：约980万像素（3840 x 2560）S1 （小1） ：约550万像素（2880 x 1920）</td></tr><tr><td class=\"tdTitle\" style=\"padding: 2px 5px; text-align: right; background: rgb(245, 250, 254);\" width=\"110\">数据接口</td><td style=\"padding: 2px 5px; background: rgb(255, 255, 255);\">音频/视频输出/数码端子、HDMI mini 输出端子、外接麦克风输入端子、耳机端子、遥控端子、无线遥控</td></tr><tr><th class=\"tdTitle\" colspan=\"2\" style=\"text-align: center; padding-right: 5px; padding-left: 5px; width: 110px; background: rgb(245, 250, 254);\">电源参数</th></tr><tr><td><br/></td><td><br/></td></tr><tr><td class=\"tdTitle\" style=\"padding: 2px 5px; text-align: right; background: rgb(245, 250, 254);\" width=\"110\">电池</td><td style=\"padding: 2px 5px; background: rgb(255, 255, 255);\">LP-E6</td></tr><tr><td class=\"tdTitle\" style=\"padding: 2px 5px; text-align: right; background: rgb(245, 250, 254);\" width=\"110\">电池续航时间</td><td style=\"padding: 2px 5px; background: rgb(255, 255, 255);\">使用取景器拍摄：23℃/73 ℉时约950张、0℃/32 ℉时约850张</td></tr><tr><th class=\"tdTitle\" colspan=\"2\" style=\"text-align: center; padding-right: 5px; padding-left: 5px; width: 110px; background: rgb(245, 250, 254);\">外观参数</th></tr><tr><td><br/></td><td><br/></td></tr><tr><td class=\"tdTitle\" style=\"padding: 2px 5px; text-align: right; background: rgb(245, 250, 254);\" width=\"110\">颜色</td><td style=\"padding: 2px 5px; background: rgb(255, 255, 255);\">黑色</td></tr><tr><td class=\"tdTitle\" style=\"padding: 2px 5px; text-align: right; background: rgb(245, 250, 254);\" width=\"110\">尺寸</td><td style=\"padding: 2px 5px; background: rgb(255, 255, 255);\">约152.0 x 116.4 x 76.4mm</td></tr><tr><td class=\"tdTitle\" style=\"padding: 2px 5px; text-align: right; background: rgb(245, 250, 254);\" width=\"110\">重量</td><td style=\"padding: 2px 5px; background: rgb(255, 255, 255);\">约950g（CIPA方针），约860g（仅机身）</td></tr></tbody></table><p><br/></p>'), ('130', 'services', '本产品全国联保，享受三包服务，质保期为：一年质保<br/>如因质量问题或故障，凭厂商维修中心或特约维修点的质量检测证明，享受7日内退货，15日内换货，15日以上在质保期内享受免费保修等三包服务！<br/>(注:如厂家在商品介绍中有售后保障的说明,则此商品按照厂家说明执行售后保障服务。) 您可以查询本品牌在各地售后服务中心的联系方式，请点击这儿查询......<br/><br/>品牌官方网站：http://www.canon.com.cn/<br/>售后服务电话：4006-222-666'), ('130', 'packingList', 'A. EOS 5D Mark III机身 B. 锂电池 LP-E6 C. 电池充电器 LC-E6E（含电源线） D. USB接口连接线IFC-200U E. 立体声视频连接线 AVC-DC400ST F. 相机宽背带 EW-EOS5D MKIII G. 镜头软包 LP1219 H. EF 24-105mm f/4L IS USM I. 佳能镜头遮光罩 EW-83H ※另含相机使用说明书以及EOS数码解决方案光盘（EOS DIGITAL Solution Disk）'), ('131', 'introduce', '<p style=\"text-align:center;margin-top: 0px; margin-bottom: 0px; padding: 0px; color: rgb(119, 119, 119); font-family: Arial, Verdana, 宋体; font-size: 12px; line-height: 18px; white-space: normal; background-color: rgb(255, 255, 255);\"><img alt=\" \" data-lazyload=\"done\" src=\"http://demo.jspxcms.com/uploads/1/image/public/201512/20151224145411_ju5gq1subq.jpg\" class=\"\" style=\"border: 0px none; vertical-align: middle; margin: 0px; padding: 0px;\"/></p><p style=\"text-align:center;margin-top: 0px; margin-bottom: 0px; padding: 0px; color: rgb(119, 119, 119); font-family: Arial, Verdana, 宋体; font-size: 12px; line-height: 18px; white-space: normal; background-color: rgb(255, 255, 255);\"><img alt=\"\" data-lazyload=\"done\" src=\"http://demo.jspxcms.com/uploads/1/image/public/201512/20151224145411_05kq7q6cbj.jpg\" class=\"\" style=\"border: 0px none; vertical-align: middle; margin: 0px; padding: 0px;\"/></p><p style=\"text-align:center;margin-top: 0px; margin-bottom: 0px; padding: 0px; color: rgb(119, 119, 119); font-family: Arial, Verdana, 宋体; font-size: 12px; line-height: 18px; white-space: normal; background-color: rgb(255, 255, 255);\"><img alt=\"\" data-lazyload=\"done\" src=\"http://demo.jspxcms.com/uploads/1/image/public/201512/20151224145412_n5cxlj98ig.jpg\" class=\"\" style=\"border: 0px none; vertical-align: middle; margin: 0px; padding: 0px;\"/></p><p style=\"text-align:center;margin-top: 0px; margin-bottom: 0px; padding: 0px; color: rgb(119, 119, 119); font-family: Arial, Verdana, 宋体; font-size: 12px; line-height: 18px; white-space: normal; background-color: rgb(255, 255, 255);\"><img alt=\"\" data-lazyload=\"done\" src=\"http://demo.jspxcms.com/uploads/1/image/public/201512/20151224145414_k2b7ayx8em.jpg\" class=\"\" style=\"border: 0px none; vertical-align: middle; margin: 0px; padding: 0px;\"/></p><p style=\"text-align:center;margin-top: 0px; margin-bottom: 0px; padding: 0px; color: rgb(119, 119, 119); font-family: Arial, Verdana, 宋体; font-size: 12px; line-height: 18px; white-space: normal; background-color: rgb(255, 255, 255);\"><img alt=\"\" data-lazyload=\"done\" src=\"http://demo.jspxcms.com/uploads/1/image/public/201512/20151224145415_j7sn66pou3.jpg\" class=\"\" style=\"border: 0px none; vertical-align: middle; margin: 0px; padding: 0px;\"/></p><p style=\"text-align:center;margin-top: 0px; margin-bottom: 0px; padding: 0px; color: rgb(119, 119, 119); font-family: Arial, Verdana, 宋体; font-size: 12px; line-height: 18px; white-space: normal; background-color: rgb(255, 255, 255);\"><img alt=\"\" data-lazyload=\"done\" src=\"http://demo.jspxcms.com/uploads/1/image/public/201512/20151224145417_sc4buyr6ca.jpg\" class=\"\" style=\"border: 0px none; vertical-align: middle; margin: 0px; padding: 0px;\"/></p><p style=\"text-align:center;margin-top: 0px; margin-bottom: 0px; padding: 0px; color: rgb(119, 119, 119); font-family: Arial, Verdana, 宋体; font-size: 12px; line-height: 18px; white-space: normal; background-color: rgb(255, 255, 255);\"><img alt=\"\" data-lazyload=\"done\" src=\"http://demo.jspxcms.com/uploads/1/image/public/201512/20151224145417_txwq6ubkbt.jpg\" class=\"\" style=\"border: 0px none; vertical-align: middle; margin: 0px; padding: 0px;\"/></p><p style=\"text-align:center;margin-top: 0px; margin-bottom: 0px; padding: 0px; color: rgb(119, 119, 119); font-family: Arial, Verdana, 宋体; font-size: 12px; line-height: 18px; white-space: normal; background-color: rgb(255, 255, 255);\"><img alt=\"\" data-lazyload=\"done\" src=\"http://demo.jspxcms.com/uploads/1/image/public/201512/20151224145418_2gq4y0oyri.jpg\" class=\"\" style=\"border: 0px none; vertical-align: middle; margin: 0px; padding: 0px;\"/></p><p style=\"text-align:center;margin-top: 0px; margin-bottom: 0px; padding: 0px; color: rgb(119, 119, 119); font-family: Arial, Verdana, 宋体; font-size: 12px; line-height: 18px; white-space: normal; background-color: rgb(255, 255, 255);\"><img alt=\"\" data-lazyload=\"done\" src=\"http://demo.jspxcms.com/uploads/1/image/public/201512/20151224145419_5fd5i611do.jpg\" class=\"\" style=\"border: 0px none; vertical-align: middle; margin: 0px; padding: 0px;\"/></p><p style=\"text-align:center;margin-top: 0px; margin-bottom: 0px; padding: 0px; color: rgb(119, 119, 119); font-family: Arial, Verdana, 宋体; font-size: 12px; line-height: 18px; white-space: normal; background-color: rgb(255, 255, 255);\"><img alt=\"\" data-lazyload=\"done\" src=\"http://demo.jspxcms.com/uploads/1/image/public/201512/20151224145421_tswepj5937.jpg\" class=\"\" style=\"border: 0px none; vertical-align: middle; margin: 0px; padding: 0px;\"/></p><p style=\"text-align:center;margin-top: 0px; margin-bottom: 0px; padding: 0px; color: rgb(119, 119, 119); font-family: Arial, Verdana, 宋体; font-size: 12px; line-height: 18px; white-space: normal; background-color: rgb(255, 255, 255);\"><img alt=\"\" data-lazyload=\"done\" src=\"http://demo.jspxcms.com/uploads/1/image/public/201512/20151224145422_6hgndl74vl.jpg\" class=\"\" style=\"border: 0px none; vertical-align: middle; margin: 0px; padding: 0px;\"/></p><p style=\"text-align:center;margin-top: 0px; margin-bottom: 0px; padding: 0px; color: rgb(119, 119, 119); font-family: Arial, Verdana, 宋体; font-size: 12px; line-height: 18px; white-space: normal; background-color: rgb(255, 255, 255);\"><img alt=\"\" data-lazyload=\"done\" src=\"http://demo.jspxcms.com/uploads/1/image/public/201512/20151224145424_dwc8ypq9af.jpg\" class=\"\" style=\"border: 0px none; vertical-align: middle; margin: 0px; padding: 0px;\"/></p><p style=\"text-align:center;margin-top: 0px; margin-bottom: 0px; padding: 0px; color: rgb(119, 119, 119); font-family: Arial, Verdana, 宋体; font-size: 12px; line-height: 18px; white-space: normal; background-color: rgb(255, 255, 255);\"><img alt=\"\" data-lazyload=\"done\" src=\"http://demo.jspxcms.com/uploads/1/image/public/201512/20151224145425_arbwtdencv.jpg\" class=\"\" style=\"border: 0px none; vertical-align: middle; margin: 0px; padding: 0px;\"/></p><p style=\"text-align:center;margin-top: 0px; margin-bottom: 0px; padding: 0px; color: rgb(119, 119, 119); font-family: Arial, Verdana, 宋体; font-size: 12px; line-height: 18px; white-space: normal; background-color: rgb(255, 255, 255);\"><img alt=\"\" data-lazyload=\"done\" src=\"http://demo.jspxcms.com/uploads/1/image/public/201512/20151224145426_h7d2hwu918.jpg\" class=\"\" style=\"border: 0px none; vertical-align: middle; margin: 0px; padding: 0px;\"/></p><p style=\"text-align:center;margin-top: 0px; margin-bottom: 0px; padding: 0px; color: rgb(119, 119, 119); font-family: Arial, Verdana, 宋体; font-size: 12px; line-height: 18px; white-space: normal; background-color: rgb(255, 255, 255);\"><img alt=\"\" data-lazyload=\"done\" src=\"http://demo.jspxcms.com/uploads/1/image/public/201512/20151224145428_c1hq3iyx57.jpg\" class=\"\" style=\"border: 0px none; vertical-align: middle; margin: 0px; padding: 0px;\"/></p><p style=\"text-align:center;margin-top: 0px; margin-bottom: 0px; padding: 0px; color: rgb(119, 119, 119); font-family: Arial, Verdana, 宋体; font-size: 12px; line-height: 18px; white-space: normal; background-color: rgb(255, 255, 255);\"><img alt=\"\" data-lazyload=\"done\" src=\"http://demo.jspxcms.com/uploads/1/image/public/201512/20151224145429_l7sx80lnm7.jpg\" class=\"\" style=\"border: 0px none; vertical-align: middle; margin: 0px; padding: 0px;\"/></p><p style=\"text-align:center;margin-top: 0px; margin-bottom: 0px; padding: 0px; color: rgb(119, 119, 119); font-family: Arial, Verdana, 宋体; font-size: 12px; line-height: 18px; white-space: normal; background-color: rgb(255, 255, 255);\"><img alt=\"\" data-lazyload=\"done\" src=\"http://demo.jspxcms.com/uploads/1/image/public/201512/20151224145430_advuer2vsm.jpg\" class=\"\" style=\"border: 0px none; vertical-align: middle; margin: 0px; padding: 0px;\"/></p><p><br/></p>'), ('131', 'specification', ''), ('131', 'services', ''), ('131', 'packingList', ''), ('132', 'introduce', '<p style=\"text-align: center;\"><img alt=\"\" data-lazyload=\"done\" src=\"http://img30.360buyimg.com/popWaterMark/g10/M00/01/0B/rBEQWFEF724IAAAAAAC_NHzk3wkAAARLgCUu34AAL9M334.jpg\" class=\"\" style=\"margin: 0px; padding: 0px; border: 0px; vertical-align: middle; font-size: small;\"/>&nbsp; &nbsp;&nbsp;<br/></p><p style=\"text-align: center;\">&nbsp;</p><p style=\"text-align: center;\"><br/>&nbsp; &nbsp;&nbsp;<img alt=\"\" data-lazyload=\"done\" src=\"http://img30.360buyimg.com/popWaterMark/g10/M00/01/0B/rBEQWVEF72kIAAAAAADBUXye6RgAAARLgFA8Z8AAMFp177.jpg\" class=\"\" style=\"margin: 0px; padding: 0px; border: 0px; vertical-align: middle; font-size: small;\"/></p><p style=\"text-align:center;margin-top: 0px; margin-bottom: 0px; padding: 0px;\"><img alt=\"\" data-lazyload=\"done\" src=\"http://img30.360buyimg.com/popWaterMark/g10/M00/01/0B/rBEQWVEF73oIAAAAAACaeqTcpZwAAARLgI2ZCYAAJqS705.jpg\" class=\"\" style=\"margin: 0px; padding: 0px; border: 0px; vertical-align: middle;\"/></p><p style=\"text-align:center;margin-top: 0px; margin-bottom: 0px; padding: 0px;\"><br/></p><p style=\"text-align:center;margin-top: 0px; margin-bottom: 0px; padding: 0px;\"><br/></p><p style=\"text-align:center;margin-top: 0px; margin-bottom: 0px; padding: 0px;\"><br/></p><p style=\"margin-top: 0px; margin-bottom: 0px; padding: 0px; text-align: center;\"><br/></p><p style=\"margin-top: 0px; margin-bottom: 0px; padding: 0px; text-align: center;\">&nbsp;</p><p style=\"margin-top: 0px; margin-bottom: 0px; padding: 0px;\"><br/></p><p style=\"text-align:center;margin-top: 0px; margin-bottom: 0px; padding: 0px;\"><br/><br/><img alt=\"\" data-lazyload=\"done\" src=\"http://img30.360buyimg.com/popWaterMark/g10/M00/01/0B/rBEQWFEF75cIAAAAAACWI-GDt74AAARLgNbxbEAAJY7509.jpg\" class=\"\" style=\"margin: 0px; padding: 0px; border: 0px; vertical-align: middle;\"/></p><p><br/></p><p style=\"text-align: center;\"><img src=\"http://img10.360buyimg.com/imgzone/jfs/t2407/301/1685884117/845350/85e733ac/566914daN6bbab797.jpg\" alt=\"\" style=\"margin: 0px; padding: 0px; border: 0px; vertical-align: middle;\"/><img src=\"http://img10.360buyimg.com/imgzone/jfs/t1993/108/1607721477/499530/70eda2fa/566914dbN63731dfd.jpg\" alt=\"\" style=\"margin: 0px; padding: 0px; border: 0px; vertical-align: middle;\"/><img src=\"http://img10.360buyimg.com/imgzone/jfs/t2131/161/1611434292/613388/529aeee3/566914dcNcbe318b0.jpg\" alt=\"\" style=\"margin: 0px; padding: 0px; border: 0px; vertical-align: middle;\"/><img src=\"http://img10.360buyimg.com/imgzone/jfs/t2152/2/1096247202/697732/4610f2ec/566914ddN5adfe66f.jpg\" alt=\"\" style=\"margin: 0px; padding: 0px; border: 0px; vertical-align: middle;\"/><img src=\"http://img10.360buyimg.com/imgzone/jfs/t2263/44/1733747474/273756/a883f440/56692a8fN7344d2d3.jpg\" alt=\"\" style=\"margin: 0px; padding: 0px; border: 0px; vertical-align: middle;\"/><img src=\"http://img10.360buyimg.com/imgzone/jfs/t2497/115/1664251927/388261/a099f777/56692a92N10dce920.jpg\" alt=\"\" style=\"margin: 0px; padding: 0px; border: 0px; vertical-align: middle;\"/><img src=\"http://img10.360buyimg.com/imgzone/jfs/t2458/326/1711675499/688548/7d6073b7/56692a96N95daaf8c.jpg\" alt=\"\" style=\"margin: 0px; padding: 0px; border: 0px; vertical-align: middle;\"/><img src=\"http://img10.360buyimg.com/imgzone/jfs/t2188/6/1619639445/716986/3229252c/56692a99N97b81a45.jpg\" alt=\"\" style=\"margin: 0px; padding: 0px; border: 0px; vertical-align: middle;\"/><img src=\"http://img10.360buyimg.com/imgzone/jfs/t1849/117/1655443679/504348/a854f70b/56692a9cN73dee406.jpg\" alt=\"\" style=\"margin: 0px; padding: 0px; border: 0px; vertical-align: middle;\"/><img src=\"http://img10.360buyimg.com/imgzone/jfs/t2551/329/784608418/447977/ef122f49/56692b3cNc7b6745f.jpg\" alt=\"\" style=\"margin: 0px; padding: 0px; border: 0px; vertical-align: middle;\"/><img src=\"http://img10.360buyimg.com/imgzone/jfs/t2278/280/1583296790/615380/69da20e1/56692b40N8fa40ba0.jpg\" alt=\"\" style=\"margin: 0px; padding: 0px; border: 0px; vertical-align: middle;\"/><img src=\"http://img10.360buyimg.com/imgzone/jfs/t2257/9/1645545756/1004566/849bb109/56692b45Nca5f97c0.jpg\" alt=\"\" style=\"margin: 0px; padding: 0px; border: 0px; vertical-align: middle;\"/></p><p><br/></p>'), ('132', 'specification', ''), ('132', 'services', '<p>1、购买米莱珠宝，即顺丰发货，全程保险承保！ 2、戒指尺寸不合适，我们免费为顾客修改，直到满意为止！商家承担快递费用！ 3、在收到商品无损坏的情况下，支持7天无条件退货，顾客承担退货费用！</p>'), ('132', 'packingList', '<p>商品*1 珠宝盒*1 权威证书*1</p>'), ('133', 'text', 'WPS Office是由金山软件股份有限公司自主研发的一款办公软件套装，可以实现办公软件最常用的文字、表格、演示等多种功能。具有内存占用低、运行速度快、体积小巧、强大插件平台支持、免费提供海量在线存储空间及文档模板、支持阅读和输出PDF文件、全面兼容微软Office97-2010格式（doc/docx/xls/xlsx/ppt/pptx等）独特优势。覆盖Windows、Linux、Android、iOS等多个平台。'), ('134', 'text', '<p style=\"margin-top: 0px; margin-bottom: 15px; padding: 0px; line-height: 24px; clear: both; color: rgb(102, 102, 102); font-family: 宋体, 微软雅黑, arial; font-size: 14px; white-space: normal; background-color: rgb(255, 255, 255);\">好压压缩软件(HaoZip)是强大的压缩文件管理器，是完全免费的新一代压缩软件，相比其它压缩软件占用更少的系统资源用，有更好的兼容性，压缩率高！好压压缩软件(HaoZip)的功能包括强力压缩、分卷、加密、自解压模块、智能图片转换、智能媒体文件合并等功能。完美支持鼠标拖放及外壳扩展！</p><p style=\"margin-top: 0px; margin-bottom: 15px; padding: 0px; line-height: 24px; clear: both; color: rgb(102, 102, 102); font-family: 宋体, 微软雅黑, arial; font-size: 14px; white-space: normal; text-align: center; background-color: rgb(255, 255, 255);\"><img src=\"http://demo.jspxcms.com/uploads/1/image/public/201512/20151224153437_8fa5s6j2yl.jpg\" style=\"border: 0px; display: block;\"/></p><p class=\"introTit\" style=\"margin-top: 10px; margin-bottom: 10px; padding: 0px; line-height: 24px; clear: both; font-family: 宋体, arial; color: rgb(51, 51, 51); position: relative; white-space: normal; background: url(http://www.pc6.com/style/css/images/ddd.gif) 0% 50% repeat-x rgb(255, 255, 255);\"><span style=\"padding: 0px 10px 0px 0px; font-weight: bold; font-family: 微软雅黑, arial; background-image: initial; background-attachment: initial; background-size: initial; background-origin: initial; background-clip: initial; background-position: initial; background-repeat: initial;\">功能介绍</span></p><p style=\"margin-top: 0px; margin-bottom: 15px; padding: 0px; line-height: 24px; clear: both; color: rgb(102, 102, 102); font-family: 宋体, 微软雅黑, arial; font-size: 14px; white-space: normal; background-color: rgb(255, 255, 255);\">支持rar5<br/>国内独家支持对rar5格式的解压</p><p style=\"margin-top: 0px; margin-bottom: 15px; padding: 0px; line-height: 24px; clear: both; color: rgb(102, 102, 102); font-family: 宋体, 微软雅黑, arial; font-size: 14px; white-space: normal; text-align: center; background-color: rgb(255, 255, 255);\"><img src=\"http://demo.jspxcms.com/uploads/1/image/public/201512/20151224153437_kmhqt3p61e.jpg\" style=\"border: 0px; display: block;\"/></p><p style=\"margin-top: 0px; margin-bottom: 15px; padding: 0px; line-height: 24px; clear: both; color: rgb(102, 102, 102); font-family: 宋体, 微软雅黑, arial; font-size: 14px; white-space: normal; background-color: rgb(255, 255, 255);\">永久免费<br/>传统压缩软件的共享版、试用期、购买许可、修正版，我们忍够了！2345好压对所有个人用户和企业用户永久免费，请放心使用！<br/>兼容性好<br/>国内独家完美支持包括Win8、Win7、Vista、WinXP和Win2003在内的所有WINDOWS系统，并且比传统压缩软件支持更多的压缩格式。只需安装一款软件，即可轻松解压超过50种常见压缩格式。最新完美支持ZIPX和ALZ格式解压，能够压缩LZH格式。</p><p style=\"margin-top: 0px; margin-bottom: 15px; padding: 0px; line-height: 24px; clear: both; color: rgb(102, 102, 102); font-family: 宋体, 微软雅黑, arial; font-size: 14px; white-space: normal; text-align: center; background-color: rgb(255, 255, 255);\"><img src=\"http://demo.jspxcms.com/uploads/1/image/public/201512/20151224153437_xhmt6mfcs2.jpg\" style=\"border: 0px; display: block;\"/></p><p style=\"margin-top: 0px; margin-bottom: 15px; padding: 0px; line-height: 24px; clear: both; color: rgb(102, 102, 102); font-family: 宋体, 微软雅黑, arial; font-size: 14px; white-space: normal; background-color: rgb(255, 255, 255);\">虚拟光驱<br/>小巧精悍的交互界面，提供多种加载入口，操作简单。支持挂载ISO、MDS、MDF、CCD、CUE、IMG、UDF、URG等通用光盘镜像为虚拟光驱，方便娱乐和学习光盘的读取。<br/>丰富扩展<br/>首创无需解压即可查看包内图片功能，提供MD5校验、批量替换字符、批量修改文件名等多种实用小工具，满足您的各种需求！</p><p style=\"margin-top: 0px; margin-bottom: 15px; padding: 0px; line-height: 24px; clear: both; color: rgb(102, 102, 102); font-family: 宋体, 微软雅黑, arial; font-size: 14px; white-space: normal; text-align: center; background-color: rgb(255, 255, 255);\"><img src=\"http://demo.jspxcms.com/uploads/1/image/public/201512/20151224153437_nd4q2g7buh.jpg\" style=\"border: 0px; display: block;\"/></p><p style=\"margin-top: 0px; margin-bottom: 15px; padding: 0px; line-height: 24px; clear: both; color: rgb(102, 102, 102); font-family: 宋体, 微软雅黑, arial; font-size: 14px; white-space: normal; text-align: center; background-color: rgb(255, 255, 255);\"><img src=\"http://demo.jspxcms.com/uploads/1/image/public/201512/20151224153437_nwfwu5nr22.jpg\" style=\"border: 0px; display: block;\"/></p><p style=\"margin-top: 0px; margin-bottom: 15px; padding: 0px; line-height: 24px; clear: both; color: rgb(102, 102, 102); font-family: 宋体, 微软雅黑, arial; font-size: 14px; white-space: normal; background-color: rgb(255, 255, 255);\">好压压缩软件(HaoZip)提供了对ZIP、7Z和TAR文件的完整支持，能解压RAR、JAR、XPI、BZ2、BZIP2、TBZ2、TBZ、GZ、GZIP、TGZ、TPZ、LZMA、Z、TAZ、LZH、LZA、WIM、SWM、CPIO、CAB、ISO、ARJ、XAR、RPM、DEB、DMG、HFS等多达45种格式文件，这是同类软件无法比拟的！</p><p style=\"margin-top: 0px; margin-bottom: 15px; padding: 0px; line-height: 24px; clear: both; color: rgb(102, 102, 102); font-family: 宋体, 微软雅黑, arial; font-size: 14px; white-space: normal; text-align: center; background-color: rgb(255, 255, 255);\"><img src=\"http://demo.jspxcms.com/uploads/1/image/public/201512/20151224153438_dphuht0mc2.jpg\" style=\"border: 0px; display: block;\"/></p><p class=\"introTit\" style=\"margin-top: 10px; margin-bottom: 10px; padding: 0px; line-height: 24px; clear: both; font-family: 宋体, arial; color: rgb(51, 51, 51); position: relative; white-space: normal; background: url(http://www.pc6.com/style/css/images/ddd.gif) 0% 50% repeat-x rgb(255, 255, 255);\"><span style=\"padding: 0px 10px 0px 0px; font-weight: bold; font-family: 微软雅黑, arial; background-image: initial; background-attachment: initial; background-size: initial; background-origin: initial; background-clip: initial; background-position: initial; background-repeat: initial;\">使用方法</span></p><p style=\"margin-top: 0px; margin-bottom: 15px; padding: 0px; line-height: 24px; clear: both; color: rgb(102, 102, 102); font-family: 宋体, 微软雅黑, arial; font-size: 14px; white-space: normal; background-color: rgb(255, 255, 255);\"><strong>1、什么是解压缩</strong><br/>解压缩就是将一个通过软件压缩的文档、文件等各种东西恢复到压缩之前的样子。<br/><strong>2.如何解压缩</strong><br/>方法一：通过右键菜单解压文件<br/>鼠标右键单击选中的一个或多个压缩文件，在弹出的右键菜单中，选择【解压文件…】，在新弹出的【解压文件】窗口中，设置好解压选项，点击【确定】即可进行解压操作。如果解压之后的文件保存在当前文件夹，也可通过选择【解压到当前文件夹】，实现快捷操作。</p><p style=\"margin-top: 0px; margin-bottom: 15px; padding: 0px; line-height: 24px; clear: both; color: rgb(102, 102, 102); font-family: 宋体, 微软雅黑, arial; font-size: 14px; white-space: normal; text-align: center; background-color: rgb(255, 255, 255);\"><img src=\"http://demo.jspxcms.com/uploads/1/image/public/201512/20151224153438_9r6rvm3kv3.jpg\" style=\"border: 0px; display: block;\"/></p><p style=\"margin-top: 0px; margin-bottom: 15px; padding: 0px; line-height: 24px; clear: both; color: rgb(102, 102, 102); font-family: 宋体, 微软雅黑, arial; font-size: 14px; white-space: normal; background-color: rgb(255, 255, 255);\">方法二：在2345好压软件界面解压文件<br/>打开2345好压，找到希望解压的压缩文件，点击选中后，点击软件主界面左上第二个【解压到】图标，并在新弹出的窗口中设置解压缩选项后，点击【确定】即可对文件进行解压。</p><p style=\"margin-top: 0px; margin-bottom: 15px; padding: 0px; line-height: 24px; clear: both; color: rgb(102, 102, 102); font-family: 宋体, 微软雅黑, arial; font-size: 14px; white-space: normal; text-align: center; background-color: rgb(255, 255, 255);\"><img src=\"http://demo.jspxcms.com/uploads/1/image/public/201512/20151224153438_9e1d3gcy8e.jpg\" style=\"border: 0px; display: block;\"/></p><p style=\"margin-top: 0px; margin-bottom: 15px; padding: 0px; line-height: 24px; clear: both; color: rgb(102, 102, 102); font-family: 宋体, 微软雅黑, arial; font-size: 14px; white-space: normal; background-color: rgb(255, 255, 255);\"><strong>3.测试压缩文件</strong><br/>压缩一个文件时，在【压缩文件】界面，点击【密码】标签，然后输入密码即可。</p><p style=\"margin-top: 0px; margin-bottom: 15px; padding: 0px; line-height: 24px; clear: both; color: rgb(102, 102, 102); font-family: 宋体, 微软雅黑, arial; font-size: 14px; white-space: normal; text-align: center; background-color: rgb(255, 255, 255);\"><img src=\"http://demo.jspxcms.com/uploads/1/image/public/201512/20151224153438_uhok79n0nq.jpg\" style=\"border: 0px; display: block;\"/></p><p><br/></p>'), ('135', 'text', '<p style=\"margin-top: 0px; margin-bottom: 0px; padding: 0px; color: rgb(51, 51, 51); font-family: &#39;Microsoft Yahei&#39;, Tahoma, Simsun; font-size: 14px; line-height: 24px; white-space: normal; background-color: rgb(255, 255, 255);\"><strong>PotPlayer播放器中文版</strong>是一款优秀的<strong>高清播放器</strong>，它的前身是著名的KMPlayer。它可以播放大多数主流的视频、音频文件，并不需要额外安装第三方解码器。它强大的定制性与扩展能力让它成为播放高清影片的不二之选。<br/><strong>PotPlayer播放器中文版</strong>是kmplayer的原作者姜龙喜先生进入daum公司后的新一代作品,目前正在全力开发中.由于采用delphi编译程序kmplayer的一些弊端，姜龙喜先生为改进播放器本身的一些性能而重新用vc++进行构架.</p><p style=\"margin-top: 0px; margin-bottom: 0px; padding: 0px; color: rgb(51, 51, 51); font-family: &#39;Microsoft Yahei&#39;, Tahoma, Simsun; font-size: 14px; line-height: 24px; white-space: normal; background-color: rgb(255, 255, 255);\"><strong>PotPlayer绿色纯净版</strong>，由PotPlayer论坛版主”闻雷”专注维护，完善简体中文语言，精简Live相关文件、安装临时文件及一些无用的多余文件。</p><p><br/></p>'), ('136', 'text', '<p style=\"margin-top: 0px; margin-bottom: 15px; padding: 0px; line-height: 24px; clear: both; color: rgb(102, 102, 102); font-family: 宋体, 微软雅黑, arial; font-size: 14px; white-space: normal; background-color: rgb(255, 255, 255);\"><strong><span style=\"color: rgb(255, 0, 0);\">Adobe Reader X 11.0.6 官方中文版</span></strong>下载，支持打开和使用 Adobe PDF 的工具，可查看、打印和管理 PDF。<span style=\"color: rgb(255, 0, 0);\">若已经安装过之前的版本，请先卸载后再安装此版本！</span></p><p style=\"margin-top: 0px; margin-bottom: 15px; padding: 0px; line-height: 24px; clear: both; color: rgb(102, 102, 102); font-family: 宋体, 微软雅黑, arial; font-size: 14px; white-space: normal; background-color: rgb(255, 255, 255);\">在 Reader 中打开 PDF 后，可以使用多种工具快速查找信息。<br/>如果您收到一个 PDF 表单，则可以在线填写并以电子方式提交。<br/>如果收到审阅 PDF 的邀请，则可使用注释和标记工具为其添加批注。<br/>使用 Reader 的多媒体工具可以播放 PDF 中的视频和音乐。<br/>如果 PDF 包含敏感信息，则可利用数字身份证对文档进行签名或验证。</p><p style=\"margin-top: 0px; margin-bottom: 15px; padding: 0px; line-height: 24px; clear: both; color: rgb(102, 102, 102); font-family: 宋体, 微软雅黑, arial; font-size: 14px; white-space: normal; text-align: center; background-color: rgb(255, 255, 255);\"><img alt=\"\" src=\"http://demo.jspxcms.com/uploads/1/image/public/201512/20151224152623_5kfuecb6p6.jpg\" style=\"border: 0px; display: block;\"/></p><p style=\"margin-top: 0px; margin-bottom: 15px; padding: 0px; line-height: 24px; clear: both; color: rgb(102, 102, 102); font-family: 宋体, 微软雅黑, arial; font-size: 14px; white-space: normal; background-color: rgb(255, 255, 255);\"><span style=\"color: rgb(255, 0, 0);\">Adobe Reader XI新功能：<br/></span>新增了“评论”功能，所有用户都可以使用即时贴和高亮工具；<br/>移动设备也可以读取PDF文件了，Adobe面向Android、Windows Phone 7和黑莓Tablet OS均发布了免费的Reader X；<br/>采用了新的Protected Mode安全功能，保障用户浏览PDF文件的安全性；<br/>行业领先的安全性<br/>充分利用 Reader 中的受保护模式的安全性，它有助于保护计算机软件和数据免受恶意代码的侵扰。<br/>简化的用户界面<br/>更精确、高效地查看信息。选择阅读模式可在屏幕上显示更多内容，或选择双联模式查看跨页。在浏览器中使用打印、缩放和查找等键盘快捷键。</p><p><br/></p>'), ('148', 'text', 'Mozilla Firefox，中文名通常称为“火狐”或“火狐浏览器”，是一个开源网页浏览器，使用Gecko引擎（非ie内核），支持多种操作系统如Windows、Mac和linux。'), ('149', 'text', '<p style=\"margin-top: 0px; margin-bottom: 15px; padding: 0px; line-height: 24px; clear: both; color: rgb(102, 102, 102); font-family: 宋体, 微软雅黑, arial; font-size: 14px; white-space: normal; background-color: rgb(255, 255, 255);\">经过近9个月的研发，迅雷今天首度公开了7.9新版。迅雷7.9加快了启动速度，新增了一键立即下载、在开始前完成、批量任务分组、智能任务分类等功能，下面具体来看一下：</p><p style=\"margin-top: 0px; margin-bottom: 15px; padding: 0px; line-height: 24px; clear: both; color: rgb(102, 102, 102); font-family: 宋体, 微软雅黑, arial; font-size: 14px; white-space: normal; text-align: center; background-color: rgb(255, 255, 255);\"><img src=\"http://demo.jspxcms.com/uploads/1/image/public/201512/20151224152012_yw0xxdjobo.jpg\" style=\"border: 0px; display: block;\"/></p><p style=\"margin-top: 0px; margin-bottom: 15px; padding: 0px; line-height: 24px; clear: both; color: rgb(102, 102, 102); font-family: 宋体, 微软雅黑, arial; font-size: 14px; white-space: normal; background-color: rgb(255, 255, 255);\">　　——加快启动速度<br/>　　启动速度慢的罪魁祸首是“频繁、大量进行硬盘读写”，迅雷7.9从基础设计上追求最少、最精明的进行硬盘读写。<br/>　　——确保运行顺畅<br/>　　迅雷7.9避免了使用插件，并且极力推行了模块之间的异步协作。<br/>　　——从源头避免“卡顿”<br/>　　迅雷7.9加入了自我性能分析工具。深入剖析迅雷启动、运行过程中每个步骤的性能表现。任何可能导致“卡顿”的问题发生时，都能从根源上锁定并解决问题。<br/>　　——一键立即下载<br/>　　在迅雷7.9中，以往的复杂操作不复存在，即便是通过手动输入下载地址的方式建立任务，迅雷7.9也能让你一键立即下载！</p><p style=\"margin-top: 0px; margin-bottom: 15px; padding: 0px; line-height: 24px; clear: both; color: rgb(102, 102, 102); font-family: 宋体, 微软雅黑, arial; font-size: 14px; white-space: normal; text-align: center; background-color: rgb(255, 255, 255);\"><img src=\"http://demo.jspxcms.com/uploads/1/image/public/201512/20151224152012_tbr5vluwwx.png\" style=\"border: 0px; display: block;\"/></p><p style=\"margin-top: 0px; margin-bottom: 15px; padding: 0px; line-height: 24px; clear: both; color: rgb(102, 102, 102); font-family: 宋体, 微软雅黑, arial; font-size: 14px; white-space: normal; background-color: rgb(255, 255, 255);\">　　——在开始前完成<br/>　　迅雷7.9在你点击“立即下载”前，便已经开始下载，甚至下载完成。</p><p style=\"margin-top: 0px; margin-bottom: 15px; padding: 0px; line-height: 24px; clear: both; color: rgb(102, 102, 102); font-family: 宋体, 微软雅黑, arial; font-size: 14px; white-space: normal; text-align: center; background-color: rgb(255, 255, 255);\"><img src=\"http://demo.jspxcms.com/uploads/1/image/public/201512/20151224152012_tltxdx81br.png\" style=\"border: 0px; display: block;\"/></p><p style=\"margin-top: 0px; margin-bottom: 15px; padding: 0px; line-height: 24px; clear: both; color: rgb(102, 102, 102); font-family: 宋体, 微软雅黑, arial; font-size: 14px; white-space: normal; background-color: rgb(255, 255, 255);\">　　——批量任务分组<br/>　　迅雷7.9增加的“任务组”功能，可以将批量任务归纳为1个任务，即便再多批量任务，也能一目了然！</p><p style=\"margin-top: 0px; margin-bottom: 15px; padding: 0px; line-height: 24px; clear: both; color: rgb(102, 102, 102); font-family: 宋体, 微软雅黑, arial; font-size: 14px; white-space: normal; text-align: center; background-color: rgb(255, 255, 255);\"><img src=\"http://demo.jspxcms.com/uploads/1/image/public/201512/20151224152012_31499ev791.png\" style=\"border: 0px; display: block;\"/></p><p style=\"margin-top: 0px; margin-bottom: 15px; padding: 0px; line-height: 24px; clear: both; color: rgb(102, 102, 102); font-family: 宋体, 微软雅黑, arial; font-size: 14px; white-space: normal; background-color: rgb(255, 255, 255);\">　　——智能任务分类<br/>　　在迅雷7.9中，你不再需要亲自将任务归类了，当下载完成，迅雷7.9会根据文件类型自动分类。<br/>　　——探索下载奥秘<br/>　　迅雷是如何进行下载的？下载时发生了什么？迅雷7.9内置的“任务详情页”，让你清楚看到下载时的细节和事件。</p><p style=\"margin-top: 0px; margin-bottom: 15px; padding: 0px; line-height: 24px; clear: both; color: rgb(102, 102, 102); font-family: 宋体, 微软雅黑, arial; font-size: 14px; white-space: normal; text-align: center; background-color: rgb(255, 255, 255);\"><img src=\"http://demo.jspxcms.com/uploads/1/image/public/201512/20151224152012_mmijco2j3x.png\" style=\"border: 0px; display: block;\"/></p><p style=\"margin-top: 0px; margin-bottom: 15px; padding: 0px; line-height: 24px; clear: both; color: rgb(102, 102, 102); font-family: 宋体, 微软雅黑, arial; font-size: 14px; white-space: normal; background-color: rgb(255, 255, 255);\">　　——全新风格的界面设计，别出心裁的操作动画。迅雷7.9还提供了多款的动态皮肤。</p><p class=\"introTit\" style=\"margin-top: 10px; margin-bottom: 10px; padding: 0px; line-height: 24px; clear: both; font-family: 宋体, arial; color: rgb(51, 51, 51); position: relative; white-space: normal; background: url(http://www.pc6.com/style/css/images/ddd.gif) 0% 50% repeat-x rgb(255, 255, 255);\"><span style=\"padding: 0px 10px 0px 0px; font-weight: bold; font-family: 微软雅黑, arial; background-image: initial; background-attachment: initial; background-size: initial; background-origin: initial; background-clip: initial; background-position: initial; background-repeat: initial;\">使用方法</span></p><p style=\"margin-top: 0px; margin-bottom: 15px; padding: 0px; line-height: 24px; clear: both; color: rgb(102, 102, 102); font-family: 宋体, 微软雅黑, arial; font-size: 14px; white-space: normal; background-color: rgb(255, 255, 255);\">　　<strong>如何在浏览器中增加“使用迅雷下载”？</strong><br/>　　【解决方法】<br/>　　可以通过右上角的小工具---选择“浏览器支持”；</p><p style=\"margin-top: 0px; margin-bottom: 15px; padding: 0px; line-height: 24px; clear: both; color: rgb(102, 102, 102); font-family: 宋体, 微软雅黑, arial; font-size: 14px; white-space: normal; text-align: center; background-color: rgb(255, 255, 255);\"><img src=\"http://demo.jspxcms.com/uploads/1/image/public/201512/20151224152012_ici7ncfwcg.jpg\" style=\"border: 0px; display: block;\"/></p><p style=\"margin-top: 0px; margin-bottom: 15px; padding: 0px; line-height: 24px; clear: both; color: rgb(102, 102, 102); font-family: 宋体, 微软雅黑, arial; font-size: 14px; white-space: normal; background-color: rgb(255, 255, 255);\"><br/>　　根据实际使用的浏览器，启动对应浏览器的支持，然后重新打开浏览器即可。</p><p style=\"margin-top: 0px; margin-bottom: 15px; padding: 0px; line-height: 24px; clear: both; color: rgb(102, 102, 102); font-family: 宋体, 微软雅黑, arial; font-size: 14px; white-space: normal; text-align: center; background-color: rgb(255, 255, 255);\"><img src=\"http://demo.jspxcms.com/uploads/1/image/public/201512/20151224152012_ayskx5pwel.jpg\" style=\"border: 0px; display: block;\"/></p><p style=\"margin-top: 0px; margin-bottom: 15px; padding: 0px; line-height: 24px; clear: both; color: rgb(102, 102, 102); font-family: 宋体, 微软雅黑, arial; font-size: 14px; white-space: normal; background-color: rgb(255, 255, 255);\">　　<strong>如何设置迅雷7最大任务数？</strong><br/>　　打开迅雷7 =》系统设置=》任务管理里面进行设置即可。</p><p style=\"margin-top: 0px; margin-bottom: 15px; padding: 0px; line-height: 24px; clear: both; color: rgb(102, 102, 102); font-family: 宋体, 微软雅黑, arial; font-size: 14px; white-space: normal; text-align: center; background-color: rgb(255, 255, 255);\"><img src=\"http://demo.jspxcms.com/uploads/1/image/public/201512/20151224152012_ifpto2mo4h.jpg\" style=\"border: 0px; display: block;\"/></p><p class=\"introTit\" style=\"margin-top: 10px; margin-bottom: 10px; padding: 0px; line-height: 24px; clear: both; font-family: 宋体, arial; color: rgb(51, 51, 51); position: relative; white-space: normal; background: url(http://www.pc6.com/style/css/images/ddd.gif) 0% 50% repeat-x rgb(255, 255, 255);\"><span style=\"padding: 0px 10px 0px 0px; font-weight: bold; font-family: 微软雅黑, arial; background-image: initial; background-attachment: initial; background-size: initial; background-origin: initial; background-clip: initial; background-position: initial; background-repeat: initial;\">更新日志</span></p><p style=\"margin-top: 0px; margin-bottom: 15px; padding: 0px; line-height: 24px; clear: both; color: rgb(102, 102, 102); font-family: 宋体, 微软雅黑, arial; font-size: 14px; white-space: normal; background-color: rgb(255, 255, 255);\">　　功能变化：<br/>　　“系统设置”面板中“监视浏览器”选项改为可按浏览器单独设置<br/></p><p style=\"margin-top: 0px; margin-bottom: 15px; padding: 0px; line-height: 24px; clear: both; color: rgb(102, 102, 102); font-family: 宋体, 微软雅黑, arial; font-size: 14px; white-space: normal; text-align: center; background-color: rgb(255, 255, 255);\"><img title=\"\" border=\"0\" hspace=\"0\" vspace=\"0\" src=\"http://demo.jspxcms.com/uploads/1/image/public/201512/20151224152013_np95o5nsfs.png\" width=\"406\" height=\"57\" style=\"border: 0px; display: block; width: 406px; height: 57px;\"/></p><p style=\"margin-top: 0px; margin-bottom: 15px; padding: 0px; line-height: 24px; clear: both; color: rgb(102, 102, 102); font-family: 宋体, 微软雅黑, arial; font-size: 14px; white-space: normal; background-color: rgb(255, 255, 255);\">　　细节改进：<br/>　　优化登录迅雷账号的响应速度<br/>　　当迅雷不处于窗口最前端时双击悬浮窗，迅雷将置于窗口最前端显示<br/>　　增加了任务组名称编辑框的宽度<br/>　　安装迅雷时，检测到迅雷正在运行的提示中，将“強”字改为“强”字（关爱处女座在行动！）<br/>　　部分文字按钮不再显示文字提示（关爱阅读障碍患者在行动！）<br/>　　增加“皮肤、主菜单”按钮的文字提示（关爱小学生在行动！）<br/>　　右下角的“右侧栏管理”按钮用鼠标右键点击也能弹出菜单了（关爱鼠标左键坏了的人在行动！）<br/>　　任务详情中的“注释”栏改为可编辑状态（关爱健忘症患者在行动！）<br/>　　任务详情中的各项参数文字已经对齐（关爱强迫症患者在行动！）<br/>　　迅雷账号信息面板在迅雷处于窗口化模式且左侧空间足够时，向左侧展开，不再遮挡任务分类区域<br/>　　迅雷账号信息面板的“成就”部分在没有“成就”时不展示<br/>　　“小工具”菜单中的“速度测试”改名为“宽带测速器”<br/>　　下载模式菜单中的“更多设置”更名为“网速保护设置”<br/>　　问题修正：<br/>　　修正开启主界面透明效果时，搜索栏显示异常的问题<br/>　　修正某些情况下，打开网页时会误触发下载请求的问题<br/>　　修正在BT任务文件列表中，展开或收起文件夹时，文件列表自动滚动至顶部的问题<br/>　　修正删除正在使用的代理时，代理设置无法同步生效的问题<br/>　　修正英文版Win10中IE浏览器的迅雷下载支持扩展名称显示乱码的问题<br/>　　修正某些情况下电驴任务名显示乱码的问题<br/>　　修正将“私人空间”任务拖动到“正在下载”时，无法正常拖动图标的问题</p><p class=\"introTit\" style=\"margin-top: 10px; margin-bottom: 10px; padding: 0px; line-height: 24px; clear: both; font-family: 宋体, arial; color: rgb(51, 51, 51); position: relative; white-space: normal; background: url(http://www.pc6.com/style/css/images/ddd.gif) 0% 50% repeat-x rgb(255, 255, 255);\"><span style=\"padding: 0px 10px 0px 0px; font-weight: bold; font-family: 微软雅黑, arial; background-image: initial; background-attachment: initial; background-size: initial; background-origin: initial; background-clip: initial; background-position: initial; background-repeat: initial;\">安装载图</span></p><p style=\"margin-top: 0px; margin-bottom: 15px; padding: 0px; line-height: 24px; clear: both; color: rgb(102, 102, 102); font-family: 宋体, 微软雅黑, arial; font-size: 14px; white-space: normal; text-align: center; background-color: rgb(255, 255, 255);\"><img src=\"http://demo.jspxcms.com/uploads/1/image/public/201512/20151224152013_3xf33rrv37.jpg\" style=\"border: 0px; display: block;\"/></p><p style=\"margin-top: 0px; margin-bottom: 15px; padding: 0px; line-height: 24px; clear: both; color: rgb(102, 102, 102); font-family: 宋体, 微软雅黑, arial; font-size: 14px; white-space: normal; text-align: center; background-color: rgb(255, 255, 255);\"><img src=\"http://demo.jspxcms.com/uploads/1/image/public/201512/20151224152013_hxkiongwl0.jpg\" style=\"border: 0px; display: block;\"/></p><p style=\"margin-top: 0px; margin-bottom: 15px; padding: 0px; line-height: 24px; clear: both; color: rgb(102, 102, 102); font-family: 宋体, 微软雅黑, arial; font-size: 14px; white-space: normal; text-align: center; background-color: rgb(255, 255, 255);\"><img src=\"http://demo.jspxcms.com/uploads/1/image/public/201512/20151224152013_pscittllvb.jpg\" style=\"border: 0px; display: block;\"/></p><p><br/></p>'), ('150', 'text', '<p><strong>360浏览器</strong>是一款小巧、快速、安全、功能强大的多窗口浏览器，它是完全免费，没有任何功能限制的绿色软件，最全的恶意网址库，最新的云安全引擎，“安全红绿灯”全面拦截木马病毒网站;“搜索引擎保护”自动标识搜索结果页中的风险网站，网必通是360极速浏览器推出的新功能，解决个别海外科技类网站打不开的问题。当开启网必通功能后，当访问此类网站时，网必通会绕开封锁加速打开。我们希望网必通是送给广大程序员、大学生的礼物，希望大家通过它学习国外最新技术。</p><p><img alt=\"360极速浏览器2015下载\" src=\"http://www.3987.com/uploadfile/2014/1115/20141115085031526.jpg\" style=\"width: 500px; height: 337px;\"/></p><p><strong>360极速浏览器功能如下：</strong></p><p>1、基础最扎实：极速浏览器功能全面而又不繁杂;双核切换最智能(得益于海量用户和长期数据运营);稳定性最好(专门团队负责崩溃、卡死、用户反馈等)。而国内其他同行要不为了升核功能简陋，要不功能繁杂胡乱创新，要不稳定性极差。</p><p>2、升核动作快：这是我们的优良传统，难得的是在我们这么大体量的情况下(功能多、稳定性要求高)还能快速升核，就是让大象快跑!这个得益于专业、成熟的团队和一致的目标!</p><p>3、界面最精致：界面审美虽然仁者见仁，但从皮肤的精致程度来说，国内绝对数一数二，真正要做到好看、耐看!最关键的是我们换壁纸就可以实现效果华丽丽的整体换肤，这个经过长期调教优化，加上新标签页的配合，效果绝对一流!既能让浏览器千变万化彰显个性，又能保证易用性。这要归功于成熟的设计师和精益求精的工程师，在长期的配合下，他们知道好的浏览器界面应该是什么样的，避免了同行们要么很浮夸要么不够精致的问题。</p><p><strong>360极速浏览器 v8.1.0.374 更新：</strong></p><p>优化：</p><p>优化新建下载窗口出现时的动画效果。</p><p>优化广告过滤加载策略，提升启动速度。</p><p>优化flash加载策略，npflash不可用时使用ppflash。</p><p>修复：</p><p>解决QQ空间中动画显示异常的问题。</p><p>解决部分flash上不能输入中文的问题。</p>'), ('180', 'text', '<p>　　【环球时报记者 赵倩】针对日前有报道称“中国中兴通讯股份有限公司在蒙古承建项目时涉嫌行贿，其管理人员已被蒙古国家反贪局逮捕”，中兴公司18日接受《环球时报》记者采访时予以否认。</p><p><br/></p><p>　　该报道称，本月13日，蒙古国家反贪局对中兴公司在当地的办事处、高管住处、私人汽车及车库进行搜查，将搜到的文件资料都带走，并将中兴高管羁押在监狱。</p><p><br/></p><p>　　针对此事，中兴公司18日给《环球时报》发来声明称，作为在中国深港两地上市的国际化通信企业，中兴通讯一直以来秉持守法经营的理念。中兴通讯在蒙古的业务开展，与其他国家一样，完全符合行业国际惯例要求和所在国法律的规定。目前，我们的业务遍及全球140 多个国家的500多个运营商，有着近30年良好的行业经历。</p><p><br/></p>'), ('221', 'text', '<p>&nbsp;系统工具测试</p><p style=\"line-height: 16px;\"><img style=\"vertical-align: middle; margin-right: 2px;\" src=\"http://localhost:8080/static/vendor/ueditor/dialogs/attachment/fileTypeImages/icon_pdf.gif\"/><a style=\"font-size:12px; color:#0066cc;\" href=\"/uploads/1/file/public/201807/20180727114143_sosof0xptc.pdf\" title=\"深度学习在高光谱图像分类领域的研究现状与展望.pdf\">深度学习在高光谱图像分类领域的研究现状与展望.pdf</a></p><p><br/></p>'), ('241', 'text', '<p><span style=\"color: rgb(17, 17, 17); font-family: Roboto, Arial, sans-serif; font-size: 14px; background-color: rgb(255, 255, 255);\">GRB 090426 is a short-duration burst detected by Swift ( s in the observer frame and s in the burst frame at z= 2.609). Its host galaxy properties and some gamma-ray-related correlations are analogous to those seen in long-duration gamma-ray bursts (GRBs), which are believed to be of a massive star origin (so-called Type II GRBs). We present the results of its early optical observations with the 0.8-m Tsinghua University–National Astronomical Observatory of China Telescope (TNT) at Xinglong Observatory and the 1-m LOAO telescope at Mt Lemmon Optical Astronomy Observatory in Arizona. Our well-sampled optical afterglow light curve covers from to 104 s after the GRB trigger. It shows two shallow decay episodes that are likely due to energy injection, which end at and 7100 s, respectively. The decay slopes after the injection phases are consistent with each other (). The X-ray afterglow light curve appears to trace the optical, although the second energy-injection phase was missed due to visibility constraints introduced by the Swift orbit. The X-ray spectral index is without temporal evolution. Its decay slope is consistent with the prediction of the forward shock model. Both X-ray and optical emission are consistent with being in the same spectral regime above the cooling frequency (). The fact that is below the optical band from the very early epoch of the observation provides a constraint on the burst environment, which is similar to that seen in classical long-duration GRBs. We therefore suggest that death of a massive star is the possible progenitor of this short burst.</span></p>'), ('251', 'text', '<p>By using the line ratio C IV λ1549/C II λ1335 as a tracer of the ionization ratio of the interstellar medium (ISM) illuminated by a long gamma-ray burst (LGRB), we identify a global photoionization response of the ionization ratio to the photon luminosity of the prompt emission assessed by either L iso/E peak or {L}iso}/{E}peak}2. The ionization ratio increases with both L iso/E peak and L iso/E 2 peak for a majority of the LGRBs in our sample, although there are a few outliers. The identified dependence of C IV/C II on {L}iso}/{E}peak}2 suggests that the scatter of the widely accepted Amati relation is related to the ionization ratio in the ISM. The outliers tend to have relatively high C IV/C II values as well as relatively high C IV λ1549/Si IV λ1403 ratios, which suggests an existence of Wolf–Rayet stars in the environment of these LGRBs. We finally argue that the outliers and the LGRBs following the identified C IV/C II‑L iso/E peak ({L}iso}/{E}peak}2) correlation might come from different progenitors with different local environments.</p>'), ('252', 'text', '<p><span style=\"color: rgb(51, 51, 51); font-family: Georgia, serif; font-size: 17px; letter-spacing: 0.102px; background-color: rgb(252, 252, 252);\">Latest astronomy projects observe the spacial objects with astronomical cameras generating images continuously. To identify transient objects, the position of these objects on the images need to be compared against a reference table on the same portion of the sky, which is a complex search task called cross match. We designed Euclidean-Zone (E-Zone), a method for faster neighbor point queries which allows efficient cross match between spatial catalogs. In this paper, we implemented E-Zone algorithm utilizing euclidean distance between celestial objects with pixel coordinates to avoid the complex mathematical functions in equatorial coordinate system. Meanwhile, we surveyed on the parameters of our model and other system factors to find optimal configures of this algorithm. In addition to the sequential algorithm, we modified the serial program and implemented an OpenMP parallelized version. For serial version, the results of our algorithm achieved a speedup of 2.07 times over using equatorial coordinate system. Also, we achieved 19&nbsp;ms for sequencial queries and 5&nbsp;ms for parallel queries for 200,000 objects on a single CPU processor over a 230,520 synthetic reference database.</span></p>'), ('253', 'text', '<p><span style=\"color: rgb(51, 51, 51); font-family: &quot;Microsoft Yahei&quot;; text-align: justify;\">交流伺服系统在工业控制领域得到了广泛应用,但在天文领域的应用仍处于初级阶段。以中法合作天文卫星(Space multi-band Variable Object Monitor,SVOM)的地面观测设备地基广角相机阵(Ground-based Wide-Angle Camera,GWAC)为研究平台,研究了交流伺服系统应用于望远镜转台控制的可行性。测试了望远镜的跟踪速度控制精度、赤经跟踪精度、最大角速度、最大角加速度、重复指向精度等关键技术指标。测试结果表明,和步进电机系统相比,交流伺服系统在低速控制上具有同样高的精度。在高速控制领域,其调速范围更宽,速度调节更快,运行更平稳,具有明显的优势。另外,还具有低噪声、大转矩、高性价比等优点。实验中还测定了交流伺服系统对Apogee CCD U9000x的干扰,结果表明,交流伺服系统对CCD的干扰很小,在可接受的范围内。总之,交流伺服系统完全可用于中小型天文望远镜的转台控制,特别适用于快速转动和指向的系统。</span></p>'), ('254', 'text', '<p><span style=\"font-family: &quot;Microsoft YaHei&quot;; font-size: medium; background-color: rgb(255, 255, 255);\">Broad-lined type Ic supernovae (SNe Ic-BL) are a subclass of rare core-collapse SNe whose energy source is debated in the literature. Recently, a series of investigations on SNe Ic-BL with the magnetar (plus&nbsp;</span><sup style=\"font-family: &quot;Microsoft YaHei&quot;; white-space: normal;\">56</sup><span style=\"font-family: &quot;Microsoft YaHei&quot;; font-size: medium; background-color: rgb(255, 255, 255);\">Ni) model were carried out. Evidence for magnetar formation was found for the well-observed SNe Ic-BL 1998bw and 2002ap. In this paper, we systematically study a large sample of SNe Ic-BL not associated with gamma-ray bursts (GRBs). We use photospheric velocity data determined in a homogeneous way. We find that the magnetar+</span><sup style=\"font-family: &quot;Microsoft YaHei&quot;; white-space: normal;\">56</sup><span style=\"font-family: &quot;Microsoft YaHei&quot;; font-size: medium; background-color: rgb(255, 255, 255);\">Ni model provides a good description of the light curves and velocity evolution of our sample of SNe Ic-BL, although some SNe (not all) can also be described by the pure-magnetar model or by the two-component pure-</span><sup style=\"font-family: &quot;Microsoft YaHei&quot;; white-space: normal;\">56</sup><span style=\"font-family: &quot;Microsoft YaHei&quot;; font-size: medium; background-color: rgb(255, 255, 255);\">Ni model (three out of 12 are unlikely to be explained by two-component model). In the magnetar+</span><sup style=\"font-family: &quot;Microsoft YaHei&quot;; white-space: normal;\">56</sup><span style=\"font-family: &quot;Microsoft YaHei&quot;; font-size: medium; background-color: rgb(255, 255, 255);\">Ni model, the amount of&nbsp;</span><sup style=\"font-family: &quot;Microsoft YaHei&quot;; white-space: normal;\">56</sup><span style=\"font-family: &quot;Microsoft YaHei&quot;; font-size: medium; background-color: rgb(255, 255, 255);\">Ni required to explain their luminosity is significantly reduced, and the derived initial explosion energy is, in general, in accordance with neutrino heating. Some correlations between different physical parameters are evaluated, and their implications regarding magnetic field amplification and the total energy reservoir are discussed.</span></p>'), ('255', 'text', '<p><span style=\"color: rgb(51, 51, 51); font-family: &quot;Microsoft Yahei&quot;; text-align: justify;\">地基广角相机阵由36个广角相机拼接组成,主要观测目标为光学瞬变源,具有超大视场、高时间采样率、实时数据处理的技术特点。实时自动调焦对于系统自动化观测与提高科学产出至关重要。自动调焦的核心目标为提高图像的能量集中度,目前常用评价指标如星像50%能量半径、点扩散函数的半高全宽均存在计算量过大的问题。基于地基广角相机阵调焦过程中星像中心区域能量变化大、星像总流量及分布范围基本不变这一点,提出了通过统计中心区域流量占星像总流量百分比的快速清晰度评价算法,并对两个流量孔径展开详细研究。进一步对算法中流量计算方法进行简化,细化了背景取值、选星标准、选星数目等对算法有影响的参数,最终确立了一套适用于地基广角相机阵系统实时自动调焦的清晰度评价算法。算法结果准确,单图运算时间在0.1 s左右,满足系统快速自动调焦的需求。&nbsp;</span></p>'), ('256', 'text', '<p><span style=\"color: rgb(17, 17, 17); font-family: Roboto, Arial, sans-serif; font-size: 14px; background-color: rgb(255, 255, 255);\">We here report an identification of SDSS J090152.04+624342.6 as a new &quot;overlapping-trough&quot; iron low-ionization broad absorption line quasar at redshift of $z\\sim2.1$. No strong variation of the broad absorption lines can be revealed through the two spectra taken by the Sloan Digital Sky Survey with a time interval of $\\sim6$yr. Further optical and infrared spectroscopic study on this object is suggested.</span></p>'), ('257', 'text', '<p><span style=\"color: rgb(51, 51, 51); font-family: &quot;Microsoft Yahei&quot;; text-align: justify;\">SVOM天文卫星附属的地基广角相机阵(GWAC)含有36个广角望远镜,其短时标的高精度自动观测建立在实时自动调焦的基础上,本文将对广角望远镜实时自动调焦的图像清晰度评价方法进行研究和实现。文章首先比较研究了常用望远镜图像清晰度评价方法的原理及在GWAC系统上的适用性,得出基于星像能量集中度的两种方法:星像50%能量半径、PSF的FWHM值适用于GWAC系统。区别于常用天文软件包IRAF费时的算法,本文提出了基于点源强度分布进行PSF拟合计算FWHM的方法,并进一步探究了诸如拟合模型、选星标准、定心精度、拟合半径、插值方法、插值间隔、FWHM后处理等关键方法参数对FWHM计算精度与速度的影响。最终得到一套适用于GWAC实时自动调焦的清晰度评价方法,并用C++编程实现。本文中方法 FWHM计算误差为0.046pixel,精度与IRAF相当,计算焦点位置一致;单图(挑选后约300颗星)计算时间为0.67s,约为IRAF计算时间的1/20,满足GWAC系统自动调焦的精度与实时性需求。研究结果在GWAC系统中得到应用,并可为其他自动化望远镜观测系统提供参考。&nbsp;</span></p>'), ('258', 'text', '<p><span style=\"color: rgb(51, 51, 51); font-family: &quot;Microsoft Yahei&quot;; text-align: justify;\">大视场和高时间采样率是现代天文光学瞬变源巡天项目的两个主要发展方向,相对传统的巡天项目将会产生更大的数据量和要求更快的瞬变源识别处理速度.为满足新技术下的瞬变源识别处理要求,本文提出用基于等光度测量星像轮廓等13个新的特征参量取代原有的轮廓拟合参量;使用实际星像轮廓仿真和构建较真实的训练样本算法;加入基于实测数据分析的噪声过滤判据等方法.实现了基于随机林森算法的天文光学瞬变源自动快速识别系统.通过仿真和实测数据的测试表明:本识别系统较国际主流的同类识别算法提速约10倍,样本识别的总体正确检出率和错误检出率都基本相同,而在低信噪比处,本文的识别算法有较良好的表现.本识别系统已成功应用于我国的迷你地基广角相机阵(地基广角相机阵的先导项目),同时,本系统对于其他天文光学瞬变源巡天项目也有着重要的应用价值.&nbsp;</span></p>'), ('259', 'text', '<p><span style=\"color: rgb(51, 51, 51); font-family: &quot;Microsoft Yahei&quot;; text-align: justify;\">为应对我国的宽视场地基广角相机阵在大数据管理和实时处理上带来的挑战,提出一种基于列存储数据库Monet DB的时序数据处理与管理系统设计方案。本方案充分利用Monet DB兼具数据处理和管理于一体的数据库平台特点,通过将交叉认证等核心数据处理算法内嵌于数据库中,从而实现将&quot;计算带到数据中&quot;的设计理念。同时,对本方案开展了多项关键技术的研究与测试:TPC-H基准性能测试;大数据加载能力测试及优化研究;基于Monet DB的Zone算法实现与测试;可定制函数开发功能的测试。初步的预研结果表明,列存储切实可行,同时对本设计方案作详细的介绍。提出的基于列存储Monet DB数据库设计的海量星表数据处理应用方案,是高效的数据处理与管理为一体的天文数据库解决方案。</span></p>'), ('260', 'text', '<p><span style=\"color: rgb(51, 51, 51); font-family: &quot;Helvetica Neue&quot;, Helvetica, Arial, sans-serif; font-size: 14px; background-color: rgb(255, 255, 255);\">GWAC (Ground Wide Angle Camera) poses huge challenges in large-scale catalogue storage and real-time processing of quick search of transients among wide field-of-view time-series data. Firstly, this paper proposes the concept of using databases’ capabilities of fast data processing and parallelism, which will improve system performance and availability through the integration of data storage and computing platform. To understand the feasibility of Column-store MonetDB in vast catalogue management, we carry out a variety of pilot experiments of key technologies. We conduct TPC-H benchmark, data loading benchmark and optimization, and key algorithm testing of astronomical source association, all compared with the traditional row store database. Then, we use MonetDB to realize cross-match Zone algorithm. UDF function is developed for customizable data loading. Tests results show t MonetDB database has a remarkable performance in large amounts of data management and is efficient in real-time data process, thus has the ability to deal with 2.5T catalog data. In the end we propose a wide field of view massive time serial observation data processing solution using the in-memory column store database MonetDB. The experimental results show that the feasibility of the scheme. The design plan of MonetDB-based massive catalogue data processing solution, is an efficient astronomical database solution that combines data processing and data management.</span></p>'), ('261', 'text', '<p><span style=\"font-family: &quot;Microsoft YaHei&quot;; font-size: medium; background-color: rgb(255, 255, 255);\">We report our observations of very bright prompt optical and reverse shock (RS) optical emission of GRB 140512A and analyze its multi-wavelength data observed with the Swift and Fermi missions. It is found that the joint optical-X-ray-gamma-ray spectrum with our first optical detection (R = 13.09 mag) at {T}</span><sub style=\"font-family: &quot;Microsoft YaHei&quot;; white-space: normal;\">0</sub><span style=\"font-family: &quot;Microsoft YaHei&quot;; font-size: medium; background-color: rgb(255, 255, 255);\">+136 s during the second episode of the prompt gamma-rays can be fit by a single power law with an index of -1.32 ± 0.01. Our empirical fit to the afterglow light curves indicates that the observed bright optical afterglow with R = 13.00 mag at the peak time is consistent with predictions of the RS and forward shock (FS) emission of external shock models. A joint optical-X-ray afterglow spectrum is well fit with an absorbed single power law, with an index evolving with time from -1.86 ± 0.01 at the peak time to -1.57 ± 0.01 at a late epoch, which could be due to the evolution of the ratio of the RS to FS emission fluxes. We fit the light curves with standard external models, and derive the physical properties of the outflow. It is found that the ratio {R}</span><sub style=\"font-family: &quot;Microsoft YaHei&quot;; white-space: normal;\">{{B</sub><span style=\"font-family: &quot;Microsoft YaHei&quot;; font-size: medium; background-color: rgb(255, 255, 255);\">}}\\equiv {ɛ }</span><sub style=\"font-family: &quot;Microsoft YaHei&quot;; white-space: normal;\">{{B</sub><span style=\"font-family: &quot;Microsoft YaHei&quot;; font-size: medium; background-color: rgb(255, 255, 255);\">},{{r}}}/{ɛ }</span><sub style=\"font-family: &quot;Microsoft YaHei&quot;; white-space: normal;\">{{B</sub><span style=\"font-family: &quot;Microsoft YaHei&quot;; font-size: medium; background-color: rgb(255, 255, 255);\">},{{f}}} is 8187, indicating a high magnetization degree in the RS region. Measuring the relative radiation efficiency with {R}</span><sub style=\"font-family: &quot;Microsoft YaHei&quot;; white-space: normal;\">{{e</sub><span style=\"font-family: &quot;Microsoft YaHei&quot;; font-size: medium; background-color: rgb(255, 255, 255);\">}}\\equiv {ɛ }</span><sub style=\"font-family: &quot;Microsoft YaHei&quot;; white-space: normal;\">{{e</sub><span style=\"font-family: &quot;Microsoft YaHei&quot;; font-size: medium; background-color: rgb(255, 255, 255);\">},{{r}}}/{ɛ }</span><sub style=\"font-family: &quot;Microsoft YaHei&quot;; white-space: normal;\">{{e</sub><span style=\"font-family: &quot;Microsoft YaHei&quot;; font-size: medium; background-color: rgb(255, 255, 255);\">},{{f}}}, we have R&nbsp;</span><sub style=\"font-family: &quot;Microsoft YaHei&quot;; white-space: normal;\">e</sub><span style=\"font-family: &quot;Microsoft YaHei&quot;; font-size: medium; background-color: rgb(255, 255, 255);\">&nbsp;= 0.02, implying that the radiation efficiency of the RS is much lower than that in FS. We also show that the R&nbsp;</span><sub style=\"font-family: &quot;Microsoft YaHei&quot;; white-space: normal;\">B</sub><span style=\"font-family: &quot;Microsoft YaHei&quot;; font-size: medium; background-color: rgb(255, 255, 255);\">&nbsp;of GRBs 990123, 090102, and 130427A are similar to that of GRB 140512A and their apparent difference may be mainly attributed to the difference of the jet kinetic energy, initial Lorentz factor, and medium density among them.</span></p>'), ('262', 'text', '<p style=\"text-indent:32px;line-height:27px\"><span style=\"font-size:16px;font-family:宋体\">伽玛射线暴（</span><span style=\"font-size:16px\">Gamma-Rays Burst</span><span style=\"font-size:16px;font-family: 宋体\">，</span><span style=\"font-size:16px\">GRB</span><span style=\"font-size:16px;font-family:宋体\">）是天文领域的一个热门研究方向，目前已有大量课题针对伽玛暴进行研究。伽玛暴高能辐射持续时标很短，只有毫秒到千秒量级。在爆发其间，传统的窄视场望远镜（约</span><span style=\"font-size:16px\">10</span><span style=\"font-size:16px;font-family:宋体\">角分量级）由于其视场小转动速度慢，很难探测到伽玛暴的瞬时光学辐射。地基广角相机阵系统（</span><span style=\"font-size:16px\">Ground Wide Angle Cameras</span><span style=\"font-size:16px;font-family:宋体\">，</span><span style=\"font-size:16px\">GWAC</span><span style=\"font-size:16px;font-family:宋体\">系统）是中法合作天文卫星</span><span style=\"font-size:16px\">SVOM</span><span style=\"font-size:16px;font-family:宋体\">的地基相关观测设备，其拥有大视场（</span><span style=\"font-size:16px\">5000</span><span style=\"font-size:16px;font-family:宋体\">平方度）、高时间分辨率（小于</span><span style=\"font-size:16px\">15</span><span style=\"font-size:16px;font-family:宋体\">秒）的优点，将在伽玛暴瞬时光学辐射的探测及研究方面做出重要贡献。</span></p><p style=\"margin-top:8px;margin-right:0;margin-bottom:0;margin-left:25px;margin-bottom:0;line-height:27px\"><strong><span style=\"font-size:16px\">1.1.<span style=\"font:9px &#39;Times New Roman&#39;\">&nbsp;&nbsp;&nbsp;&nbsp;&nbsp;&nbsp; </span></span></strong><strong><span style=\"font-size:16px\">SVOM</span></strong><strong><span style=\"font-size:16px;font-family:宋体\">天文卫星简介</span></strong></p><p style=\"text-indent:32px;line-height:27px\"><span style=\"font-size:16px\">SVOM</span><span style=\"font-size:16px;font-family:宋体\">天文卫星是由中国和法国政府批准立项的、以伽玛暴研究为主要科学目标的科学卫星任务，卫星预计于</span><span style=\"font-size:16px\">2021</span><span style=\"font-size:16px;font-family:宋体\">年发射，目前正处于工程研制阶段。相应的地基观测系统最迟应在卫星发射一年前投入正式观测使用。</span></p><p style=\"text-indent:32px;line-height:27px\"><span style=\"font-size:16px\">SVOM</span><span style=\"font-size:16px;font-family:宋体\">的主要科学目标有：发现和快速定位各种伽玛暴；测量和研究伽玛暴的宽谱段辐射性质；利用伽玛暴研究暗能量和宇宙的演化。为此，</span><span style=\"font-size:16px\">SVOM</span><span style=\"font-size:16px;font-family:宋体\">科学团队提出研制以下天文观测设备：</span></p><p style=\"text-indent:32px;line-height:27px\"><strong><span style=\"font-size:16px;font-family:宋体\">其中天基科学载荷有：</span></strong></p><p style=\"margin-top:0;margin-right:0;margin-bottom: 0;margin-left:60px;margin-bottom:0;line-height:27px\"><span style=\"font-size:16px\">1)<span style=\"font:9px &#39;Times New Roman&#39;\">&nbsp;&nbsp;&nbsp;&nbsp;&nbsp;&nbsp;&nbsp; </span></span><span style=\"font-size:16px;font-family:宋体\">伽玛监视器（</span><span style=\"font-size:16px\">GRM</span><span style=\"font-size:16px;font-family:宋体\">）：</span><span style=\"font-size:16px\">50</span><span style=\"font-size:16px;font-family:宋体\">－</span><span style=\"font-size:16px\">5000KeV</span><span style=\"font-size:16px;font-family:宋体\">、</span><span style=\"font-size:16px\">&nbsp;&nbsp;&nbsp; &nbsp;</span><span style=\"font-size:16px;font-family:Symbol\">±</span><span style=\"font-size:16px\">60</span><span style=\"font-size:16px;font-family:Symbol\">°</span><span style=\"font-size:16px\"> &nbsp;&nbsp;&nbsp;</span><span style=\"font-size:16px;font-family:宋体\">（中国负责）</span></p><p style=\"margin-top:0;margin-right:0;margin-bottom: 0;margin-left:60px;margin-bottom:0;line-height:27px\"><span style=\"font-size:16px\">2)<span style=\"font:9px &#39;Times New Roman&#39;\">&nbsp;&nbsp;&nbsp;&nbsp;&nbsp;&nbsp;&nbsp; </span></span><span style=\"font-size:16px;font-family:宋体\">硬</span><span style=\"font-size:16px\">X</span><span style=\"font-size:16px;font-family:宋体\">相机（</span><span style=\"font-size:16px\">ECLAIRs</span><span style=\"font-size:16px;font-family:宋体\">）：</span><span style=\"font-size:16px\">4</span><span style=\"font-size:16px;font-family: 宋体\">－</span><span style=\"font-size:16px\">250KeV</span><span style=\"font-size:16px;font-family:宋体\">、</span><span style=\"font-size:16px\"> &nbsp;&nbsp;&nbsp;&nbsp;89</span><span style=\"font-size:16px;font-family:Symbol\">°</span><span style=\"font-size:16px;font-family:宋体\">×</span><span style=\"font-size:16px\">89</span><span style=\"font-size:16px;font-family:Symbol\">°</span> <span style=\"font-size:16px;font-family:宋体\">（法国负责）</span></p><p style=\"margin-top:0;margin-right:0;margin-bottom: 0;margin-left:60px;margin-bottom:0;line-height:27px\"><span style=\"font-size:16px\">3)<span style=\"font:9px &#39;Times New Roman&#39;\">&nbsp;&nbsp;&nbsp;&nbsp;&nbsp;&nbsp;&nbsp; </span></span><span style=\"font-size:16px;font-family:宋体\">软</span><span style=\"font-size:16px\">X</span><span style=\"font-size:16px;font-family:宋体\">望远镜（</span><span style=\"font-size:16px\">MXT</span><span style=\"font-size:16px;font-family:宋体\">）：</span><span style=\"font-size:16px\">0.3</span><span style=\"font-size:16px;font-family: 宋体\">－</span><span style=\"font-size:16px\">2KeV</span><span style=\"font-size:16px;font-family:宋体\">、</span><span style=\"font-size:16px\">&nbsp; &nbsp;&nbsp;&nbsp;&nbsp;&nbsp;65</span><span style=\"font-size: 16px;font-family:Symbol\">¢</span><span style=\"font-size:16px;font-family:宋体\">×</span><span style=\"font-size:16px\">65</span><span style=\"font-size:16px;font-family:Symbol\">¢</span><span style=\"font-size:16px\"> &nbsp;</span><span style=\"font-size:16px;font-family:宋体\">（法国负责）</span></p><p style=\"margin-top:0;margin-right:0;margin-bottom: 0;margin-left:60px;margin-bottom:0;line-height:27px\"><span style=\"font-size:16px\">4)<span style=\"font:9px &#39;Times New Roman&#39;\">&nbsp;&nbsp;&nbsp;&nbsp;&nbsp;&nbsp;&nbsp; </span></span><span style=\"font-size:16px;font-family:宋体\">光学望远镜（</span><span style=\"font-size:16px\">VT</span><span style=\"font-size:16px;font-family:宋体\">）：</span><span style=\"font-size:16px\">400</span><span style=\"font-size:16px;font-family:宋体\">－</span><span style=\"font-size:16px\">650/650</span><span style=\"font-size:16px;font-family:宋体\">－</span><span style=\"font-size:16px\">950nm</span><span style=\"font-size:16px;font-family:宋体\">、</span><span style=\"font-size:16px\">26</span><span style=\"font-size:16px;font-family:Symbol\">¢</span><span style=\"font-size:16px;font-family:宋体\">×</span><span style=\"font-size:16px\">26</span><span style=\"font-size:16px;font-family:Symbol\">¢</span> <span style=\"font-size:16px;font-family:宋体\">（中国负责）</span></p><p style=\"text-indent:32px;line-height:27px\"><strong><span style=\"font-size:16px;font-family:宋体\">以及相关地基观测设备：</span></strong></p><p style=\"margin-top:0;margin-right:0;margin-bottom: 0;margin-left:60px;margin-bottom:0;line-height:27px\"><span style=\"font-size:16px\">5)<span style=\"font:9px &#39;Times New Roman&#39;\">&nbsp;&nbsp;&nbsp;&nbsp;&nbsp;&nbsp;&nbsp; </span></span><span style=\"font-size:16px;font-family:宋体\">地基后随观测望远镜（</span><span style=\"font-size:16px\">GFTs</span><span style=\"font-size:16px;font-family:宋体\">）；</span><span style=\"font-size:16px\"> 400-1700nm, 25</span><span style=\"font-size:16px;font-family:Symbol\">¢</span><span style=\"font-size: 16px;font-family:宋体\">×</span><span style=\"font-size:16px\">25</span><span style=\"font-size:16px;font-family:Symbol\">¢</span><span style=\"font-size:16px;font-family:宋体\">（中法两国各一台）</span></p><p style=\"margin-top:0;margin-right:0;margin-bottom: 0;margin-left:60px;margin-bottom:0;line-height:27px\"><span style=\"font-size:16px\">6)<span style=\"font:9px &#39;Times New Roman&#39;\">&nbsp;&nbsp;&nbsp;&nbsp;&nbsp;&nbsp;&nbsp; </span></span><span style=\"font-size:16px;font-family:宋体\">地基广角相机阵系统（</span><span style=\"font-size:16px\">GWAC</span><span style=\"font-size:16px;font-family:宋体\">）；</span><span style=\"font-size:16px\">500-850nm</span><span style=\"font-size:16px;font-family:宋体\">，</span><span style=\"font-size:16px;font-family:Symbol\">~</span><span style=\"font-size:16px\">5000</span><span style=\"font-size:16px;font-family:宋体\">平方度（中方负责）</span></p><p style=\"margin-top:8px;margin-right:0;margin-bottom:0;margin-left:25px;margin-bottom:0;line-height:27px\"><strong><span style=\"font-size:16px\">1.2.<span style=\"font:9px &#39;Times New Roman&#39;\">&nbsp;&nbsp;&nbsp;&nbsp;&nbsp;&nbsp; </span></span></strong><strong><span style=\"font-size:16px\">GWAC</span></strong><strong><span style=\"font-size:16px;font-family:宋体\">系统的主要科学目标</span></strong></p><p style=\"text-indent:32px;line-height:27px\"><span style=\"font-size:16px;font-family:宋体\">地基广角相机阵（</span><span style=\"font-size:16px\">GWAC</span><span style=\"font-size:16px;font-family:宋体\">）的工作模式是指向</span><span style=\"font-size:16px\">SVOM</span><span style=\"font-size:16px;font-family:宋体\">卫星观测的天区，尽量覆盖</span><span style=\"font-size:16px\">SVOM</span><span style=\"font-size:16px;font-family:宋体\">天基广角设备</span><span style=\"font-size:16px\">Eclairs</span><span style=\"font-size:16px;font-family:宋体\">和</span><span style=\"font-size:16px\">GRM</span><span style=\"font-size:16px;font-family:宋体\">相同的天区。</span><span style=\"font-size:16px\">GWAC</span><span style=\"font-size:16px;font-family:宋体\">在光学波段和天基设备高能设备同时探测伽玛暴的多波段辐射特性，其观测数据还可以用来研究短时标激变天体等其他天文研究课题，其主要科学目标包含以下高能短时标爆发现象的观测研究等：</span></p><p style=\"text-indent:32px;line-height:27px\"><span style=\"font-size:16px\">1)&nbsp;&nbsp; SVOM</span><span style=\"font-size:16px;font-family:宋体\">伽玛暴的光学瞬时辐射和早期余辉；</span></p><p style=\"text-indent:32px;line-height:27px\"><span style=\"font-size:16px\">2)&nbsp;&nbsp; </span><span style=\"font-size:16px;font-family:宋体\">超新星激波暴及超新星极早期光学辐射；</span></p><p style=\"text-indent:32px;line-height:27px\"><span style=\"font-size:16px\">3)&nbsp;&nbsp; </span><span style=\"font-size:16px;font-family:宋体\">引力波暴对应体及其辐射特性；</span></p><p style=\"text-indent:32px;line-height:27px\"><span style=\"font-size:16px\">4)&nbsp;&nbsp; </span><span style=\"font-size:16px;font-family:宋体\">黑洞潮汐吞噬（</span><span style=\"font-size:16px\">TDE</span><span style=\"font-size:16px;font-family:宋体\">）的发现及其辐射特性。</span></p><p style=\"margin-top:8px;margin-right:0;margin-bottom:0;margin-left:25px;margin-bottom:0;line-height:27px\"><strong><span style=\"font-size:16px\">1.3.<span style=\"font:9px &#39;Times New Roman&#39;\">&nbsp;&nbsp;&nbsp;&nbsp;&nbsp;&nbsp; </span></span></strong><strong><span style=\"font-size:16px\">GWAC</span></strong><strong><span style=\"font-size:16px;font-family:宋体\">系统的组成</span></strong></p><p style=\"text-indent:32px;line-height:27px\"><span style=\"font-size:16px\">GWAC</span><span style=\"font-size:16px;font-family:宋体\">系统包含：地基广角相机阵（</span><span style=\"font-size:16px\">GWAC</span><span style=\"font-size:16px;font-family:宋体\">）、迷你地基广角相机阵（</span><span style=\"font-size:16px\">Mini-GWAC</span><span style=\"font-size:16px;font-family:宋体\">）、后随观测望远镜系统组成。各分系统简介如下：</span></p><p style=\"text-indent:32px;line-height:27px\"><strong><span style=\"font-size:16px\">1)&nbsp;&nbsp; </span></strong><strong><span style=\"font-size:16px;font-family:宋体\">地基广角相机阵（</span></strong><strong><span style=\"font-size:16px\">GWAC</span></strong><strong><span style=\"font-size:16px;font-family:宋体\">）：</span></strong></p><p style=\"text-indent:32px;line-height:27px\"><span style=\"font-size:16px;font-family:宋体\">包含</span><span style=\"font-size:16px\">40</span><span style=\"font-size:16px;font-family:宋体\">台有效口径为</span><span style=\"font-size:16px\">18</span><span style=\"font-size:16px;font-family:宋体\">厘米的宽视场望远镜、</span><span style=\"font-size:16px\">40</span><span style=\"font-size:16px;font-family:宋体\">台</span><span style=\"font-size:16px\">4k</span><span style=\"font-size:16px;font-family:Symbol\">´</span><span style=\"font-size:16px\">4k</span><span style=\"font-size:16px;font-family:宋体\">高性能</span><span style=\"font-size:16px\">CCD</span><span style=\"font-size:16px;font-family:宋体\">相机、</span><span style=\"font-size:16px\">10</span><span style=\"font-size:16px;font-family:宋体\">台赤道仪、以及相应的控制系统、数据处理系统、数据储存和管理系统。</span></p><p style=\"text-indent:32px;line-height:27px\"><span style=\"font-size:16px;font-family:宋体\">主要性能指标：综合视场～</span><span style=\"font-size:16px\">5000</span><span style=\"font-size:16px;font-family:宋体\">平方度、探测极限星等～</span><span style=\"font-size:16px\">16.0V</span><span style=\"font-size:16px;font-family:宋体\">（</span><span style=\"font-size:16px\">10</span><span style=\"font-size:16px;font-family:宋体\">秒钟、</span><span style=\"font-size:16px\">5</span><span style=\"font-size: 16px;font-family:Symbol\">s</span><span style=\"font-size:16px;font-family:宋体\">、无月夜）。</span></p><p style=\"text-indent:32px;line-height:27px\"><strong><span style=\"font-size:16px\">2)&nbsp;&nbsp; </span></strong><strong><span style=\"font-size:16px;font-family:宋体\">迷你地基广角相机阵（</span></strong><strong><span style=\"font-size:16px\">Mini-GWAC</span></strong><strong><span style=\"font-size:16px;font-family:宋体\">）：</span></strong></p><p style=\"text-indent:32px;line-height:27px\"><span style=\"font-size:16px;font-family:宋体\">包含</span><span style=\"font-size:16px\">12</span><span style=\"font-size:16px;font-family:宋体\">台</span><span style=\"font-size:16px\">7</span><span style=\"font-size:16px;font-family:宋体\">厘米的光学宽视场望远镜、</span><span style=\"font-size:16px\">12</span><span style=\"font-size:16px;font-family:宋体\">台</span><span style=\"font-size:16px\">3k</span><span style=\"font-size:16px;font-family:Symbol\">´</span><span style=\"font-size:16px\">3k CCD</span><span style=\"font-size:16px;font-family:宋体\">相机、</span><span style=\"font-size:16px\">6</span><span style=\"font-size:16px;font-family:宋体\">台赤道仪、以及相应的控制系统、数据处理系统、数据储存和管理系统。</span></p><p style=\"text-indent:32px;line-height:27px\"><span style=\"font-size:16px;font-family:宋体\">主要性能指标：综合视场～</span><span style=\"font-size:16px\">5000</span><span style=\"font-size:16px;font-family:宋体\">平方度、探测极限星等～</span><span style=\"font-size:16px\">12.5V</span><span style=\"font-size:16px;font-family:宋体\">（</span><span style=\"font-size:16px\">10</span><span style=\"font-size:16px;font-family:宋体\">秒钟、</span><span style=\"font-size:16px\">5</span><span style=\"font-size: 16px;font-family:Symbol\">s</span><span style=\"font-size:16px;font-family:宋体\">、无月夜）。</span></p><p style=\"text-indent:32px;line-height:27px\"><strong><span style=\"font-size:16px\">3)&nbsp;&nbsp; </span></strong><strong><span style=\"font-size:16px;font-family:宋体\">后随观测望远镜系统：</span></strong></p><p style=\"text-indent:32px;line-height:27px\"><span style=\"font-size:16px;font-family:宋体\">目前包含</span><span style=\"font-size:16px\">2</span><span style=\"font-size:16px;font-family:宋体\">台</span><span style=\"font-size:16px\">60</span><span style=\"font-size:16px;font-family:宋体\">厘米望远镜系统和</span><span style=\"font-size:16px\">2</span><span style=\"font-size:16px;font-family:宋体\">台</span><span style=\"font-size:16px\">1k</span><span style=\"font-size:16px;font-family:Symbol\">´</span><span style=\"font-size:16px\">1k</span><span style=\"font-size:16px;font-family:宋体\">高性能</span><span style=\"font-size:16px\">EMCCD</span><span style=\"font-size:16px;font-family:宋体\">相机；</span><span style=\"font-size:16px\">1</span><span style=\"font-size:16px;font-family:宋体\">台</span><span style=\"font-size:16px\">30</span><span style=\"font-size:16px;font-family:宋体\">厘米望远镜系统和</span><span style=\"font-size:16px\">1</span><span style=\"font-size:16px;font-family:宋体\">台</span><span style=\"font-size:16px\">4k</span><span style=\"font-size:16px;font-family:Symbol\">´</span><span style=\"font-size:16px\">4k CCD</span><span style=\"font-size:16px;font-family:宋体\">相机。</span></p><p style=\"text-indent:32px;line-height:27px\"><span style=\"font-size:16px\">2</span><span style=\"font-size:16px;font-family:宋体\">台</span><span style=\"font-size:16px\">60</span><span style=\"font-size:16px;font-family:宋体\">厘米望远镜由广西大学提供，</span><span style=\"font-size:16px\">1</span><span style=\"font-size:16px;font-family:宋体\">台</span><span style=\"font-size:16px\">30</span><span style=\"font-size:16px;font-family:宋体\">厘米望远镜由淮北师范大学提供。</span></p><p style=\"text-indent:32px;line-height:27px\"><span style=\"font-size:16px;font-family:宋体\">随着观测科学目标需求的提高，很可能还会进一步增加少量的后随观测望远镜。</span></p><p><br/></p>'), ('271', 'text', '<p><img src=\"/uploads/1/image/public/201807/20180729113214_y5hbe4bubp.jpg\" title=\"\" alt=\"QQ截图20180729102539.jpg\"/></p><p><img src=\"/uploads/1/image/public/201807/20180729113424_5a02j7whbk.jpeg\" title=\"\" alt=\"gwac_qj_dynamic.jpeg\"/></p>'), ('291', 'text', '<p>Two time-reversal algorithms for identifying, imaging, and tracking moving targets in clutter</p><p>are introduced. The rst algorithm classies existing scatterers into stationary vs. moving</p><p>targets. Multistatic data matrices (MDMs) corresponding to successive radar acquisitions</p><p>(snapshots) of the scene are recorded. Singular value decomposition of the (time-)averaged</p><p>MDM provides information on stationary targets, whereas singular value decomposition of</p><p>the dierential MDM provides information on moving targets. The second algorithm yields</p><p>real-time selective tracking of each moving target by means of dierential time-reversal. It</p><p>requires minimal processing and memory resources, and exploits distinctive features of time-</p><p>reversal such as statistical stability and superresolution. Numerical simulations are used to</p><p>illustrate the capabilities of the proposed algorithms in dierent scenarios involving clutter</p><p>from discrete secondary scatterers and from inhomogeneous random medium backgrounds.</p><p><br/></p>'), ('292', 'text', '<p>The following information is intended to be a consumer review for the Imaging Source DMK Monochrome USB line of cameras. I am a novice solar imaging enthusiast with a few years experience in Solar Astrophotography and a lifetime of interest and experience dealing with astronomy and cosmology. I am currently an Air Traffic Controller in Atlanta. I am not an employee of any astronomy related company nor was I paid for this review.</p><p>The Imaging Source out of Bremen, Germany with offices in Charlotte, NC (US) recently sent me a selection of their line of monochrome USB cameras and allowed me to do a complete review of their usability and imaging potential for Solar Astrophotography. I have been a big fan of the DMK31 and DMK41 for years now as they have been my main imaging cameras. I thought it might be useful if I wrote this review of my impressions of the cameras for other people in the market for a solar imaging camera. I have not used any expensive night time imaging equipment other than the Meade series of DSI’s. I am no expert for sure but I hope you find my review informational and helpful.</p><p><br/></p>');
COMMIT;

-- ----------------------------
-- Table structure for cms_info_custom
-- ----------------------------
DROP TABLE IF EXISTS `cms_info_custom`;
CREATE TABLE `cms_info_custom` (
`f_info_id`  int(11) NOT NULL ,
`f_key`  varchar(50) CHARACTER SET utf8 COLLATE utf8_general_ci NOT NULL COMMENT '键' ,
`f_value`  varchar(2000) CHARACTER SET utf8 COLLATE utf8_general_ci NULL DEFAULT NULL COMMENT '值' ,
FOREIGN KEY (`f_info_id`) REFERENCES `cms_info` (`f_info_id`) ON DELETE RESTRICT ON UPDATE RESTRICT,
INDEX `fk_cms_infocustom_info` (`f_info_id`) USING BTREE 
)
ENGINE=InnoDB
DEFAULT CHARACTER SET=utf8 COLLATE=utf8_general_ci
COMMENT='文档自定义表'

;

-- ----------------------------
-- Records of cms_info_custom
-- ----------------------------
BEGIN;
INSERT INTO `cms_info_custom` VALUES ('83', 'system', 'winxp,win7,win8,win2003'), ('93', 'system', 'winxp,win7,win8,win2003'), ('94', 'stock', '有货'), ('95', 'stock', '有货'), ('97', 'stock', '有货'), ('98', 'stock', '有货'), ('129', 'stock', '有货'), ('129', 'marketPrice', '12000.00'), ('129', 'price', '6249.00'), ('94', 'marketPrice', '2999'), ('94', 'price', '1999'), ('98', 'marketPrice', '4500.00'), ('98', 'price', '3899.00'), ('130', 'stock', '有货'), ('130', 'marketPrice', '25880.00'), ('130', 'price', '22599.00'), ('97', 'marketPrice', '8888.00'), ('97', 'price', '6666.00'), ('95', 'marketPrice', '599.00'), ('95', 'price', '179.00'), ('131', 'stock', '有货'), ('131', 'marketPrice', '1499.00'), ('131', 'price', '681.00 '), ('132', 'stock', '有货'), ('132', 'marketPrice', '25880.00'), ('132', 'price', '13999.00'), ('148', 'system', 'winxp,win7,win8,win2003'), ('149', 'system', 'winxp,win7,win8,win2003'), ('150', 'license', '免费软件'), ('150', 'system', 'winxp,win7,win8'), ('150', 'star', '★★★★☆'), ('150', 'language', '简体中文'), ('150', 'type', '国产软件'), ('149', 'license', '免费软件'), ('149', 'star', '★★★★★'), ('149', 'language', '简体中文'), ('149', 'type', '国产软件'), ('148', 'license', '免费软件'), ('148', 'star', '★☆☆☆☆'), ('148', 'language', '简体中文'), ('148', 'type', '国产软件'), ('136', 'license', '免费软件'), ('136', 'star', '★★★☆☆'), ('136', 'language', '简体中文'), ('136', 'type', '国产软件'), ('135', 'license', '免费软件'), ('135', 'system', 'winxp,win7,win8'), ('135', 'star', '★★★★☆'), ('135', 'language', '简体中文'), ('135', 'type', '国产软件'), ('136', 'system', 'winxp,win7,win8'), ('134', 'license', '免费软件'), ('134', 'system', 'winxp,win7,win8'), ('134', 'star', '★★★★★'), ('134', 'language', '简体中文'), ('134', 'type', '国产软件'), ('133', 'license', '免费软件'), ('133', 'system', 'winxp,win7,win8'), ('133', 'star', '★★★★★'), ('133', 'language', '简体中文'), ('133', 'type', '国产软件'), ('93', 'license', '免费软件'), ('93', 'star', '★★★★★'), ('93', 'language', '简体中文'), ('93', 'type', '国产软件'), ('83', 'license', '免费软件'), ('83', 'star', '★★★☆☆'), ('83', 'language', '简体中文'), ('83', 'type', '国产软件'), ('32', 'text_editor_type', 'ueditor'), ('46', 'text_editor_type', 'ueditor'), ('241', 'text_editor_type', 'ueditor'), ('251', 'text_editor_type', 'ueditor'), ('252', 'text_editor_type', 'ueditor'), ('253', 'text_editor_type', 'ueditor'), ('254', 'text_editor_type', 'ueditor'), ('255', 'text_editor_type', 'ueditor'), ('256', 'text_editor_type', 'ueditor'), ('257', 'text_editor_type', 'ueditor'), ('258', 'text_editor_type', 'ueditor'), ('259', 'text_editor_type', 'ueditor'), ('260', 'text_editor_type', 'ueditor'), ('261', 'text_editor_type', 'ueditor'), ('262', 'text_editor_type', 'ueditor'), ('291', 'text_editor_type', 'ueditor'), ('292', 'text_editor_type', 'ueditor'), ('25', 'text_editor_type', 'ueditor');
COMMIT;

-- ----------------------------
-- Table structure for cms_info_detail
-- ----------------------------
DROP TABLE IF EXISTS `cms_info_detail`;
CREATE TABLE `cms_info_detail` (
`f_info_id`  int(11) NOT NULL ,
`f_title`  varchar(150) CHARACTER SET utf8 COLLATE utf8_general_ci NOT NULL COMMENT '主标题' ,
`f_html`  varchar(255) CHARACTER SET utf8 COLLATE utf8_general_ci NULL DEFAULT NULL COMMENT 'HTML页面' ,
`f_mobile_html`  varchar(255) CHARACTER SET utf8 COLLATE utf8_general_ci NULL DEFAULT NULL COMMENT '手机端HTML页面' ,
`f_subtitle`  varchar(150) CHARACTER SET utf8 COLLATE utf8_general_ci NULL DEFAULT NULL COMMENT '副标题' ,
`f_full_title`  varchar(150) CHARACTER SET utf8 COLLATE utf8_general_ci NULL DEFAULT NULL COMMENT '完整标题' ,
`f_link`  varchar(255) CHARACTER SET utf8 COLLATE utf8_general_ci NULL DEFAULT NULL COMMENT '转向链接' ,
`f_is_new_window`  char(1) CHARACTER SET utf8 COLLATE utf8_general_ci NULL DEFAULT NULL COMMENT '是否在新窗口打开' ,
`f_color`  varchar(50) CHARACTER SET utf8 COLLATE utf8_general_ci NULL DEFAULT NULL COMMENT '颜色' ,
`f_is_strong`  char(1) CHARACTER SET utf8 COLLATE utf8_general_ci NOT NULL DEFAULT '0' COMMENT '是否粗体' ,
`f_is_em`  char(1) CHARACTER SET utf8 COLLATE utf8_general_ci NOT NULL DEFAULT '0' COMMENT '是否斜体' ,
`f_info_path`  varchar(255) CHARACTER SET utf8 COLLATE utf8_general_ci NULL DEFAULT NULL COMMENT '文档路径' ,
`f_info_template`  varchar(255) CHARACTER SET utf8 COLLATE utf8_general_ci NULL DEFAULT NULL COMMENT '文档模板' ,
`f_meta_description`  varchar(2048) CHARACTER SET utf8 COLLATE utf8_general_ci NULL DEFAULT NULL COMMENT 'meta描述' ,
`f_source`  varchar(50) CHARACTER SET utf8 COLLATE utf8_general_ci NULL DEFAULT NULL COMMENT '来源名称' ,
`f_source_url`  varchar(255) CHARACTER SET utf8 COLLATE utf8_general_ci NULL DEFAULT NULL COMMENT '来源url' ,
`f_author`  varchar(50) CHARACTER SET utf8 COLLATE utf8_general_ci NULL DEFAULT NULL COMMENT '作者' ,
`f_small_image`  varchar(255) CHARACTER SET utf8 COLLATE utf8_general_ci NULL DEFAULT NULL COMMENT '小图' ,
`f_large_image`  varchar(255) CHARACTER SET utf8 COLLATE utf8_general_ci NULL DEFAULT NULL COMMENT '大图' ,
`f_video`  varchar(255) CHARACTER SET utf8 COLLATE utf8_general_ci NULL DEFAULT NULL COMMENT '视频url' ,
`f_video_name`  varchar(255) CHARACTER SET utf8 COLLATE utf8_general_ci NULL DEFAULT NULL COMMENT '视频名称' ,
`f_video_length`  bigint(20) NULL DEFAULT NULL COMMENT '视频长度' ,
`f_video_time`  varchar(100) CHARACTER SET utf8 COLLATE utf8_general_ci NULL DEFAULT NULL COMMENT '视频时间' ,
`f_file`  varchar(255) CHARACTER SET utf8 COLLATE utf8_general_ci NULL DEFAULT NULL COMMENT '文件url' ,
`f_file_name`  varchar(255) CHARACTER SET utf8 COLLATE utf8_general_ci NULL DEFAULT NULL COMMENT '文件名称' ,
`f_file_length`  bigint(20) NULL DEFAULT NULL COMMENT '文件长度' ,
`f_doc`  varchar(255) CHARACTER SET utf8 COLLATE utf8_general_ci NULL DEFAULT NULL COMMENT '文库url' ,
`f_doc_name`  varchar(255) CHARACTER SET utf8 COLLATE utf8_general_ci NULL DEFAULT NULL COMMENT '文库名称' ,
`f_doc_length`  varchar(255) CHARACTER SET utf8 COLLATE utf8_general_ci NULL DEFAULT NULL COMMENT '文库长度' ,
`f_doc_pdf`  varchar(255) CHARACTER SET utf8 COLLATE utf8_general_ci NULL DEFAULT NULL COMMENT '文库PDF' ,
`f_doc_swf`  varchar(255) CHARACTER SET utf8 COLLATE utf8_general_ci NULL DEFAULT NULL COMMENT '文库SWF' ,
`f_is_weixin_mass`  char(1) CHARACTER SET utf8 COLLATE utf8_general_ci NOT NULL DEFAULT '0' COMMENT '是否微信群发' ,
`f_is_allow_comment`  char(1) CHARACTER SET utf8 COLLATE utf8_general_ci NULL DEFAULT NULL COMMENT '是否允许评论' ,
`f_step_name`  varchar(100) CHARACTER SET utf8 COLLATE utf8_general_ci NULL DEFAULT NULL COMMENT '审核步骤名称' ,
PRIMARY KEY (`f_info_id`),
FOREIGN KEY (`f_info_id`) REFERENCES `cms_info` (`f_info_id`) ON DELETE RESTRICT ON UPDATE RESTRICT
)
ENGINE=InnoDB
DEFAULT CHARACTER SET=utf8 COLLATE=utf8_general_ci
COMMENT='文档详细表'

;

-- ----------------------------
-- Records of cms_info_detail
-- ----------------------------
BEGIN;
INSERT INTO `cms_info_detail` VALUES ('24', '少林寺欲将功夫融入足球培训运动员', null, null, null, null, null, null, null, '0', '0', null, null, '少林足球近日，有关登封武校将少林功夫融入足球，培训足球运动员的新鲜事儿在网上流传，引起社会各界的关注。8月6日下午，记者电话采访了嵩山少林寺武僧团培训基地总教头释延鲁。释延鲁说，8月2日全国第六届高校足球教练培训研讨会在登封举行，他向与会的70多位国内各高校的足球教练员阐述了他的观点。释延鲁认为，', '南方日报', null, '杨春', null, null, null, null, null, null, null, null, null, null, null, null, null, null, '0', null, null), ('25', 'NASA发现系外类地行星', null, null, null, null, null, null, null, '0', '0', null, null, ' 北京警方10日通报，8月7日警方出动300名警力，对藏匿于一栋大厦内侵害公民个人信息的犯罪团伙实施抓捕，299名嫌犯落网，其中刑事拘留95人、行政拘留204人，并缴获数十箱公民个人信息名单。目前，涉案公司总裁仍在逃。北京市公安局丰台分局副局长郑威在10日的新闻发布会上介绍说，今年8月初，警方侦查发', '南方日报', null, '杨春', '/uploads/1/image/public/201807/20180730132856_isjakniif6.jpg', null, null, null, null, null, null, null, null, null, null, null, null, null, '0', null, null), ('30', '报告称中国取代英国成世界第5大常规武器出口国', null, null, null, null, null, null, null, '0', '0', null, null, '据美联社3月18日报道，瑞典智库斯德哥尔摩国际和平研究所(SIPRI)18日称，中国已取代英国成为世界第五大常规武器出口国。SIPRI在报告中称，中国在过去5年(2008-2012)中武器出口总量增长了163%，国际军火市场占有份额从2%增至5%，同时排名也从之前的第八升至第五。报告称，中国武器的最', '环球时报', null, null, null, null, null, null, null, null, null, null, null, null, null, null, null, null, '0', null, null), ('32', '国家天文台刷新月球外逸层中水含量上限纪录', null, null, null, null, null, null, null, '0', '0', null, null, '国家天文台月基天文望远镜项目组在探月工程地面应用系统的支持下，利用月基光学望远镜获得了月球外逸层中羟基（水）密度的上限值的最新值（柱密度<1011cm−2，体密度不高于~104cm−3），是人类迄今为止在这一领域所获得的最好结果。这一结果比利用美国哈勃空间望远镜(HST)获得的上限低了将近100倍，否定了印度和美国联合研制的ChandrayannI/CHACE探测器的结果（见下表）， 而且与溅射理论的预期大致相符。该研究结果已被国际SCI期刊《行星与空间科学》（Planetary and Space Science）接收。 ', '环球时报', null, null, '/uploads/1/image/public/201807/20180729100836_x3rip1w2dj.jpg', null, null, null, null, null, null, null, null, null, null, null, null, null, '0', null, null), ('46', 'M170201_C00605晚型耀发', null, null, null, null, null, null, null, '0', '0', null, null, 'M170201_C00605晚型星耀发了4个星等左右', '腾讯娱乐', null, null, '/uploads/1/image/public/201807/20180730133042_ulcsrvx2xo.jpg', null, null, null, null, null, null, null, null, null, null, null, null, null, '0', null, null), ('78', 'SVOM天文卫星', null, null, null, null, null, null, null, '0', '0', null, null, 'SVOM天文卫星', null, null, null, '/uploads/1/image/public/201807/20180729101603_dovqmecj23.jpg', null, null, null, null, null, null, null, null, null, null, null, null, null, '0', null, null), ('83', '搜狗输入法', null, null, null, '搜狗输入法(搜狗拼音) 7.1c', null, null, null, '0', '0', null, null, '搜狗输入法作为国内汉字拼音输入法的领导者，搜狗输入法率先实现了输入法与互联网的结合。基于搜狗搜索引擎技术，对中文词库有突破性发展，开创了新一代中文输入法。即时高效地更新热门词库，大幅提升了输入效率，让输入速度产生了质的飞跃。在词库的广度、词语的准确度上，搜狗输入法都在行业内遥遥领先。', null, null, null, 'http://demo.jspxcms.com/uploads/1/image/public/201404/20140401163838_4g7x6o.jpg', 'http://demo.jspxcms.com/uploads/1/image/public/201512/20151224154447_njmwafxvgl.jpg', null, null, null, null, 'http://cdn2.ime.sogou.com/1ef422d9c97c66c1769eb774daa8644d/567ba27b/dl/index/1450769272/sogou_pinyin_78j.exe', 'sogou_pinyin_78j.exe', '36194023', null, null, null, null, null, '0', null, null), ('93', 'QQ7.9', null, null, null, null, null, null, null, '0', '0', null, null, '免费的即时聊天软件，给上网带来更多沟通乐趣。腾讯QQ2013年度皮肤呈现视觉盛宴，皮肤编辑器实现个性化面板创意；QQ应用盒子全新呈现，丰富应用满足多彩生活；QQ短信首度面世，畅享无处不在的沟通体验；炫彩字体，炫出聊天个性与风采；QQ支持自定义标签，标签顺序随心换。提示：如果您正在运行着腾讯QQ或者T', null, null, null, 'http://demo.jspxcms.com/uploads/1/image/public/201404/20140401163625_s9usmk.jpg', 'http://demo.jspxcms.com/uploads/1/image/public/201512/20151224154307_d6dwqq2yll.jpg', null, null, null, null, 'http://dldir1.qq.com/qqfile/qq/QQ7.9/16638/QQ7.9.exe', 'QQ7.9.exe', '59068088', null, null, null, null, null, '0', null, null), ('94', '惠科（HKC）Q320 32英寸2K高分广视角护眼不闪LED背光液晶显示器', null, null, null, null, null, null, '#FF0000', '0', '0', null, null, '惠科（HKC）Q320 32英寸2K高分广视角护眼不闪LED背光液晶显示器', null, null, null, 'http://demo.jspxcms.com/uploads/1/image/public/201512/20151224141639_p5kfadfqal.jpg', 'http://demo.jspxcms.com/uploads/1/image/public/201512/20151224141645_8fnjf4vtop.jpg', null, null, null, null, null, null, null, null, null, null, null, null, '0', null, null), ('95', '苏醒的乐园 2014春装 新款女装 韩版修身 中长款 风衣外套女 FY164 驼色 M', null, null, null, null, null, null, null, '0', '0', null, null, '苏醒的乐园 2014春装 新款女装 韩版修身 中长款 风衣外套女 FY164 驼色 M', null, null, null, 'http://demo.jspxcms.com/uploads/1/image/public/201404/20140401151029_uk6wwv.jpg', 'http://demo.jspxcms.com/uploads/1/image/public/201512/20151224144649_90stgfll7g.jpg', null, null, null, null, null, null, null, null, null, null, null, null, '0', null, null), ('97', '苹果（APPLE）iPhone 6s 64G版 4G手机（金色）WCDMA/GSM', null, null, null, null, null, null, null, '0', '0', null, null, '苹果（APPLE）iPhone 6s 64G版 4G手机（金色）WCDMA/GSM', null, null, null, 'http://demo.jspxcms.com/uploads/1/image/public/201404/20140401144253_nnavj0.jpg', 'http://demo.jspxcms.com/uploads/1/image/public/201512/20151224122043_yqh1n9nbrd.jpg', null, null, null, null, null, null, null, null, null, null, null, null, '0', null, null), ('98', '索尼（SONY） DSC-RX100 M2 黑卡数码相机', null, null, null, null, null, null, null, '0', '0', null, null, '索尼（SONY） DSC-RX100 M2 黑卡数码相机', null, null, null, 'http://demo.jspxcms.com/uploads/1/image/public/201404/20140401142459_82smxp.jpg', 'http://demo.jspxcms.com/uploads/1/image/public/201512/20151224121205_23l6sjouvm.jpg', null, null, null, null, null, null, null, null, null, null, null, null, '0', null, null), ('129', 'ThinkPad T550(20CKA00QCD) 15.6英寸笔记本电脑 (i7-5600U 8G 256GB 独显1G 蓝牙 指纹 WIN7Pro)', null, null, null, null, null, null, null, '0', '0', null, null, 'ThinkPad T550(20CKA00QCD) 15.6英寸笔记本电脑 (i7-5600U 8G 256GB 独显1G 蓝牙 指纹 WIN7Pro)', null, null, null, 'http://demo.jspxcms.com/uploads/1/image/public/201404/20140401141615_kq36r7.jpg', 'http://demo.jspxcms.com/uploads/1/image/public/201512/20151224122723_7i7de3ddcs.jpg', null, null, null, null, null, null, null, null, null, null, null, null, '0', null, null), ('130', '佳能（Canon） EOS 5D Mark III 单反套机（EF 24-105mm f/4L IS USM 镜头）', null, null, null, null, null, null, null, '0', '0', null, null, '佳能（Canon） EOS 5D Mark III 单反套机（EF 24-105mm f/4L IS USM 镜头）', null, null, null, 'http://demo.jspxcms.com/uploads/1/image/public/201404/20140401142650_bac6rd.jpg', 'http://demo.jspxcms.com/uploads/1/image/public/201512/20151224120231_65sse24nht.jpg', null, null, null, null, null, null, null, null, null, null, null, null, '0', null, null), ('131', '乔丹男子新款2015夏季耐磨透气篮球战靴OM3540101鲜红/黑色', null, null, null, null, null, null, null, '0', '0', null, null, '乔丹男子新款2015夏季耐磨透气篮球战靴OM3540101鲜红/黑色', null, null, null, 'http://demo.jspxcms.com/uploads/1/image/public/201512/20151224145341_9nq3mp9otv.jpg', 'http://demo.jspxcms.com/uploads/1/image/public/201512/20151224145344_89bwi3rykk.jpg', null, null, null, null, null, null, null, null, null, null, null, null, '0', null, null), ('132', '米莱珠宝 4.27克拉红碧玺戒指 18K白金戒指 结婚戒指 情侣戒指 品位女士首饰【10天定制+证书】', null, null, null, null, null, null, null, '0', '0', null, null, '米莱珠宝 4.27克拉红碧玺戒指 18K白金戒指 结婚戒指 情侣戒指 品位女士首饰【10天定制+证书】', null, null, null, 'http://demo.jspxcms.com/uploads/1/image/public/201404/20140401151753_4dd63k.jpg', 'http://demo.jspxcms.com/uploads/1/image/public/201512/20151224144736_ewd1t08u7m.jpg', null, null, null, null, null, null, null, null, null, null, null, null, '0', null, null), ('133', 'WPS 2013', null, null, null, 'wps office 2013 个人版 9.1.0.4555', null, null, null, '0', '0', null, null, 'WPS Office是由金山软件股份有限公司自主研发的一款办公软件套装，可以实现办公软件最常用的文字、表格、演示等多种功能。具有内存占用低、运行速度快、体积小巧、强大插件平台支持、免费提供海量在线存储空间及文档模板、支持阅读和输出PDF文件、全面兼容微软Office97-2010格式（doc/doc', null, null, null, 'http://demo.jspxcms.com/uploads/1/image/public/201404/20140401162441_xft5mm.png', 'http://demo.jspxcms.com/uploads/1/image/public/201512/20151224153817_vdahkda8my.jpg', null, null, null, null, 'http://wdl1.cache.wps.cn/wps/download/W.P.S.5400.19.552.exe', 'W.P.S.5400.19.552.exe', null, null, null, null, null, null, '0', null, null), ('134', '好压', null, null, null, '2345好压（HaoZip） 正式版 4.2.1.9445', null, null, null, '0', '0', null, null, '好压压缩软件(HaoZip)是强大的压缩文件管理器，是完全免费的新一代压缩软件，相比其它压缩软件占用更少的系统资源用，有更好的兼容性，压缩率高！好压压缩软件(HaoZip)的功能包括强力压缩、分卷、加密、自解压模块、智能图片转换、智能媒体文件合并等功能。完美支持鼠标拖放及外壳扩展！功能介绍支持rar', null, null, null, 'http://demo.jspxcms.com/uploads/1/image/public/201404/20140401164223_bnlgl0.jpg', 'http://demo.jspxcms.com/uploads/1/image/public/201512/20151224153551_2akebwrxnp.gif', null, null, null, null, 'http://dl.2345.com/haozip/haozip_v5.5_jt.multi.exe', 'haozip_v5.5_jt.multi.exe', null, null, null, null, null, null, '0', null, null), ('135', 'PotPlayer1.6', null, null, null, 'PotPlayer 正式版 1.6', null, null, null, '0', '0', null, null, 'PotPlayer播放器中文版是一款优秀的高清播放器，它的前身是著名的KMPlayer。它可以播放大多数主流的视频、音频文件，并不需要额外安装第三方解码器。它强大的定制性与扩展能力让它成为播放高清影片的不二之选。PotPlayer播放器中文版是kmplayer的原作者姜龙喜先生进入daum公司后的新', null, null, null, 'http://demo.jspxcms.com/uploads/1/image/public/201512/20151223183234_meu89ooh4v.png', 'http://demo.jspxcms.com/uploads/1/image/public/201512/20151224153038_hlpu3gentd.png', null, null, null, null, 'http://demo.jspxcms.com/uploads/1/file/public/201512/20151224164602_edj1kwmpox.exe', 'PotPlayerSetup64.exe', '19892992', null, null, null, null, null, '0', null, null), ('136', 'Adobe Reader', null, null, null, 'Adobe Reader 11.0.00', null, null, null, '0', '0', null, null, 'Adobe Reader X 11.0.6 官方中文版下载，支持打开和使用 Adobe PDF 的工具，可查看、打印和管理 PDF。若已经安装过之前的版本，请先卸载后再安装此版本！在 Reader 中打开 PDF 后，可以使用多种工具快速查找信息。如果您收到一个 PDF 表单，则可以在线填写并以电子', null, null, null, 'http://demo.jspxcms.com/uploads/1/image/public/201404/20140401164659_g0lhr7.jpg', 'http://demo.jspxcms.com/uploads/1/image/public/201512/20151224152444_6wle3i9xgp.png', null, null, null, null, 'http://dlc2.pconline.com.cn/filedown_1322_6950695/Xsx70db2/AdbeRdr11000_zh_CN.exe', 'AdbeRdr11000_zh_CN.exe', null, null, null, null, null, null, '0', null, null), ('141', 'GWAC系统开机仪式', null, null, null, null, null, null, null, '0', '0', null, null, '哈登参与林书豪与帕森斯的赛前仪式', null, null, null, '/uploads/1/image/public/201807/20180730132526_hl4uqr599j.jpg', null, null, null, null, null, null, null, null, null, null, null, null, null, '0', null, null), ('142', '孤独星球公布世界十大必看奇迹', null, null, null, null, null, null, null, '0', '0', null, null, '孤独星球公布世界十大必看奇迹', null, null, null, 'http://demo.jspxcms.com/uploads/1/image/public/201404/20140403230505_vxnp2f.jpg', null, null, null, null, null, null, null, null, null, null, null, null, null, '0', null, null), ('148', '火狐浏览器', null, null, null, 'Firefox火狐浏览器 正式版 28.0', null, null, null, '0', '0', null, null, 'Mozilla Firefox，中文名通常称为“火狐”或“火狐浏览器”，是一个开源网页浏览器，使用Gecko引擎（非ie内核），支持多种操作系统如Windows、Mac和linux。', null, null, null, 'http://demo.jspxcms.com/uploads/1/image/public/201404/20140405134003_12my1m.png', 'http://demo.jspxcms.com/uploads/1/image/public/201501/20150112165457_3bbqyk222b.jpg', null, null, null, null, 'http://download.firefox.com.cn/releases-sha2/stub/official/zh-CN/Firefox-latest.exe', 'Firefox-latest.exe', '544235', null, null, null, null, null, '0', null, null), ('149', '迅雷7', null, null, null, '迅雷7 正式版 7.9.20.4754', null, null, null, '0', '0', null, null, '经过近9个月的研发，迅雷今天首度公开了7.9新版。迅雷7.9加快了启动速度，新增了一键立即下载、在开始前完成、批量任务分组、智能任务分类等功能，下面具体来看一下：　　——加快启动速度　　启动速度慢的罪魁祸首是“频繁、大量进行硬盘读写”，迅雷7.9从基础设计上追求最少、最精明的进行硬盘读写。　　——确', null, null, null, 'http://demo.jspxcms.com/uploads/1/image/public/201404/20140405134137_xedtaq.jpg', 'http://demo.jspxcms.com/uploads/1/image/public/201512/20151224151905_wtle7104a4.png', null, null, null, null, 'http://down.sandai.net/thunder7/Thunder_dl_7.9.42.5050.exe', 'Thunder_dl_7.9.42.5050.exe', '59068088', null, null, null, null, null, '0', null, null), ('150', '360浏览器8.1', null, null, null, '360浏览器8.1官方下载 v8.1.0.396 网必通版', null, null, null, '0', '0', null, null, '360浏览器是一款小巧、快速、安全、功能强大的多窗口浏览器，它是完全免费，没有任何功能限制的绿色软件，最全的恶意网址库，最新的云安全引擎，“安全红绿灯”全面拦截木马病毒网站;“搜索引擎保护”自动标识搜索结果页中的风险网站，网必通是360极速浏览器推出的新功能，解决个别海外科技类网站打不开的问题。当开', null, null, null, 'http://demo.jspxcms.com/uploads/1/image/public/201404/20140405134321_jknrl9.png', 'http://demo.jspxcms.com/uploads/1/image/public/201512/20151224150332_8wfoyk10nb.png', null, null, null, null, 'http://down.360safe.com/se/360se8.1.1.118.exe', null, null, null, null, null, null, null, '0', null, null), ('162', 'Freemarker参考手册', null, null, null, null, null, null, null, '0', '0', null, null, 'Freemarker参考手册', null, null, null, 'http://demo.jspxcms.com/uploads/1/image/public/201501/20150114103540_4hhb9ohttu.png', null, null, null, null, null, null, null, null, null, null, null, null, 'http://demo.jspxcms.com/uploads/1/doc/jspxcms_x.swf', '0', null, null), ('163', 'Jspxcms安装手册', null, null, null, null, null, null, null, '0', '0', null, null, 'Jspxcms安装手册', null, null, null, 'http://demo.jspxcms.com/uploads/1/image/public/201512/20151224155649_y8bm7pb496.png', null, null, null, null, null, null, null, null, null, null, null, null, 'http://demo.jspxcms.com/uploads/1/doc/jspxcms_x.swf', '0', null, null), ('180', '传中兴管理人员被蒙古国反贪局逮捕 公司否认', null, null, null, null, null, null, null, '0', '0', null, null, '　　【环球时报记者 赵倩】针对日前有报道称“中国中兴通讯股份有限公司在蒙古承建项目时涉嫌行贿，其管理人员已被蒙古国家反贪局逮捕”，中兴公司18日接受《环球时报》记者采访时予以否认。　　该报道称，本月13日，蒙古国家反贪局对中兴公司在当地的办事处、高管住处、私人汽车及车库进行搜查，将搜到的文件资料都带', null, null, null, null, null, null, null, null, null, null, null, null, null, null, null, null, null, '0', null, null), ('221', ' 系统工具测试', null, null, null, null, null, null, null, '0', '0', null, null, null, null, null, null, null, null, null, null, null, null, null, null, null, null, null, null, null, null, '0', null, null), ('241', 'Probing the nature of high-z short GRB 090426 with its early optical and X-ray afterglows', null, null, null, null, null, null, null, '0', '0', null, null, 'GRB 090426 is a short-duration burst detected by Swift .', null, null, null, null, null, null, null, null, null, null, null, null, null, null, null, null, null, '0', null, null), ('251', 'A Global Photoionization Response to Prompt Emission and Outliers: Different Origin of Long Gamma-ray Bursts?', null, null, null, null, null, null, null, '0', '0', null, null, 'By using the line ratio C IV λ1549/C II λ1335 as a tracer of the ionization ratio of the interstellar medium (ISM) illuminated by a long gamma-ray burst (LGRB), we identify a global photoionization response of the ionization ratio to the photon luminosity of the prompt emission assessed by either L iso/E peak or {L}iso}/{E}peak}2. The ionization ratio increases with both L iso/E peak and L iso/E 2 peak for a majority of the LGRBs in our sample, although there are a few outliers. The identified dependence of C IV/C II on {L}iso}/{E}peak}2 suggests that the scatter of the widely accepted Amati relation is related to the ionization ratio in the ISM. The outliers tend to have relatively high C IV/C II values as well as relatively high C IV λ1549/Si IV λ1403 ratios, which suggests an existence of Wolf–Rayet stars in the environment of these LGRBs. We finally argue that the outliers and the LGRBs following the identified C IV/C II‑L iso/E peak ({L}iso}/{E}peak}2) correlation might come from different progenitors with different local environments.', null, null, null, null, null, null, null, null, null, null, null, null, null, null, null, null, null, '0', null, null), ('252', 'E-Zone: A Faster Neighbor Point Query Algorithm for Matching Spacial Objects', null, null, null, null, null, null, null, '0', '0', null, null, 'Latest astronomy projects observe the spacial objects with astronomical cameras generating images continuously. To identify transient objects, the position of these objects on the images need to be compared against a reference table on the same portion of the sky, which is a complex search task called cross match. We designed Euclidean-Zone (E-Zone), a method for faster neighbor point queries which allows efficient cross match between spatial catalogs. In this paper, we implemented E-Zone algorithm utilizing euclidean distance between celestial objects with pixel coordinates to avoid the complex mathematical functions in equatorial coordinate system. Meanwhile, we surveyed on the parameters of our model and other system factors to find optimal configures of this algorithm. In addition to the sequential algorithm, we modified the serial program and implemented an OpenMP parallelized version. For serial version, the results of our algorithm achieved a speedup of 2.07 times over using equatorial coordinate system. Also, we achieved 19 ms for sequencial queries and 5 ms for parallel queries for 200,000 objects on a single CPU processor over a 230,520 synthetic reference database.', null, null, null, null, null, null, null, null, null, null, null, null, null, null, null, null, null, '0', null, null), ('253', '交流伺服系统在天文望远镜中的应用研究初探', null, null, null, null, null, null, null, '0', '0', null, null, '交流伺服系统在工业控制领域得到了广泛应用,但在天文领域的应用仍处于初级阶段。以中法合作天文卫星(Space multi-band Variable Object Monitor,SVOM)的地面观测设备地基广角相机阵(Ground-based Wide-Angle Camera,GWAC)为研究平台,研究了交流伺服系统应用于望远镜转台控制的可行性。测试了望远镜的跟踪速度控制精度、赤经跟踪精度、最大角速度、最大角加速度、重复指向精度等关键技术指标。测试结果表明,和步进电机系统相比,交流伺服系统在低速控制上具有同样高的精度。在高速控制领域,其调速范围更宽,速度调节更快,运行更平稳,具有明显的优势。另外,还具有低噪声、大转矩、高性价比等优点。实验中还测定了交流伺服系统对Apogee CCD U9000x的干扰,结果表明,交流伺服系统对CCD的干扰很小,在可接受的范围内。总之,交流伺服系统完全可用于中小型天文望远镜的转台控制,特别适用于快速转动和指向的系统。', null, null, null, null, null, null, null, null, null, null, null, null, null, null, null, null, null, '0', null, null), ('254', 'A Monte Carlo Approach to Magnetar-powered Transients. II. Broad-lined Type Ic Supernovae Not Associated with GRBs', null, null, null, null, null, null, null, '0', '0', null, null, 'Broad-lined type Ic supernovae (SNe Ic-BL) are a subclass of rare core-collapse SNe whose energy source is debated in the literature. Recently, a series of investigations on SNe Ic-BL with the magnetar (plus 56Ni) model were carried out. Evidence for magnetar formation was found for the well-observed SNe Ic-BL 1998bw and 2002ap. In this paper, we systematically study a large sample of SNe Ic-BL not associated with gamma-ray bursts (GRBs). We use photospheric velocity data determined in a homogeneous way. We find that the magnetar+56Ni model provides a good description of the light curves and velocity evolution of our sample of SNe Ic-BL, although some SNe (not all) can also be described by the pure-magnetar model or by the two-component pure-56Ni model (three out of 12 are unlikely to be explained by two-component model). In the magnetar+56Ni model, the amount of 56Ni required to explain their luminosity is significantly reduced, and the derived initial explosion energy is, in general, in accordance with neutrino heating. Some correlations between different physical parameters are evaluated, and their implications regarding magnetic field amplification and the total energy reservoir are discussed.', null, null, null, null, null, null, null, null, null, null, null, null, null, null, null, null, null, '0', null, null), ('255', '基于能量集中度的广角望远镜自动调焦快速清晰度评价算法', null, null, null, null, null, null, null, '0', '0', null, null, '地基广角相机阵由36个广角相机拼接组成,主要观测目标为光学瞬变源,具有超大视场、高时间采样率、实时数据处理的技术特点。实时自动调焦对于系统自动化观测与提高科学产出至关重要。自动调焦的核心目标为提高图像的能量集中度,目前常用评价指标如星像50%能量半径、点扩散函数的半高全宽均存在计算量过大的问题。基于地基广角相机阵调焦过程中星像中心区域能量变化大、星像总流量及分布范围基本不变这一点,提出了通过统计中心区域流量占星像总流量百分比的快速清晰度评价算法,并对两个流量孔径展开详细研究。进一步对算法中流量计算方法进行简化,细化了背景取值、选星标准、选星数目等对算法有影响的参数,最终确立了一套适用于地基广角相机阵系统实时自动调焦的清晰度评价算法。算法结果准确,单图运算时间在0.1 s左右,满足系统快速自动调焦的需求。 ', null, null, null, null, null, null, null, null, null, null, null, null, null, null, null, null, null, '0', null, null), ('256', 'SDSS J090152.05+624342.6: A New \"Overlapping-Trough\" FeLoBAL Quasar At Z∼2', null, null, null, null, null, null, null, '0', '0', null, null, 'We here report an identification of SDSS J090152.04+624342.6 as a new \"overlapping-trough\" iron low-ionization broad absorption line quasar at redshift of $z\\sim2.1$. No strong variation of the broad absorption lines can be revealed through the two spectra taken by the Sloan Digital Sky Survey with a time interval of $\\sim6$yr. Further optical and infrared spectroscopic study on this object is suggested.', null, null, null, null, null, null, null, null, null, null, null, null, null, null, null, null, null, '0', null, null), ('257', '广角望远镜实时自动调焦的清晰度评价方法', null, null, null, null, null, null, null, '0', '0', null, null, 'SVOM天文卫星附属的地基广角相机阵(GWAC)含有36个广角望远镜,其短时标的高精度自动观测建立在实时自动调焦的基础上,本文将对广角望远镜实时自动调焦的图像清晰度评价方法进行研究和实现。文章首先比较研究了常用望远镜图像清晰度评价方法的原理及在GWAC系统上的适用性,得出基于星像能量集中度的两种方法:星像50%能量半径、PSF的FWHM值适用于GWAC系统。区别于常用天文软件包IRAF费时的算法,本文提出了基于点源强度分布进行PSF拟合计算FWHM的方法,并进一步探究了诸如拟合模型、选星标准、定心精度、拟合半径、插值方法、插值间隔、FWHM后处理等关键方法参数对FWHM计算精度与速度的影响。最终得到一套适用于GWAC实时自动调焦的清晰度评价方法,并用C++编程实现。本文中方法 FWHM计算误差为0.046pixel,精度与IRAF相当,计算焦点位置一致;单图(挑选后约300颗星)计算时间为0.67s,约为IRAF计算时间的1/20,满足GWAC系统自动调焦的精度与实时性需求。研究结果在GWAC系统中得到应用,并可为其他自动化望远镜观测系统提供参考。 ', null, null, null, null, null, null, null, null, null, null, null, null, null, null, null, null, null, '0', null, null), ('258', '天文瞬变源快速自动识别系统的研究与实现', null, null, null, null, null, null, null, '0', '0', null, null, '大视场和高时间采样率是现代天文光学瞬变源巡天项目的两个主要发展方向,相对传统的巡天项目将会产生更大的数据量和要求更快的瞬变源识别处理速度.为满足新技术下的瞬变源识别处理要求,本文提出用基于等光度测量星像轮廓等13个新的特征参量取代原有的轮廓拟合参量;使用实际星像轮廓仿真和构建较真实的训练样本算法;加入基于实测数据分析的噪声过滤判据等方法.实现了基于随机林森算法的天文光学瞬变源自动快速识别系统.通过仿真和实测数据的测试表明:本识别系统较国际主流的同类识别算法提速约10倍,样本识别的总体正确检出率和错误检出率都基本相同,而在低信噪比处,本文的识别算法有较良好的表现.本识别系统已成功应用于我国的迷你地基广角相机阵(地基广角相机阵的先导项目),同时,本系统对于其他天文光学瞬变源巡天项目也有着重要的应用价值. ', null, null, null, null, null, null, null, null, null, null, null, null, null, null, null, null, null, '0', null, null), ('259', 'GWAC海量星表数据处理的数据库系统选型研究', null, null, null, null, null, null, null, '0', '0', null, null, '为应对我国的宽视场地基广角相机阵在大数据管理和实时处理上带来的挑战,提出一种基于列存储数据库Monet DB的时序数据处理与管理系统设计方案。本方案充分利用Monet DB兼具数据处理和管理于一体的数据库平台特点,通过将交叉认证等核心数据处理算法内嵌于数据库中,从而实现将\"计算带到数据中\"的设计理念。同时,对本方案开展了多项关键技术的研究与测试:TPC-H基准性能测试;大数据加载能力测试及优化研究;基于Monet DB的Zone算法实现与测试;可定制函数开发功能的测试。初步的预研结果表明,列存储切实可行,同时对本设计方案作详细的介绍。提出的基于列存储Monet DB数据库设计的海量星表数据处理应用方案,是高效的数据处理与管理为一体的天文数据库解决方案。', null, null, null, null, null, null, null, null, null, null, null, null, null, null, null, null, null, '0', null, null), ('260', 'A pre-research on GWAC massive catalog data storage and processing system', null, null, null, null, null, null, null, '0', '0', null, null, 'GWAC (Ground Wide Angle Camera) poses huge challenges in large-scale catalogue storage and real-time processing of quick search of transients among wide field-of-view time-series data. Firstly, this paper proposes the concept of using databases’ capabilities of fast data processing and parallelism, which will improve system performance and availability through the integration of data storage and computing platform. To understand the feasibility of Column-store MonetDB in vast catalogue management, we carry out a variety of pilot experiments of key technologies. We conduct TPC-H benchmark, data loading benchmark and optimization, and key algorithm testing of astronomical source association, all compared with the traditional row store database. Then, we use MonetDB to realize cross-match Zone algorithm. UDF function is developed for customizable data loading. Tests results show t MonetDB database has a remarkable performance in large amounts of data management and is efficient in real-time data process, thus has the ability to deal with 2.5T catalog data. In the end we propose a wide field of view massive time serial observation data processing solution using the in-memory column store database MonetDB. The experimental results show that the feasibility of the scheme. The design plan of MonetDB-based massive catalogue data processing solution, is an efficient astronomical database solution that combines data processing and data management.', null, null, null, null, null, null, null, null, null, null, null, null, null, null, null, null, null, '0', null, null), ('261', 'Very Bright Prompt and Reverse Shock Emission of GRB 140512A', null, null, null, null, null, null, null, '0', '0', null, null, 'We report our observations of very bright prompt optical and reverse shock (RS) optical emission of GRB 140512A and analyze its multi-wavelength data observed with the Swift and Fermi missions. It is found that the joint optical-X-ray-gamma-ray spectrum with our first optical detection (R = 13.09 mag) at {T}0+136 s during the second episode of the prompt gamma-rays can be fit by a single power law with an index of -1.32 ± 0.01. Our empirical fit to the afterglow light curves indicates that the observed bright optical afterglow with R = 13.00 mag at the peak time is consistent with predictions of the RS and forward shock (FS) emission of external shock models. A joint optical-X-ray afterglow spectrum is well fit with an absorbed single power law, with an index evolving with time from -1.86 ± 0.01 at the peak time to -1.57 ± 0.01 at a late epoch, which could be due to the evolution of the ratio of the RS to FS emission fluxes. We fit the light curves with standard external models, and derive the physical properties of the outflow. It is found that the ratio {R}{{B}}\\equiv {ɛ }{{B},{{r}}}/{ɛ }{{B},{{f}}} is 8187, indicating a high magnetization degree in the RS region. Measuring the relative radiation efficiency with {R}{{e}}\\equiv {ɛ }{{e},{{r}}}/{ɛ }{{e},{{f}}}, we have R e = 0.02, implying that the radiation efficiency of the RS is much lower than that in FS. We also show that the R B of GRBs 990123, 090102, and 130427A are similar to that of GRB 140512A and their apparent difference may be mainly attributed to the difference of the jet kinetic energy, initial Lorentz factor, and medium density among them.', null, null, null, null, null, null, null, null, null, null, null, null, null, null, null, null, null, '0', null, null), ('262', 'GWAC简介', null, null, null, 'GWAC系统简介', null, null, null, '0', '0', null, null, '地基广角相机阵系统（Ground Wide Angle Cameras，GWAC系统）是中法合作天文卫星SVOM的地基相关观测设备，其拥有大视场（5000平方度）、高时间分辨率（小于15秒）的优点，将在伽玛暴瞬时光学辐射的探测及研究方面做出重要贡献。', null, null, null, null, null, null, null, null, null, null, null, null, null, null, null, null, null, '0', null, null), ('271', '图库测试', null, null, null, null, null, null, null, '0', '0', null, null, null, null, null, null, '/uploads/1/image/public/201807/20180729113233_ip0dw679a2.jpg', null, null, null, null, null, null, null, null, null, null, null, null, null, '0', null, null), ('281', '国内望远镜特写', null, null, null, null, null, null, null, '0', '0', null, null, '国内望远镜特写', null, null, null, '/uploads/1/image/public/201807/20180729141833_5qi8cifnxh.jpg', null, null, null, null, null, null, null, null, null, null, null, null, null, '0', null, null), ('291', '流星的自动识别', null, null, null, 'Imaging and Tracking of Targets in Clutter Using Differential Time-Reversal Techniques', null, null, null, '1', '0', null, null, '计算机技术助力天文科学发展', null, null, null, '/uploads/1/image/public/201807/20180729180536_uy8w43wngg.jpg', null, null, null, null, null, null, null, null, null, null, null, null, null, '0', null, null), ('292', '你所不知道的相机镜头', null, null, null, 'DMK review', null, null, null, '0', '0', null, null, 'DMK review', null, null, null, '/uploads/1/image/public/201807/20180729184601_n0hblhvtd9.jpg', null, null, null, null, null, null, null, null, null, null, null, null, null, '0', null, null);
COMMIT;

-- ----------------------------
-- Table structure for cms_info_file
-- ----------------------------
DROP TABLE IF EXISTS `cms_info_file`;
CREATE TABLE `cms_info_file` (
`f_info_id`  int(11) NOT NULL ,
`f_name`  varchar(150) CHARACTER SET utf8 COLLATE utf8_general_ci NOT NULL COMMENT '文件名称' ,
`f_length`  bigint(20) NOT NULL DEFAULT 0 COMMENT '文件长度' ,
`f_file`  varchar(255) CHARACTER SET utf8 COLLATE utf8_general_ci NOT NULL COMMENT '文件地址' ,
`f_index`  int(11) NOT NULL DEFAULT 0 COMMENT '文件序号' ,
`f_downloads`  int(11) NOT NULL DEFAULT 0 COMMENT '下载次数' ,
FOREIGN KEY (`f_info_id`) REFERENCES `cms_info` (`f_info_id`) ON DELETE RESTRICT ON UPDATE RESTRICT,
INDEX `fk_cms_infofile_info` (`f_info_id`) USING BTREE 
)
ENGINE=InnoDB
DEFAULT CHARACTER SET=utf8 COLLATE=utf8_general_ci
COMMENT='文档附件集表'

;

-- ----------------------------
-- Records of cms_info_file
-- ----------------------------
BEGIN;
COMMIT;

-- ----------------------------
-- Table structure for cms_info_image
-- ----------------------------
DROP TABLE IF EXISTS `cms_info_image`;
CREATE TABLE `cms_info_image` (
`f_info_id`  int(11) NOT NULL ,
`f_name`  varchar(150) CHARACTER SET utf8 COLLATE utf8_general_ci NULL DEFAULT NULL COMMENT '图片名称' ,
`f_image`  varchar(255) CHARACTER SET utf8 COLLATE utf8_general_ci NULL DEFAULT NULL COMMENT '图片地址' ,
`f_index`  int(11) NOT NULL DEFAULT 0 COMMENT '图片序号' ,
`f_text`  mediumtext CHARACTER SET utf8 COLLATE utf8_general_ci NULL COMMENT '图片正文' ,
FOREIGN KEY (`f_info_id`) REFERENCES `cms_info` (`f_info_id`) ON DELETE RESTRICT ON UPDATE RESTRICT,
INDEX `fk_cms_infoimage_info` (`f_info_id`) USING BTREE 
)
ENGINE=InnoDB
DEFAULT CHARACTER SET=utf8 COLLATE=utf8_general_ci
COMMENT='文档图片集表'

;

-- ----------------------------
-- Records of cms_info_image
-- ----------------------------
BEGIN;
INSERT INTO `cms_info_image` VALUES ('78', null, '/uploads/1/image/public/201807/20180729101632_alby2js8j1.jpg', '0', null), ('78', null, '/uploads/1/image/public/201807/20180729101654_fyopckq3qr.jpg', '1', null), ('78', null, '/uploads/1/image/public/201807/20180729101654_g930osxo81.jpg', '2', null), ('78', null, '/uploads/1/image/public/201807/20180729101654_ricrj6ps3u.jpg', '3', null), ('78', null, '/uploads/1/image/public/201807/20180729101654_mf2b9tblku.jpg', '4', null), ('78', null, '/uploads/1/image/public/201807/20180729101654_tvjon1daql.jpg', '5', null), ('142', null, 'http://demo.jspxcms.com/uploads/1/image/public/201512/20151223211125_97q8mau5l8.jpg', '0', null), ('142', null, 'http://demo.jspxcms.com/uploads/1/image/public/201512/20151223211125_s49ca7d5ci.jpg', '1', null), ('142', null, 'http://demo.jspxcms.com/uploads/1/image/public/201512/20151223211126_k8c0bmguak.jpg', '2', null), ('142', null, 'http://demo.jspxcms.com/uploads/1/image/public/201512/20151223211126_x2tlg2bw2t.jpg', '3', null), ('142', null, 'http://demo.jspxcms.com/uploads/1/image/public/201512/20151223211126_moj3xt6tg2.jpg', '4', null), ('142', null, 'http://demo.jspxcms.com/uploads/1/image/public/201512/20151223211126_9q1k7us2gq.jpg', '5', null), ('142', null, 'http://demo.jspxcms.com/uploads/1/image/public/201512/20151223211127_9gb5tt1dne.jpg', '6', null), ('142', null, 'http://demo.jspxcms.com/uploads/1/image/public/201512/20151223211127_s9a4gtmnjq.jpg', '7', null), ('142', null, 'http://demo.jspxcms.com/uploads/1/image/public/201512/20151223211128_y3iojjppsb.jpg', '8', null), ('142', null, 'http://demo.jspxcms.com/uploads/1/image/public/201512/20151223211128_n6kwcner3u.jpg', '9', null), ('78', null, '/uploads/1/image/public/201807/20180729101654_l8s7fmre5f.jpg', '6', null), ('78', null, '/uploads/1/image/public/201807/20180729101654_91wru2ru12.jpg', '7', null), ('141', null, '/uploads/1/image/public/201807/20180730132544_v9iop6s6li.jpg', '0', null), ('141', null, '/uploads/1/image/public/201807/20180730132554_5jke16y61x.jpg', '1', null), ('141', null, '/uploads/1/image/public/201807/20180730132553_l7i3fdyigo.jpg', '2', null), ('141', null, '/uploads/1/image/public/201807/20180730132554_jw99uayt8k.jpg', '3', null), ('281', null, '/uploads/1/image/public/201807/20180729141825_oaghm4vd82.jpg', '0', null), ('281', null, '/uploads/1/image/public/201807/20180729141826_7v4uknw3hk.jpg', '1', null), ('281', null, '/uploads/1/image/public/201807/20180729141827_1hwaebe1yo.jpg', '2', null), ('281', null, '/uploads/1/image/public/201807/20180729141827_02lqlvbb77.jpg', '3', null), ('281', null, '/uploads/1/image/public/201807/20180729141827_eh82tkg6br.jpg', '4', null), ('281', null, '/uploads/1/image/public/201807/20180729141827_6i2i1trc04.jpg', '5', null), ('141', null, '/uploads/1/image/public/201807/20180730132554_lk63bmgbpi.jpg', '4', null), ('141', null, '/uploads/1/image/public/201807/20180730132554_90gpm3pwpi.jpg', '5', null);
COMMIT;

-- ----------------------------
-- Table structure for cms_info_membergroup
-- ----------------------------
DROP TABLE IF EXISTS `cms_info_membergroup`;
CREATE TABLE `cms_info_membergroup` (
`f_membergroup_id`  int(11) NOT NULL ,
`f_info_id`  int(11) NOT NULL ,
`f_is_view_perm`  char(1) CHARACTER SET utf8 COLLATE utf8_general_ci NOT NULL DEFAULT '0' COMMENT '是否有浏览权限' ,
FOREIGN KEY (`f_info_id`) REFERENCES `cms_info` (`f_info_id`) ON DELETE RESTRICT ON UPDATE RESTRICT,
FOREIGN KEY (`f_membergroup_id`) REFERENCES `cms_member_group` (`f_membergroup_id`) ON DELETE RESTRICT ON UPDATE RESTRICT,
INDEX `fk_cms_infomgroup_info` (`f_info_id`) USING BTREE ,
INDEX `fk_cms_infomgroup_mgroup` (`f_membergroup_id`) USING BTREE 
)
ENGINE=InnoDB
DEFAULT CHARACTER SET=utf8 COLLATE=utf8_general_ci
COMMENT='文档与会员组权限表'

;

-- ----------------------------
-- Records of cms_info_membergroup
-- ----------------------------
BEGIN;
INSERT INTO `cms_info_membergroup` VALUES ('0', '93', '0'), ('1', '93', '0'), ('0', '83', '0'), ('1', '83', '0'), ('0', '32', '0'), ('1', '32', '0'), ('0', '78', '0'), ('1', '78', '0'), ('0', '46', '0'), ('1', '46', '0'), ('0', '129', '0'), ('1', '129', '0'), ('0', '94', '0'), ('1', '94', '0'), ('0', '98', '0'), ('1', '98', '0'), ('0', '130', '0'), ('1', '130', '0'), ('0', '97', '0'), ('1', '97', '0'), ('0', '95', '0'), ('1', '95', '0'), ('0', '131', '0'), ('1', '131', '0'), ('0', '132', '0'), ('1', '132', '0'), ('0', '133', '0'), ('1', '133', '0'), ('0', '134', '0'), ('1', '134', '0'), ('0', '135', '0'), ('1', '135', '0'), ('0', '136', '0'), ('1', '136', '0'), ('0', '141', '0'), ('1', '141', '0'), ('0', '142', '0'), ('1', '142', '0'), ('0', '148', '0'), ('1', '148', '0'), ('0', '149', '0'), ('1', '149', '0'), ('0', '150', '0'), ('1', '150', '0');
COMMIT;

-- ----------------------------
-- Table structure for cms_info_node
-- ----------------------------
DROP TABLE IF EXISTS `cms_info_node`;
CREATE TABLE `cms_info_node` (
`f_info_id`  int(11) NOT NULL COMMENT '文档' ,
`f_node_id`  int(11) NOT NULL COMMENT '栏目' ,
`f_node_index`  int(11) NULL DEFAULT 0 COMMENT '栏目顺序' ,
FOREIGN KEY (`f_info_id`) REFERENCES `cms_info` (`f_info_id`) ON DELETE RESTRICT ON UPDATE RESTRICT,
FOREIGN KEY (`f_node_id`) REFERENCES `cms_node` (`f_node_id`) ON DELETE RESTRICT ON UPDATE RESTRICT,
INDEX `fk_cms_infonode_info` (`f_info_id`) USING BTREE ,
INDEX `fk_cms_infonode_node` (`f_node_id`) USING BTREE 
)
ENGINE=InnoDB
DEFAULT CHARACTER SET=utf8 COLLATE=utf8_general_ci
COMMENT='文档与栏目关联表'

;

-- ----------------------------
-- Records of cms_info_node
-- ----------------------------
BEGIN;
INSERT INTO `cms_info_node` VALUES ('25', '42', '0'), ('24', '42', '0'), ('30', '44', '0'), ('46', '38', '0'), ('135', '77', '0'), ('134', '79', '0'), ('133', '79', '0'), ('93', '78', '0'), ('83', '79', '0'), ('148', '78', '0'), ('149', '78', '0'), ('150', '79', '0'), ('32', '44', '0'), ('142', '87', '0'), ('78', '88', '0'), ('141', '88', '0'), ('130', '83', '0'), ('95', '85', '0'), ('98', '83', '0'), ('97', '83', '0'), ('163', '94', '0'), ('180', '44', '0'), ('129', '84', '0'), ('131', '96', '0'), ('132', '95', '0'), ('94', '84', '0'), ('136', '77', '0'), ('162', '93', '0'), ('221', '79', '0'), ('241', '69', '0'), ('251', '69', '0'), ('252', '69', '0'), ('253', '69', '0'), ('254', '69', '0'), ('255', '69', '0'), ('256', '69', '0'), ('257', '69', '0'), ('258', '69', '0'), ('259', '69', '0'), ('260', '69', '0'), ('261', '69', '0'), ('262', '40', '0'), ('271', '40', '0'), ('281', '90', '0'), ('291', '40', '0'), ('292', '40', '0');
COMMIT;

-- ----------------------------
-- Table structure for cms_info_org
-- ----------------------------
DROP TABLE IF EXISTS `cms_info_org`;
CREATE TABLE `cms_info_org` (
`f_info_id`  int(11) NOT NULL ,
`f_org_id`  int(11) NOT NULL ,
`f_is_view_perm`  char(1) CHARACTER SET utf8 COLLATE utf8_general_ci NOT NULL DEFAULT '0' COMMENT '是否有浏览权限' ,
FOREIGN KEY (`f_info_id`) REFERENCES `cms_info` (`f_info_id`) ON DELETE RESTRICT ON UPDATE RESTRICT,
FOREIGN KEY (`f_org_id`) REFERENCES `cms_org` (`f_org_id`) ON DELETE RESTRICT ON UPDATE RESTRICT,
INDEX `fk_cms_infoorg_info` (`f_info_id`) USING BTREE ,
INDEX `fk_cms_infoorg_org` (`f_org_id`) USING BTREE 
)
ENGINE=InnoDB
DEFAULT CHARACTER SET=utf8 COLLATE=utf8_general_ci
COMMENT='文档与组织权限表'

;

-- ----------------------------
-- Records of cms_info_org
-- ----------------------------
BEGIN;
INSERT INTO `cms_info_org` VALUES ('93', '1', '0'), ('83', '1', '0'), ('32', '1', '0'), ('78', '1', '0'), ('46', '1', '0'), ('129', '1', '0'), ('94', '1', '0'), ('98', '1', '0'), ('130', '1', '0'), ('97', '1', '0'), ('95', '1', '0'), ('131', '1', '0'), ('132', '1', '0'), ('133', '1', '0'), ('134', '1', '0'), ('135', '1', '0'), ('136', '1', '0'), ('141', '1', '0'), ('142', '1', '0'), ('148', '1', '0'), ('149', '1', '0'), ('150', '1', '0');
COMMIT;

-- ----------------------------
-- Table structure for cms_info_push
-- ----------------------------
DROP TABLE IF EXISTS `cms_info_push`;
CREATE TABLE `cms_info_push` (
`infopush_id_`  int(11) NOT NULL ,
`info_id_`  int(11) NOT NULL COMMENT '推送文档' ,
`from_site_id_`  int(11) NOT NULL COMMENT '推送源站点' ,
`to_site_id_`  int(11) NOT NULL COMMENT '推送目标站点' ,
`user_id_`  int(11) NOT NULL COMMENT '推送人' ,
`created_`  datetime NOT NULL COMMENT '推送时间' ,
PRIMARY KEY (`infopush_id_`),
FOREIGN KEY (`info_id_`) REFERENCES `cms_info` (`f_info_id`) ON DELETE RESTRICT ON UPDATE RESTRICT,
FOREIGN KEY (`from_site_id_`) REFERENCES `cms_site` (`f_site_id`) ON DELETE RESTRICT ON UPDATE RESTRICT,
FOREIGN KEY (`to_site_id_`) REFERENCES `cms_site` (`f_site_id`) ON DELETE RESTRICT ON UPDATE RESTRICT,
FOREIGN KEY (`user_id_`) REFERENCES `cms_user` (`f_user_id`) ON DELETE RESTRICT ON UPDATE RESTRICT,
INDEX `fk_cms_infopush_info` (`info_id_`) USING BTREE ,
INDEX `fk_cms_infopush_site_from` (`from_site_id_`) USING BTREE ,
INDEX `fk_cms_infopush_site_to` (`to_site_id_`) USING BTREE ,
INDEX `fk_cms_infopush_user` (`user_id_`) USING BTREE 
)
ENGINE=InnoDB
DEFAULT CHARACTER SET=utf8 COLLATE=utf8_general_ci
COMMENT='文档推送表'

;

-- ----------------------------
-- Records of cms_info_push
-- ----------------------------
BEGIN;
COMMIT;

-- ----------------------------
-- Table structure for cms_info_special
-- ----------------------------
DROP TABLE IF EXISTS `cms_info_special`;
CREATE TABLE `cms_info_special` (
`f_info_id`  int(11) NOT NULL COMMENT '文档' ,
`f_special_id`  int(11) NOT NULL COMMENT '专题' ,
`f_special_index`  int(11) NULL DEFAULT 0 COMMENT '专题序号' ,
FOREIGN KEY (`f_info_id`) REFERENCES `cms_info` (`f_info_id`) ON DELETE RESTRICT ON UPDATE RESTRICT,
FOREIGN KEY (`f_special_id`) REFERENCES `cms_special` (`f_special_id`) ON DELETE RESTRICT ON UPDATE RESTRICT,
INDEX `fk_cms_infospecial_info` (`f_info_id`) USING BTREE ,
INDEX `fk_cms_infospecial_special` (`f_special_id`) USING BTREE 
)
ENGINE=InnoDB
DEFAULT CHARACTER SET=utf8 COLLATE=utf8_general_ci
COMMENT='文档与专题关联表'

;

-- ----------------------------
-- Records of cms_info_special
-- ----------------------------
BEGIN;
INSERT INTO `cms_info_special` VALUES ('32', '11', '0'), ('30', '10', '0'), ('24', '8', '0'), ('25', '12', '0'), ('291', '10', '0'), ('292', '10', '0');
COMMIT;

-- ----------------------------
-- Table structure for cms_info_tag
-- ----------------------------
DROP TABLE IF EXISTS `cms_info_tag`;
CREATE TABLE `cms_info_tag` (
`f_info_id`  int(11) NOT NULL COMMENT '文档' ,
`f_tag_id`  int(11) NOT NULL COMMENT 'tag' ,
`f_tag_index`  int(11) NULL DEFAULT 0 COMMENT 'tag序号' ,
FOREIGN KEY (`f_info_id`) REFERENCES `cms_info` (`f_info_id`) ON DELETE RESTRICT ON UPDATE RESTRICT,
FOREIGN KEY (`f_tag_id`) REFERENCES `cms_tag` (`f_tag_id`) ON DELETE RESTRICT ON UPDATE RESTRICT,
INDEX `fk_cms_infotag_info` (`f_info_id`) USING BTREE ,
INDEX `fk_cms_infotag_tag` (`f_tag_id`) USING BTREE 
)
ENGINE=InnoDB
DEFAULT CHARACTER SET=utf8 COLLATE=utf8_general_ci
COMMENT='文档与tag关联表'

;

-- ----------------------------
-- Records of cms_info_tag
-- ----------------------------
BEGIN;
INSERT INTO `cms_info_tag` VALUES ('30', '56', '0'), ('30', '71', '1'), ('30', '72', '2'), ('30', '73', '3'), ('251', '96', '0'), ('251', '97', '1'), ('251', '98', '2'), ('252', '99', '0'), ('252', '100', '1'), ('252', '101', '2'), ('253', '102', '0'), ('253', '103', '1'), ('253', '104', '2'), ('253', '105', '3'), ('254', '106', '0'), ('254', '107', '1'), ('255', '108', '0'), ('255', '109', '1'), ('255', '110', '2'), ('255', '111', '3'), ('257', '108', '0'), ('257', '110', '1'), ('257', '112', '2'), ('257', '109', '3'), ('257', '111', '4'), ('259', '117', '0'), ('259', '118', '1'), ('259', '119', '2'), ('259', '120', '3'), ('259', '121', '4'), ('261', '122', '0'), ('261', '123', '1'), ('261', '124', '2'), ('261', '125', '3'), ('258', '78', '0'), ('258', '113', '1'), ('258', '114', '2'), ('258', '115', '3'), ('258', '116', '4'), ('78', '78', '0'), ('78', '79', '1'), ('78', '80', '2'), ('291', '73', '0'), ('291', '126', '1'), ('292', '127', '0');
COMMIT;

-- ----------------------------
-- Table structure for cms_mail_inbox
-- ----------------------------
DROP TABLE IF EXISTS `cms_mail_inbox`;
CREATE TABLE `cms_mail_inbox` (
`mailinbox_id_`  int(11) NOT NULL ,
`mailoutbox_id_`  int(11) NOT NULL ,
`mailtext_id_`  int(11) NOT NULL ,
`sender_id_`  int(11) NULL DEFAULT NULL COMMENT '发件人' ,
`receiver_id_`  int(11) NOT NULL COMMENT '接收人' ,
`receive_time_`  datetime NOT NULL COMMENT '接收时间' ,
`is_unread_`  int(11) NOT NULL DEFAULT 1 COMMENT '是否未读' ,
PRIMARY KEY (`mailinbox_id_`),
FOREIGN KEY (`mailoutbox_id_`) REFERENCES `cms_mail_outbox` (`mailoutbox_id_`) ON DELETE RESTRICT ON UPDATE RESTRICT,
FOREIGN KEY (`receiver_id_`) REFERENCES `cms_user` (`f_user_id`) ON DELETE RESTRICT ON UPDATE RESTRICT,
FOREIGN KEY (`sender_id_`) REFERENCES `cms_user` (`f_user_id`) ON DELETE RESTRICT ON UPDATE RESTRICT,
FOREIGN KEY (`mailtext_id_`) REFERENCES `cms_mail_text` (`mailtext_id_`) ON DELETE RESTRICT ON UPDATE RESTRICT,
INDEX `fk_cms_mailinbox_outbox` (`mailoutbox_id_`) USING BTREE ,
INDEX `fk_cms_mailinbox_receiver` (`receiver_id_`) USING BTREE ,
INDEX `fk_cms_mailinbox_sender` (`sender_id_`) USING BTREE ,
INDEX `fk_cms_mailinbox_text` (`mailtext_id_`) USING BTREE 
)
ENGINE=InnoDB
DEFAULT CHARACTER SET=utf8 COLLATE=utf8_general_ci
COMMENT='系统消息收件表'

;

-- ----------------------------
-- Records of cms_mail_inbox
-- ----------------------------
BEGIN;
COMMIT;

-- ----------------------------
-- Table structure for cms_mail_outbox
-- ----------------------------
DROP TABLE IF EXISTS `cms_mail_outbox`;
CREATE TABLE `cms_mail_outbox` (
`mailoutbox_id_`  int(11) NOT NULL ,
`mailtext_id_`  int(11) NOT NULL ,
`sender_id_`  int(11) NULL DEFAULT NULL COMMENT '发送人' ,
`send_time_`  datetime NOT NULL COMMENT '发送时间' ,
`receiver_number_`  int(11) NOT NULL COMMENT '接收人数' ,
`read_number_`  int(11) NOT NULL COMMENT '已读人数' ,
PRIMARY KEY (`mailoutbox_id_`),
FOREIGN KEY (`sender_id_`) REFERENCES `cms_user` (`f_user_id`) ON DELETE RESTRICT ON UPDATE RESTRICT,
FOREIGN KEY (`mailtext_id_`) REFERENCES `cms_mail_text` (`mailtext_id_`) ON DELETE RESTRICT ON UPDATE RESTRICT,
INDEX `fk_cms_mailoutbox_sender` (`sender_id_`) USING BTREE ,
INDEX `fk_cms_mailoutbox_text` (`mailtext_id_`) USING BTREE 
)
ENGINE=InnoDB
DEFAULT CHARACTER SET=utf8 COLLATE=utf8_general_ci
COMMENT='系统消息发件表'

;

-- ----------------------------
-- Records of cms_mail_outbox
-- ----------------------------
BEGIN;
COMMIT;

-- ----------------------------
-- Table structure for cms_mail_text
-- ----------------------------
DROP TABLE IF EXISTS `cms_mail_text`;
CREATE TABLE `cms_mail_text` (
`mailtext_id_`  int(11) NOT NULL ,
`subject_`  varchar(150) CHARACTER SET utf8 COLLATE utf8_general_ci NULL DEFAULT NULL COMMENT '标题' ,
`text_`  mediumtext CHARACTER SET utf8 COLLATE utf8_general_ci NOT NULL COMMENT '内容' ,
PRIMARY KEY (`mailtext_id_`)
)
ENGINE=InnoDB
DEFAULT CHARACTER SET=utf8 COLLATE=utf8_general_ci
COMMENT='系统消息正文表'

;

-- ----------------------------
-- Records of cms_mail_text
-- ----------------------------
BEGIN;
COMMIT;

-- ----------------------------
-- Table structure for cms_member_group
-- ----------------------------
DROP TABLE IF EXISTS `cms_member_group`;
CREATE TABLE `cms_member_group` (
`f_membergroup_id`  int(11) NOT NULL ,
`f_name`  varchar(100) CHARACTER SET utf8 COLLATE utf8_general_ci NOT NULL ,
`f_description`  varchar(255) CHARACTER SET utf8 COLLATE utf8_general_ci NULL DEFAULT NULL ,
`f_ip`  mediumtext CHARACTER SET utf8 COLLATE utf8_general_ci NULL COMMENT 'IP' ,
`f_type`  int(11) NOT NULL DEFAULT 0 COMMENT '类型(0:普通组,1:游客组,2:IP组,3:待验证组)' ,
`f_seq`  int(11) NOT NULL DEFAULT 2147483647 COMMENT '排序' ,
PRIMARY KEY (`f_membergroup_id`)
)
ENGINE=InnoDB
DEFAULT CHARACTER SET=utf8 COLLATE=utf8_general_ci
COMMENT='会员组表'

;

-- ----------------------------
-- Records of cms_member_group
-- ----------------------------
BEGIN;
INSERT INTO `cms_member_group` VALUES ('0', '游客组', null, null, '1', '0'), ('1', '普通成员', null, null, '0', '2147483647'), ('13', 'GWAC成员', null, null, '0', '2147483647');
COMMIT;

-- ----------------------------
-- Table structure for cms_message
-- ----------------------------
DROP TABLE IF EXISTS `cms_message`;
CREATE TABLE `cms_message` (
`message_id_`  int(11) NOT NULL COMMENT '私信' ,
`sender_id_`  int(11) NOT NULL COMMENT '发送人' ,
`receiver_id_`  int(11) NOT NULL COMMENT '收件人' ,
`send_time_`  datetime NOT NULL COMMENT '发送时间' ,
`deletion_flag_`  int(11) NOT NULL DEFAULT 0 COMMENT '删除标志(0:正常;1:发件人删除;2:收件人删除;)' ,
`is_unread_`  int(11) NOT NULL DEFAULT 1 COMMENT '是否未读' ,
PRIMARY KEY (`message_id_`),
FOREIGN KEY (`receiver_id_`) REFERENCES `cms_user` (`f_user_id`) ON DELETE RESTRICT ON UPDATE RESTRICT,
FOREIGN KEY (`sender_id_`) REFERENCES `cms_user` (`f_user_id`) ON DELETE RESTRICT ON UPDATE RESTRICT,
INDEX `fk_cms_message_receiver` (`receiver_id_`) USING BTREE ,
INDEX `fk_cms_message_sender` (`sender_id_`) USING BTREE 
)
ENGINE=InnoDB
DEFAULT CHARACTER SET=utf8 COLLATE=utf8_general_ci
COMMENT='私信表'

;

-- ----------------------------
-- Records of cms_message
-- ----------------------------
BEGIN;
COMMIT;

-- ----------------------------
-- Table structure for cms_message_text
-- ----------------------------
DROP TABLE IF EXISTS `cms_message_text`;
CREATE TABLE `cms_message_text` (
`message_id_`  int(11) NOT NULL COMMENT '私信' ,
`subject_`  varchar(150) CHARACTER SET utf8 COLLATE utf8_general_ci NULL DEFAULT NULL COMMENT '标题' ,
`text_`  mediumtext CHARACTER SET utf8 COLLATE utf8_general_ci NOT NULL COMMENT '内容' ,
PRIMARY KEY (`message_id_`),
FOREIGN KEY (`message_id_`) REFERENCES `cms_message` (`message_id_`) ON DELETE RESTRICT ON UPDATE RESTRICT
)
ENGINE=InnoDB
DEFAULT CHARACTER SET=utf8 COLLATE=utf8_general_ci
COMMENT='私信正文表'

;

-- ----------------------------
-- Records of cms_message_text
-- ----------------------------
BEGIN;
COMMIT;

-- ----------------------------
-- Table structure for cms_model
-- ----------------------------
DROP TABLE IF EXISTS `cms_model`;
CREATE TABLE `cms_model` (
`f_model_id`  int(11) NOT NULL ,
`f_site_id`  int(11) NOT NULL COMMENT '站点' ,
`f_type`  varchar(100) CHARACTER SET utf8 COLLATE utf8_general_ci NOT NULL COMMENT '类型(info:文档,node:栏目,node_home:首页;special:专题)' ,
`f_name`  varchar(50) CHARACTER SET utf8 COLLATE utf8_general_ci NOT NULL COMMENT '名称' ,
`f_number`  varchar(100) CHARACTER SET utf8 COLLATE utf8_general_ci NULL DEFAULT NULL COMMENT '代码' ,
`f_seq`  int(11) NOT NULL DEFAULT 10 COMMENT '顺序' ,
PRIMARY KEY (`f_model_id`),
FOREIGN KEY (`f_site_id`) REFERENCES `cms_site` (`f_site_id`) ON DELETE RESTRICT ON UPDATE RESTRICT,
INDEX `fk_cms_model_site` (`f_site_id`) USING BTREE 
)
ENGINE=InnoDB
DEFAULT CHARACTER SET=utf8 COLLATE=utf8_general_ci
COMMENT='模型表'

;

-- ----------------------------
-- Records of cms_model
-- ----------------------------
BEGIN;
INSERT INTO `cms_model` VALUES ('1', '1', 'node_home', '首页', null, '0'), ('2', '1', 'info', '新闻', null, '0'), ('3', '1', 'node', '新闻', null, '0'), ('4', '1', 'node', '图集', null, '1'), ('5', '1', 'info', '图集', null, '1'), ('6', '1', 'node', '下载', null, '2'), ('7', '1', 'info', '下载', null, '2'), ('8', '1', 'node', '视频', null, '3'), ('9', '1', 'info', '视频1', null, '3'), ('10', '1', 'node', '暂现源', null, '4'), ('11', '1', 'info', '系外行星', null, '7'), ('12', '1', 'site', '站点模型', null, '2147483647'), ('13', '1', 'node', '科研论文', null, '6'), ('15', '1', 'global', '系统', null, '2147483647'), ('16', '1', 'node', '转向链接', null, '7'), ('17', '1', 'special', '专题', null, '10'), ('19', '1', 'node', '文库', 'doc', '5'), ('20', '1', 'info', '文库', 'doc', '10'), ('21', '1', 'info', '科研论文', null, '11'), ('23', '1', 'info', '视频2', null, '4'), ('24', '1', 'info', '微引力透镜', null, '5'), ('25', '1', 'info', '星系', null, '6'), ('26', '1', 'info', '流星', null, '8'), ('27', '1', 'info', 'GWAC暂现源', null, '9');
COMMIT;

-- ----------------------------
-- Table structure for cms_model_custom
-- ----------------------------
DROP TABLE IF EXISTS `cms_model_custom`;
CREATE TABLE `cms_model_custom` (
`f_model_id`  int(11) NOT NULL ,
`f_key`  varchar(50) CHARACTER SET utf8 COLLATE utf8_general_ci NOT NULL COMMENT '键' ,
`f_value`  varchar(2000) CHARACTER SET utf8 COLLATE utf8_general_ci NULL DEFAULT NULL COMMENT '值' ,
FOREIGN KEY (`f_model_id`) REFERENCES `cms_model` (`f_model_id`) ON DELETE RESTRICT ON UPDATE RESTRICT,
INDEX `fk_cms_modelcustom_model` (`f_model_id`) USING BTREE 
)
ENGINE=InnoDB
DEFAULT CHARACTER SET=utf8 COLLATE=utf8_general_ci
COMMENT='模型自定义表'

;

-- ----------------------------
-- Records of cms_model_custom
-- ----------------------------
BEGIN;
INSERT INTO `cms_model_custom` VALUES ('2', 'template', '/info_news.html'), ('3', 'defPage', 'true'), ('3', 'nodeExtension', '.html'), ('3', 'staticPage', '1'), ('3', 'listTemplate', '/list_news.html'), ('3', 'generateInfo', 'false'), ('3', 'coverTemplate', '/cover_news.html'), ('3', 'generateNode', 'false'), ('3', 'infoPath', ''), ('3', 'nodePath', ''), ('3', 'infoExtension', '.html'), ('3', 'staticMethod', '3'), ('1', 'infoExtension', '.html'), ('1', 'infoPath', ''), ('1', 'defPage', 'false'), ('1', 'nodeExtension', '.html'), ('1', 'template', '/index.html'), ('1', 'nodePath', ''), ('1', 'generateInfo', 'false'), ('1', 'staticPage', '1'), ('1', 'staticMethod', '3'), ('1', 'generateNode', 'false'), ('4', 'defPage', 'true'), ('4', 'nodeExtension', '.html'), ('4', 'staticPage', '1'), ('4', 'listTemplate', '/list_photo.html'), ('4', 'generateInfo', 'false'), ('4', 'coverTemplate', '/cover_photo.html'), ('4', 'generateNode', 'false'), ('4', 'infoPath', ''), ('4', 'nodePath', ''), ('4', 'infoExtension', '.html'), ('4', 'staticMethod', '3'), ('5', 'template', '/info_photo.html'), ('6', 'defPage', 'true'), ('6', 'nodeExtension', '.html'), ('6', 'staticPage', '1'), ('6', 'listTemplate', '/list_download.html'), ('6', 'generateInfo', 'false'), ('6', 'coverTemplate', '/cover_download.html'), ('6', 'generateNode', 'false'), ('6', 'infoPath', ''), ('6', 'nodePath', ''), ('6', 'infoExtension', '.html'), ('6', 'staticMethod', '3'), ('7', 'template', '/info_download.html'), ('8', 'defPage', 'true'), ('8', 'nodeExtension', '.html'), ('8', 'staticPage', '1'), ('8', 'listTemplate', '/list_video.html'), ('8', 'generateInfo', 'false'), ('8', 'coverTemplate', '/cover_video.html'), ('8', 'generateNode', 'false'), ('8', 'infoPath', ''), ('8', 'nodePath', ''), ('8', 'infoExtension', '.html'), ('8', 'staticMethod', '3'), ('9', 'template', '/info_video.html'), ('10', 'defPage', 'true'), ('10', 'nodeExtension', '.html'), ('10', 'staticPage', '1'), ('10', 'listTemplate', '/list_product.html'), ('10', 'generateInfo', 'false'), ('10', 'coverTemplate', '/cover_product.html'), ('10', 'generateNode', 'false'), ('10', 'infoPath', ''), ('10', 'nodePath', ''), ('10', 'infoExtension', '.html'), ('10', 'staticMethod', '3'), ('11', 'template', '/info_product.html'), ('13', 'defPage', 'true'), ('13', 'nodeExtension', '.html'), ('13', 'staticPage', '1'), ('13', 'listTemplate', '/list_recruitment.html'), ('13', 'generateInfo', 'false'), ('13', 'coverTemplate', '/list_recruitment.html'), ('13', 'generateNode', 'false'), ('13', 'infoPath', ''), ('13', 'nodePath', ''), ('13', 'infoExtension', '.html'), ('13', 'staticMethod', '4'), ('16', 'listTemplate', ''), ('16', 'defPage', 'true'), ('16', 'infoPath', ''), ('16', 'coverTemplate', '/list.html'), ('16', 'nodePath', ''), ('16', 'nodeExtension', '.html'), ('16', 'generateInfo', 'false'), ('16', 'generateNode', 'false'), ('16', 'staticMethod', '4'), ('16', 'infoExtension', '.html'), ('16', 'staticPage', '1'), ('19', 'listTemplate', '/list_doc.html'), ('19', 'infoPath', ''), ('19', 'infoExtension', '.html'), ('19', 'generateInfo', 'false'), ('19', 'nodePath', ''), ('19', 'defPage', 'true'), ('19', 'staticPage', '1'), ('19', 'nodeExtension', '.html');
INSERT INTO `cms_model_custom` VALUES ('19', 'generateNode', 'false'), ('19', 'staticMethod', '3'), ('19', 'coverTemplate', '/list_doc.html'), ('20', 'template', '/info_doc.html'), ('21', 'template', '/info_recruitment.html'), ('23', 'template', '/info_video.html'), ('24', 'template', '/info_product.html'), ('25', 'template', '/info_product.html'), ('26', 'template', '/info_product.html'), ('27', 'template', '/info_product.html'), ('17', 'template', '/sys_special.html');
COMMIT;

-- ----------------------------
-- Table structure for cms_model_field
-- ----------------------------
DROP TABLE IF EXISTS `cms_model_field`;
CREATE TABLE `cms_model_field` (
`f_modefiel_id`  int(11) NOT NULL ,
`f_model_id`  int(11) NOT NULL COMMENT '模型' ,
`f_type`  int(11) NOT NULL COMMENT '输入类型' ,
`f_inner_type`  int(11) NOT NULL DEFAULT 0 COMMENT '内部类型(0:用户自定义字段;1:系统定义字段;2:预留大文本字段;3:预留可查询字段)' ,
`f_label`  varchar(50) CHARACTER SET utf8 COLLATE utf8_general_ci NOT NULL COMMENT '字段标签' ,
`f_name`  varchar(50) CHARACTER SET utf8 COLLATE utf8_general_ci NOT NULL COMMENT '字段名称' ,
`f_prompt`  varchar(255) CHARACTER SET utf8 COLLATE utf8_general_ci NULL DEFAULT NULL COMMENT '提示信息' ,
`f_def_value`  varchar(255) CHARACTER SET utf8 COLLATE utf8_general_ci NULL DEFAULT NULL COMMENT '默认值' ,
`f_is_required`  char(1) CHARACTER SET utf8 COLLATE utf8_general_ci NOT NULL DEFAULT '0' COMMENT '是否必填项' ,
`f_seq`  int(11) NOT NULL DEFAULT 10 COMMENT '顺序' ,
`f_is_dbl_column`  char(1) CHARACTER SET utf8 COLLATE utf8_general_ci NOT NULL DEFAULT '0' COMMENT '是否双列布局' ,
`f_is_disabled`  char(1) CHARACTER SET utf8 COLLATE utf8_general_ci NOT NULL DEFAULT '0' COMMENT '是否禁用' ,
PRIMARY KEY (`f_modefiel_id`),
FOREIGN KEY (`f_model_id`) REFERENCES `cms_model` (`f_model_id`) ON DELETE RESTRICT ON UPDATE RESTRICT,
INDEX `fk_cms_modefiel_model` (`f_model_id`) USING BTREE 
)
ENGINE=InnoDB
DEFAULT CHARACTER SET=utf8 COLLATE=utf8_general_ci
COMMENT='模型字段表'

;

-- ----------------------------
-- Records of cms_model_field
-- ----------------------------
BEGIN;
INSERT INTO `cms_model_field` VALUES ('1', '1', '1', '2', '名称', 'name', null, null, '0', '0', '1', '0'), ('2', '1', '1', '2', '编码', 'number', null, null, '0', '1', '1', '0'), ('5', '1', '5', '2', '栏目模型', 'nodeModel', null, null, '0', '2', '1', '0'), ('6', '1', '5', '2', '文档模型', 'infoModel', null, null, '0', '3', '1', '0'), ('7', '1', '1', '2', '栏目页模板', 'nodeTemplate', null, null, '0', '4', '1', '0'), ('8', '1', '1', '2', '文档页模板', 'infoTemplate', null, null, '0', '5', '1', '0'), ('9', '1', '1', '2', '栏目页静态化', 'generateNode', null, null, '0', '6', '0', '0'), ('10', '1', '1', '2', '文档页静态化', 'generateInfo', null, null, '0', '7', '0', '0'), ('11', '1', '5', '2', '静态化方式', 'staticMethod', null, null, '0', '8', '1', '0'), ('12', '1', '1', '2', '静态化页数', 'staticPage', null, '1', '1', '9', '1', '0'), ('199', '4', '1', '2', '所属栏目', 'parent', null, null, '0', '0', '0', '0'), ('200', '4', '1', '2', '名称', 'name', null, null, '0', '1', '1', '0'), ('201', '4', '1', '2', '编码', 'number', null, null, '0', '2', '1', '0'), ('202', '4', '1', '2', '转向链接', 'link', null, null, '0', '3', '1', '0'), ('203', '4', '5', '2', '新窗口打开', 'newWindow', null, null, '0', '4', '1', '0'), ('216', '4', '5', '2', '栏目模型', 'nodeModel', null, null, '0', '5', '1', '0'), ('217', '4', '5', '2', '文档模型', 'infoModel', null, null, '0', '6', '1', '0'), ('235', '2', '1', '2', '栏目', 'node', null, null, '0', '0', '1', '0'), ('237', '2', '1', '2', '专题', 'specials', null, null, '0', '1', '1', '0'), ('239', '2', '1', '2', '颜色', 'color', null, null, '0', '4', '0', '0'), ('242', '2', '1', '2', '关键词', 'tagKeywords', null, null, '0', '5', '0', '0'), ('243', '2', '6', '2', '描述', 'metaDescription', null, null, '0', '6', '0', '0'), ('246', '2', '1', '2', '优先级', 'priority', null, null, '0', '7', '1', '0'), ('247', '2', '2', '2', '发布时间', 'publishDate', null, null, '0', '8', '1', '0'), ('248', '2', '1', '2', '来源', 'source', null, null, '0', '9', '1', '0'), ('249', '2', '1', '2', '作者', 'author', null, null, '0', '10', '1', '0'), ('250', '2', '1', '2', '属性', 'attributes', null, null, '0', '11', '0', '0'), ('255', '2', '50', '2', '正文', 'text', null, null, '0', '13', '0', '0'), ('256', '3', '1', '2', '所属栏目', 'parent', null, null, '0', '0', '0', '0'), ('258', '3', '1', '2', '编码', 'number', null, null, '0', '2', '1', '0'), ('259', '3', '1', '2', '转向链接', 'link', null, null, '0', '3', '1', '0'), ('260', '3', '5', '2', '新窗口打开', 'newWindow', null, null, '0', '4', '1', '0'), ('261', '3', '1', '2', '关键词', 'metaKeywords', null, null, '0', '5', '0', '0'), ('262', '3', '1', '2', '描述', 'metaDescription', null, null, '0', '6', '0', '0'), ('263', '3', '5', '2', '栏目模型', 'nodeModel', null, null, '0', '8', '1', '0'), ('264', '3', '5', '2', '文档模型', 'infoModel', null, null, '0', '9', '1', '0'), ('265', '3', '1', '2', '栏目页模板', 'nodeTemplate', null, null, '0', '10', '1', '0'), ('266', '3', '1', '2', '文档页模板', 'infoTemplate', null, null, '0', '11', '1', '0'), ('267', '3', '1', '2', '栏目页静态化', 'generateNode', null, null, '0', '12', '0', '0'), ('268', '3', '1', '2', '文档页静态化', 'generateInfo', null, null, '0', '13', '0', '0'), ('269', '3', '5', '2', '静态化方式', 'staticMethod', null, null, '0', '14', '1', '0'), ('270', '3', '1', '2', '静态化页数', 'staticPage', null, '1', '0', '15', '1', '0'), ('273', '1', '1', '2', '关键词', 'metaKeywords', null, null, '0', '10', '0', '0'), ('274', '1', '1', '2', '描述', 'metaDescription', null, null, '0', '11', '0', '0'), ('275', '5', '1', '2', '栏目', 'node', null, null, '0', '0', '0', '0'), ('276', '5', '1', '2', '标题', 'title', null, null, '0', '1', '0', '0'), ('278', '5', '2', '2', '发布时间', 'publishDate', null, null, '0', '2', '0', '0'), ('279', '5', '51', '2', '图片集', 'images', null, null, '0', '7', '0', '0'), ('281', '5', '7', '2', '标题图', 'smallImage', null, null, '0', '6', '0', '0'), ('282', '6', '1', '2', '所属栏目', 'parent', null, null, '0', '0', '0', '0'), ('283', '6', '1', '2', '名称', 'name', null, null, '0', '1', '1', '0'), ('284', '6', '1', '2', '编码', 'number', null, null, '0', '2', '1', '0'), ('287', '6', '1', '2', '转向链接', 'link', null, null, '0', '3', '1', '0'), ('288', '6', '5', '2', '新窗口打开', 'newWindow', null, null, '0', '4', '1', '0'), ('289', '6', '1', '2', '关键词', 'metaKeywords', null, null, '0', '5', '0', '0'), ('290', '6', '1', '2', '描述', 'metaDescription', null, null, '0', '6', '0', '0'), ('292', '6', '5', '2', '栏目模型', 'nodeModel', null, null, '0', '7', '1', '0'), ('293', '6', '5', '2', '文档模型', 'infoModel', null, null, '0', '8', '1', '0'), ('294', '6', '1', '2', '栏目页模板', 'nodeTemplate', null, null, '0', '9', '1', '0'), ('295', '6', '1', '2', '文档页模板', 'infoTemplate', null, null, '0', '10', '1', '0'), ('296', '6', '1', '2', '栏目页静态化', 'generateNode', null, null, '0', '11', '0', '0'), ('297', '6', '1', '2', '文档页静态化', 'generateInfo', null, null, '0', '12', '0', '0'), ('298', '6', '5', '2', '静态化方式', 'staticMethod', null, null, '0', '13', '1', '0'), ('299', '6', '1', '2', '静态化页数', 'staticPage', null, '1', '0', '14', '1', '0'), ('303', '7', '1', '2', '栏目', 'node', null, null, '0', '0', '0', '0'), ('304', '7', '1', '2', '标题', 'title', null, null, '0', '1', '0', '0'), ('305', '7', '50', '2', '软件介绍', 'text', null, null, '0', '12', '0', '0'), ('311', '7', '9', '2', '下载文件', 'file', null, null, '0', '11', '0', '0'), ('312', '8', '1', '2', '所属栏目', 'parent', null, null, '0', '0', '0', '0'), ('313', '8', '1', '2', '名称', 'name', null, null, '0', '1', '1', '0'), ('314', '8', '1', '2', '编码', 'number', null, null, '0', '2', '1', '0'), ('315', '8', '5', '2', '栏目模型', 'nodeModel', null, null, '0', '3', '1', '0'), ('316', '8', '5', '2', '文档模型', 'infoModel', null, null, '0', '4', '1', '0'), ('318', '9', '1', '2', '栏目', 'node', null, null, '0', '0', '0', '0'), ('319', '9', '1', '2', '标题', 'title', null, null, '0', '1', '0', '0'), ('320', '9', '2', '2', '发布时间', 'publishDate', null, null, '0', '7', '1', '0'), ('321', '9', '8', '2', '视频', 'video', null, null, '0', '11', '0', '0'), ('322', '9', '7', '2', '标题图', 'smallImage', null, null, '0', '9', '0', '0'), ('323', '10', '1', '2', '所属栏目', 'parent', null, null, '0', '0', '0', '0'), ('324', '10', '1', '2', '名称', 'name', null, null, '0', '1', '1', '0'), ('325', '10', '1', '2', '编码', 'number', null, null, '0', '2', '1', '0'), ('326', '11', '1', '2', '栏目', 'node', null, null, '0', '0', '0', '0'), ('327', '11', '1', '2', '标题', 'title', null, null, '0', '1', '0', '0'), ('328', '11', '7', '2', '标题图', 'smallImage', null, null, '0', '8', '0', '0'), ('329', '10', '5', '2', '栏目模型', 'nodeModel', null, null, '0', '3', '1', '0'), ('330', '10', '5', '2', '文档模型', 'infoModel', null, null, '0', '4', '1', '0'), ('331', '11', '1', '0', '优惠价', 'price', null, null, '0', '3', '0', '0'), ('332', '11', '1', '0', '市场价', 'marketPrice', null, null, '1', '4', '0', '0'), ('334', '11', '4', '0', '商品库存', 'stock', null, '有货', '0', '10', '0', '0'), ('335', '11', '50', '1', '商品介绍', 'introduce', null, null, '0', '11', '0', '0'), ('336', '11', '50', '1', '规格参数', 'specification', null, null, '0', '12', '0', '0'), ('337', '11', '50', '1', '包装清单', 'packingList', null, null, '0', '13', '0', '0'), ('338', '11', '50', '1', '售后服务', 'services', null, null, '0', '14', '0', '0'), ('340', '7', '7', '2', '标题图', 'smallImage', null, null, '0', '9', '0', '0'), ('343', '3', '5', '2', '审核流程', 'workflow', null, null, '0', '7', '0', '0'), ('344', '12', '1', '0', '公司名称', 'company', null, null, '0', '2147483647', '0', '0'), ('345', '12', '1', '0', '备案号', 'icp', null, null, '0', '2147483647', '0', '0'), ('346', '13', '1', '2', '所属栏目', 'parent', null, null, '0', '2147483647', '0', '0'), ('347', '13', '1', '2', '名称', 'name', null, null, '0', '2147483647', '1', '0'), ('348', '13', '1', '2', '编码', 'number', null, null, '0', '2147483647', '1', '0');
INSERT INTO `cms_model_field` VALUES ('349', '13', '1', '2', '关键词', 'metaKeywords', null, null, '0', '2147483647', '0', '0'), ('350', '13', '1', '2', '描述', 'metaDescription', null, null, '0', '2147483647', '0', '0'), ('351', '13', '5', '2', '栏目模型', 'nodeModel', null, null, '0', '2147483647', '1', '0'), ('352', '13', '5', '2', '文档模型', 'infoModel', null, null, '0', '2147483647', '1', '0'), ('364', '13', '3', '2', '浏览权限', 'viewGroups', null, null, '0', '2147483647', '0', '0'), ('365', '1', '3', '2', '浏览权限', 'viewGroups', null, null, '0', '2147483647', '0', '0'), ('366', '15', '1', '0', '版权信息', 'poweredby', null, null, '0', '2147483647', '0', '0'), ('367', '16', '1', '2', '所属栏目', 'parent', null, null, '0', '0', '0', '0'), ('368', '16', '1', '2', '名称', 'name', null, null, '0', '1', '1', '0'), ('369', '16', '1', '2', '转向链接', 'link', null, null, '0', '3', '1', '0'), ('370', '16', '5', '2', '新窗口打开', 'newWindow', null, null, '0', '4', '1', '0'), ('371', '16', '5', '2', '栏目模型', 'nodeModel', null, null, '0', '2', '1', '0'), ('372', '17', '1', '2', '标题', 'title', null, null, '0', '2147483647', '0', '0'), ('373', '17', '1', '2', '关键词', 'metaKeywords', null, null, '0', '2147483647', '0', '0'), ('374', '17', '6', '2', '描述', 'metaDescription', null, null, '0', '2147483647', '0', '0'), ('375', '17', '1', '2', '类别', 'category', null, null, '0', '2147483647', '1', '0'), ('376', '17', '2', '2', '创建日期', 'creationDate', null, null, '0', '2147483647', '1', '0'), ('377', '17', '5', '2', '模型', 'model', null, null, '0', '2147483647', '1', '0'), ('378', '17', '1', '2', '独立模版', 'specialTemplate', null, null, '0', '2147483647', '1', '0'), ('379', '17', '4', '2', '推荐', 'recommend', null, null, '0', '2147483647', '1', '0'), ('380', '17', '1', '2', '浏览次数', 'views', null, null, '0', '2147483647', '1', '0'), ('381', '17', '7', '2', '小图', 'smallImage', null, null, '0', '2147483647', '0', '0'), ('382', '17', '7', '2', '大图', 'largeImage', null, null, '0', '2147483647', '0', '0'), ('383', '17', '52', '2', '文件集', 'files', null, null, '0', '2147483647', '0', '0'), ('384', '17', '8', '2', '视频', 'video', null, null, '0', '2147483647', '0', '0'), ('385', '17', '51', '2', '图片集', 'images', null, null, '0', '2147483647', '0', '0'), ('386', '5', '1', '2', '属性', 'attributes', null, null, '0', '5', '0', '0'), ('387', '5', '1', '2', '关键词', 'tagKeywords', null, null, '0', '3', '0', '0'), ('388', '5', '6', '2', '描述', 'metaDescription', null, null, '0', '4', '0', '0'), ('389', '11', '2', '2', '发布时间', 'publishDate', null, null, '0', '2', '0', '0'), ('390', '7', '1', '2', '完整标题', 'fullTitle', null, null, '0', '2', '0', '0'), ('392', '2', '7', '2', '标题图', 'smallImage', null, null, '0', '12', '0', '0'), ('393', '3', '1', '2', '名称', 'name', null, null, '1', '1', '1', '0'), ('394', '2', '1', '2', '标题', 'title', null, null, '1', '2', '0', '0'), ('395', '4', '5', '2', '审核流程', 'workflow', null, null, '0', '7', '0', '0'), ('396', '2', '6', '2', '完整标题', 'fullTitle', null, null, '0', '3', '0', '0'), ('397', '9', '1', '2', '属性', 'attributes', null, null, '0', '8', '0', '0'), ('399', '11', '1', '2', '属性', 'attributes', null, null, '0', '7', '0', '0'), ('400', '7', '1', '2', '属性', 'attributes', null, null, '0', '8', '0', '0'), ('401', '19', '1', '2', '所属栏目', 'parent', null, null, '0', '0', '0', '0'), ('402', '19', '1', '2', '名称', 'name', null, null, '1', '1', '1', '0'), ('403', '19', '1', '2', '编码', 'number', null, null, '0', '2', '1', '0'), ('404', '19', '1', '2', '转向链接', 'link', null, null, '0', '3', '1', '0'), ('405', '19', '5', '2', '新窗口打开', 'newWindow', null, null, '0', '4', '1', '0'), ('406', '19', '1', '2', '关键词', 'metaKeywords', null, null, '0', '5', '0', '0'), ('407', '19', '1', '2', '描述', 'metaDescription', null, null, '0', '6', '0', '0'), ('408', '19', '5', '2', '审核流程', 'workflow', null, null, '0', '7', '0', '0'), ('409', '19', '5', '2', '栏目模型', 'nodeModel', null, null, '0', '8', '1', '0'), ('410', '19', '5', '2', '文档模型', 'infoModel', null, null, '0', '9', '1', '0'), ('411', '19', '1', '2', '栏目页模板', 'nodeTemplate', null, null, '0', '10', '1', '0'), ('412', '19', '1', '2', '文档页模板', 'infoTemplate', null, null, '0', '11', '1', '0'), ('413', '19', '1', '2', '栏目页静态化', 'generateNode', null, null, '0', '12', '0', '0'), ('414', '19', '1', '2', '文档页静态化', 'generateInfo', null, null, '0', '13', '0', '0'), ('415', '19', '5', '2', '静态化方式', 'staticMethod', null, null, '0', '14', '1', '0'), ('416', '19', '1', '2', '静态化页数', 'staticPage', null, '1', '0', '15', '1', '0'), ('417', '20', '1', '2', '栏目', 'node', null, null, '0', '0', '0', '0'), ('419', '20', '1', '2', '标题', 'title', null, null, '1', '1', '0', '0'), ('425', '20', '2', '2', '发布时间', 'publishDate', null, null, '0', '4', '0', '0'), ('432', '21', '1', '2', '栏目', 'node', null, null, '0', '0', '0', '0'), ('434', '21', '1', '2', '标题', 'title', null, null, '1', '1', '1', '0'), ('440', '21', '2', '2', '发布时间', 'publishDate', null, null, '0', '2', '1', '0'), ('453', '20', '1', '2', '关键词', 'tagKeywords', null, null, '0', '2', '0', '0'), ('454', '20', '6', '2', '描述', 'metaDescription', null, null, '0', '3', '0', '0'), ('455', '20', '10', '2', '文库', 'doc', null, null, '0', '6', '0', '0'), ('456', '21', '1', '0', '公司名称', 'company', null, null, '0', '3', '1', '0'), ('457', '21', '1', '0', '部门名称', 'dept', null, null, '0', '4', '1', '0'), ('458', '21', '1', '0', '招聘人数', 'number', null, null, '0', '5', '1', '0'), ('459', '21', '1', '0', '薪酬待遇', 'salary', null, null, '0', '6', '1', '0'), ('460', '21', '1', '0', '工作地点', 'location', null, null, '0', '9', '1', '0'), ('461', '21', '6', '0', '岗位职责', 'responsibilities', null, null, '0', '11', '0', '0'), ('462', '21', '6', '0', '岗位要求', 'qualifications', null, null, '0', '12', '0', '0'), ('463', '21', '1', '0', '工作经验', 'experience', null, null, '0', '7', '1', '0'), ('464', '21', '1', '0', '最低学历', 'education', null, null, '0', '8', '1', '0'), ('465', '21', '5', '0', '工作性质', 'jobtype', null, null, '0', '10', '1', '0'), ('466', '9', '6', '2', '完整标题', 'fullTitle', null, null, '0', '2', '0', '0'), ('467', '9', '101', '3', '地区', 'p1', null, null, '0', '4', '1', '0'), ('468', '9', '101', '3', '类型', 'p2', null, null, '0', '5', '1', '0'), ('469', '9', '101', '3', '年代', 'p3', null, null, '0', '6', '1', '0'), ('480', '23', '1', '2', '栏目', 'node', null, null, '0', '0', '0', '0'), ('481', '23', '1', '2', '标题', 'title', null, null, '0', '1', '0', '0'), ('482', '23', '6', '2', '完整标题', 'fullTitle', null, null, '0', '2', '0', '0'), ('483', '23', '101', '3', '地区', 'p1', null, null, '0', '4', '1', '0'), ('484', '23', '101', '3', '分类', 'p2', null, null, '0', '5', '1', '0'), ('487', '23', '1', '2', '属性', 'attributes', null, null, '0', '7', '0', '0'), ('488', '23', '7', '2', '标题图', 'smallImage', null, null, '0', '8', '0', '0'), ('489', '23', '8', '2', '视频', 'video', null, null, '0', '10', '0', '0'), ('490', '23', '2', '2', '发布时间', 'publishDate', null, null, '0', '6', '0', '0'), ('491', '9', '1', '2', '关键词', 'tagKeywords', null, null, '0', '3', '0', '0'), ('492', '23', '1', '2', '关键词', 'tagKeywords', null, null, '0', '3', '0', '0'), ('493', '9', '1', '0', 'flash地址', 'flashaddr', null, null, '0', '10', '0', '0'), ('494', '23', '1', '0', 'flash地址', 'flashaddr', null, null, '0', '9', '0', '0'), ('495', '11', '101', '3', '面料', 'p1', null, null, '0', '5', '0', '0'), ('496', '11', '101', '3', '适用季节', 'p2', null, null, '0', '6', '0', '0'), ('498', '24', '1', '2', '栏目', 'node', null, null, '0', '0', '0', '0'), ('499', '24', '1', '2', '标题', 'title', null, null, '0', '1', '0', '0'), ('500', '24', '2', '2', '发布时间', 'publishDate', null, null, '0', '2', '0', '0'), ('501', '24', '1', '0', '优惠价', 'price', null, null, '0', '3', '0', '0'), ('502', '24', '1', '0', '市场价', 'marketPrice', null, null, '1', '4', '0', '0'), ('503', '24', '101', '3', '有效像素', 'p1', null, null, '0', '5', '0', '0'), ('504', '24', '101', '3', '机身颜色', 'p2', null, null, '0', '6', '0', '0');
INSERT INTO `cms_model_field` VALUES ('505', '24', '1', '2', '属性', 'attributes', null, null, '0', '7', '0', '0'), ('506', '24', '7', '2', '标题图', 'smallImage', null, null, '0', '8', '0', '0'), ('508', '24', '4', '0', '商品库存', 'stock', null, '有货', '0', '11', '0', '0'), ('509', '24', '50', '1', '商品介绍', 'introduce', null, null, '0', '12', '0', '0'), ('510', '24', '50', '1', '规格参数', 'specification', null, null, '0', '13', '0', '0'), ('511', '24', '50', '1', '包装清单', 'packingList', null, null, '0', '14', '0', '0'), ('512', '24', '50', '1', '售后服务', 'services', null, null, '0', '15', '0', '0'), ('513', '25', '1', '2', '栏目', 'node', null, null, '0', '0', '0', '0'), ('514', '25', '1', '2', '标题', 'title', null, null, '0', '1', '0', '0'), ('515', '25', '2', '2', '发布时间', 'publishDate', null, null, '0', '2', '0', '0'), ('516', '25', '1', '0', '优惠价', 'price', null, null, '0', '3', '0', '0'), ('517', '25', '1', '0', '市场价', 'marketPrice', null, null, '1', '4', '0', '0'), ('518', '25', '101', '3', '尺寸', 'p1', null, null, '0', '5', '0', '0'), ('519', '25', '101', '3', '处理器', 'p2', null, null, '0', '6', '0', '0'), ('520', '25', '1', '2', '属性', 'attributes', null, null, '0', '7', '0', '0'), ('521', '25', '7', '2', '标题图', 'smallImage', null, null, '0', '8', '0', '0'), ('523', '25', '4', '0', '商品库存', 'stock', null, '有货', '0', '10', '0', '0'), ('524', '25', '50', '1', '商品介绍', 'introduce', null, null, '0', '11', '0', '0'), ('525', '25', '50', '1', '规格参数', 'specification', null, null, '0', '12', '0', '0'), ('526', '25', '50', '1', '包装清单', 'packingList', null, null, '0', '13', '0', '0'), ('527', '25', '50', '1', '售后服务', 'services', null, null, '0', '14', '0', '0'), ('528', '26', '1', '2', '栏目', 'node', null, null, '0', '0', '0', '0'), ('529', '26', '1', '2', '标题', 'title', null, null, '0', '1', '0', '0'), ('530', '26', '2', '2', '发布时间', 'publishDate', null, null, '0', '2', '0', '0'), ('531', '26', '1', '0', '优惠价', 'price', null, null, '0', '3', '0', '0'), ('532', '26', '1', '0', '市场价', 'marketPrice', null, null, '1', '4', '0', '0'), ('533', '26', '101', '3', '类别', 'p1', null, null, '0', '5', '0', '0'), ('535', '26', '1', '2', '属性', 'attributes', null, null, '0', '6', '0', '0'), ('536', '26', '7', '2', '标题图', 'smallImage', null, null, '0', '7', '0', '0'), ('538', '26', '4', '0', '商品库存', 'stock', null, '有货', '0', '9', '0', '0'), ('539', '26', '50', '1', '商品介绍', 'introduce', null, null, '0', '10', '0', '0'), ('540', '26', '50', '1', '规格参数', 'specification', null, null, '0', '11', '0', '0'), ('541', '26', '50', '1', '包装清单', 'packingList', null, null, '0', '12', '0', '0'), ('542', '26', '50', '1', '售后服务', 'services', null, null, '0', '13', '0', '0'), ('543', '27', '1', '2', '栏目', 'node', null, null, '0', '0', '0', '0'), ('544', '27', '1', '2', '标题', 'title', null, null, '0', '1', '0', '0'), ('545', '27', '2', '2', '发布时间', 'publishDate', null, null, '0', '2', '0', '0'), ('546', '27', '1', '0', '优惠价', 'price', null, null, '0', '3', '0', '0'), ('547', '27', '1', '0', '市场价', 'marketPrice', null, null, '1', '4', '0', '0'), ('548', '27', '101', '3', '尺寸', 'p1', null, null, '0', '5', '0', '0'), ('549', '27', '101', '3', '分辨率', 'p2', null, null, '0', '6', '0', '0'), ('550', '27', '1', '2', '属性', 'attributes', null, null, '0', '7', '0', '0'), ('551', '27', '7', '2', '标题图', 'smallImage', null, null, '0', '8', '0', '0'), ('553', '27', '4', '0', '商品库存', 'stock', null, '有货', '0', '10', '0', '0'), ('554', '27', '50', '1', '商品介绍', 'introduce', null, null, '0', '11', '0', '0'), ('555', '27', '50', '1', '规格参数', 'specification', null, null, '0', '12', '0', '0'), ('556', '27', '50', '1', '包装清单', 'packingList', null, null, '0', '13', '0', '0'), ('557', '27', '50', '1', '售后服务', 'services', null, null, '0', '14', '0', '0'), ('558', '24', '7', '2', '正文图', 'largeImage', null, null, '0', '9', '0', '0'), ('559', '7', '5', '0', '推荐星级', 'star', null, '★★★★★', '0', '6', '1', '0'), ('560', '7', '7', '2', '正文图', 'largeImage', null, null, '0', '10', '0', '0'), ('561', '20', '7', '2', '标题图', 'smallImage', null, null, '0', '5', '0', '0'), ('562', '15', '5', '0', '第三方登录', 'oauth', null, '0', '0', '2147483647', '0', '0'), ('563', '25', '7', '2', '正文图', 'largeImage', null, null, '0', '9', '0', '0'), ('564', '11', '7', '2', '正文图', 'largeImage', null, null, '0', '9', '0', '0'), ('565', '26', '7', '2', '正文图', 'largeImage', null, null, '0', '8', '0', '0'), ('566', '27', '7', '2', '正文图', 'largeImage', null, null, '0', '9', '0', '0');
COMMIT;

-- ----------------------------
-- Table structure for cms_model_field_custom
-- ----------------------------
DROP TABLE IF EXISTS `cms_model_field_custom`;
CREATE TABLE `cms_model_field_custom` (
`f_modefiel_id`  int(11) NOT NULL ,
`f_key`  varchar(50) CHARACTER SET utf8 COLLATE utf8_general_ci NOT NULL COMMENT '键' ,
`f_value`  varchar(2000) CHARACTER SET utf8 COLLATE utf8_general_ci NULL DEFAULT NULL COMMENT '值' ,
FOREIGN KEY (`f_modefiel_id`) REFERENCES `cms_model_field` (`f_modefiel_id`) ON DELETE RESTRICT ON UPDATE RESTRICT,
INDEX `fk_cms_modfiecus_modefiel` (`f_modefiel_id`) USING BTREE 
)
ENGINE=InnoDB
DEFAULT CHARACTER SET=utf8 COLLATE=utf8_general_ci
COMMENT='模型字段自定义信息表'

;

-- ----------------------------
-- Records of cms_model_field_custom
-- ----------------------------
BEGIN;
INSERT INTO `cms_model_field_custom` VALUES ('201', 'datePattern', ''), ('201', 'cols', ''), ('201', 'validation', ''), ('201', 'imageHeight', ''), ('201', 'rows', ''), ('201', 'width', ''), ('201', 'maxlength', ''), ('201', 'editorToolbar', ''), ('201', 'options', ''), ('201', 'imageWatermark', 'false'), ('201', 'height', ''), ('201', 'imageWidth', ''), ('201', 'imageScale', 'false'), ('279', 'thumbnail', 'true'), ('279', 'thumbnailWidth', '130'), ('279', 'imageWatermark', 'true'), ('279', 'imageHeight', ''), ('279', 'imageWidth', '2000'), ('279', 'imageScale', 'true'), ('279', 'thumbnailHeight', '80'), ('281', 'imageHeight', '260'), ('281', 'imageWidth', '390'), ('281', 'imageWatermark', 'false'), ('281', 'imageScale', 'false'), ('322', 'imageHeight', '180'), ('322', 'imageWidth', '320'), ('322', 'imageWatermark', 'false'), ('322', 'imageScale', 'false'), ('328', 'imageHeight', '200'), ('328', 'imageWidth', '200'), ('331', 'width', '250'), ('331', 'validation', ''), ('331', 'maxLength', ''), ('332', 'width', '250'), ('332', 'validation', ''), ('332', 'maxLength', ''), ('334', 'options', '有货\r\n缺货'), ('335', 'width', ''), ('335', 'height', ''), ('335', 'editorToolbar', 'Standard'), ('336', 'width', ''), ('336', 'height', ''), ('336', 'editorToolbar', 'Standard'), ('337', 'width', ''), ('337', 'height', ''), ('337', 'editorToolbar', 'Standard'), ('338', 'width', ''), ('338', 'height', ''), ('338', 'editorToolbar', 'Standard'), ('328', 'imageWatermark', 'false'), ('328', 'imageScale', 'false'), ('340', 'imageHeight', '50'), ('340', 'imageWidth', '50'), ('344', 'width', '180'), ('344', 'validation', ''), ('344', 'maxLength', ''), ('345', 'width', '180'), ('345', 'validation', ''), ('345', 'maxLength', ''), ('366', 'width', '180'), ('366', 'maxLength', ''), ('366', 'validation', ''), ('381', 'imageHeight', '120'), ('381', 'imageScale', 'false'), ('381', 'imageWidth', '180'), ('381', 'imageWatermark', 'false'), ('382', 'imageHeight', '480'), ('382', 'imageScale', 'false'), ('382', 'imageWidth', '480'), ('382', 'imageWatermark', 'false'), ('385', 'thumbnail', 'true'), ('385', 'imageScale', 'true'), ('385', 'thumbnailHeight', '77'), ('385', 'thumbnailWidth', '116'), ('385', 'imageWidth', '1500'), ('385', 'imageWatermark', 'true'), ('381', 'imageExact', 'false'), ('382', 'imageExact', 'false'), ('385', 'imageHeight', ''), ('385', 'imageExact', 'false'), ('340', 'imageExact', 'false'), ('340', 'imageScale', 'false'), ('340', 'imageWatermark', 'false'), ('322', 'imageExact', 'false'), ('281', 'imageExact', 'false'), ('392', 'imageHeight', '120'), ('392', 'imageScale', 'true'), ('392', 'imageExact', 'false'), ('392', 'imageWidth', '180'), ('392', 'imageWatermark', 'false'), ('456', 'validation', ''), ('456', 'width', '180'), ('456', 'maxLength', ''), ('457', 'validation', ''), ('457', 'width', '180'), ('457', 'maxLength', ''), ('458', 'validation', ''), ('458', 'width', '180'), ('458', 'maxLength', ''), ('459', 'validation', '');
INSERT INTO `cms_model_field_custom` VALUES ('459', 'width', '180'), ('459', 'maxLength', ''), ('460', 'validation', ''), ('460', 'width', '180'), ('460', 'maxLength', ''), ('461', 'height', '80'), ('461', 'width', '500'), ('461', 'maxLength', ''), ('462', 'height', '80'), ('462', 'width', '500'), ('462', 'maxLength', ''), ('434', 'width', '180'), ('434', 'validation', ''), ('434', 'maxLength', ''), ('463', 'validation', ''), ('463', 'width', '180'), ('463', 'maxLength', ''), ('464', 'validation', ''), ('464', 'width', '180'), ('464', 'maxLength', ''), ('465', 'width', '120'), ('465', 'options', '全职\r\n兼职'), ('279', 'imageExact', 'false'), ('469', 'options', '100|2015\r\n99|2014\r\n11|2013-2011\r\n10|00年代\r\n9|90年代\r\n8|80年代\r\n7|更早'), ('468', 'options', '0|喜剧\r\n1|悲剧\r\n2|爱情\r\n3|动作\r\n4|枪战\r\n5|犯罪\r\n6|惊悚\r\n7|恐怖\r\n8|悬疑\r\n9|动画\r\n10|家庭\r\n11|奇幻\r\n12|魔幻\r\n13|科幻\r\n14|战争\r\n15|武侠\r\n16|青春\r\n17|功夫\r\n18|灾难'), ('467', 'options', '0|华语\r\n1|美国\r\n2|欧洲\r\n3|韩国\r\n4|日本\r\n5|泰国\r\n6|其它'), ('483', 'options', '0|华语\r\n1|美国\r\n2|欧洲\r\n3|韩国\r\n4|日本\r\n5|泰国\r\n6|其它'), ('484', 'options', '1|自制剧\r\n2|播报\r\n3|访谈\r\n4|搞笑\r\n5|游戏\r\n6|选秀\r\n7|时尚\r\n8|其它\r\n9|情感\r\n10|盛会\r\n11|曲艺\r\n12|粤语\r\n13|美食\r\n14|少儿\r\n15|脱口秀\r\n16|职场\r\n17|相亲\r\n18|歌舞\r\n19|伦理\r\n20|真人秀'), ('488', 'imageWidth', '320'), ('488', 'imageExact', 'false'), ('488', 'imageWatermark', 'false'), ('488', 'imageHeight', '180'), ('488', 'imageScale', 'false'), ('493', 'validation', ''), ('493', 'width', '500'), ('493', 'maxLength', ''), ('494', 'validation', ''), ('494', 'width', '500'), ('494', 'maxLength', ''), ('495', 'options', '0|聚酯纤维\r\n1|锦纶\r\n2|竹浆纤维面料\r\n3|再生纤维面料\r\n4|棉质面料\r\n5|莫代尔面料\r\n6|真丝面料\r\n7|莱卡面料\r\n8|其它'), ('496', 'options', '0|冬季\r\n1|夏季\r\n2|春秋季\r\n3|春季\r\n4|秋季\r\n5|秋冬季\r\n6|四季'), ('501', 'width', '250'), ('501', 'validation', ''), ('501', 'maxLength', ''), ('502', 'width', '250'), ('502', 'validation', ''), ('502', 'maxLength', ''), ('503', 'options', '0|200-499万\r\n1|500-799万\r\n2|800-1200万\r\n3|1200-1599万\r\n4|1600万以上'), ('504', 'options', '0|白色\r\n1|黑色\r\n2|灰色\r\n3|金色\r\n4|银色\r\n5|红色\r\n6|蓝色\r\n7|粉色\r\n8|黄色\r\n9|绿色\r\n10|橙色\r\n11|紫色\r\n12|其它'), ('506', 'imageWidth', '200'), ('506', 'imageWatermark', 'false'), ('506', 'imageHeight', '200'), ('506', 'imageScale', 'false'), ('508', 'options', '有货\r\n缺货'), ('509', 'editorToolbar', 'Standard'), ('509', 'width', ''), ('509', 'height', ''), ('510', 'editorToolbar', 'Standard'), ('510', 'width', ''), ('510', 'height', ''), ('511', 'editorToolbar', 'Standard'), ('511', 'width', ''), ('511', 'height', ''), ('512', 'editorToolbar', 'Standard'), ('512', 'width', ''), ('512', 'height', ''), ('516', 'width', '250'), ('516', 'validation', ''), ('516', 'maxLength', ''), ('517', 'width', '250'), ('517', 'validation', ''), ('517', 'maxLength', ''), ('518', 'options', '0|10.1英寸及以下\r\n1|11英寸\r\n2|12英寸\r\n3|13英寸\r\n4|14英寸\r\n5|15英寸\r\n6|16英寸-17英寸\r\n7|17英寸以上'), ('519', 'options', '0|Intel i3\r\n1|Intel i5\r\n2|Intel i7\r\n3|AMD A6\r\n4|AMD A8\r\n5|AMD A10\r\n6|其他Intel平台\r\n7|其他AMD平台'), ('521', 'imageWidth', '200'), ('521', 'imageWatermark', 'false'), ('521', 'imageHeight', '200'), ('521', 'imageScale', 'false'), ('523', 'options', '有货\r\n缺货'), ('524', 'editorToolbar', 'Standard'), ('524', 'width', ''), ('524', 'height', ''), ('525', 'editorToolbar', 'Standard'), ('525', 'width', ''), ('525', 'height', ''), ('526', 'editorToolbar', 'Standard'), ('526', 'width', ''), ('526', 'height', ''), ('527', 'editorToolbar', 'Standard'), ('527', 'width', ''), ('527', 'height', ''), ('531', 'width', '250'), ('531', 'validation', ''), ('531', 'maxLength', ''), ('532', 'width', '250'), ('532', 'validation', ''), ('532', 'maxLength', ''), ('533', 'options', '0|文学\r\n1|少儿\r\n2|教育\r\n3|管理\r\n4|励志与成功\r\n5|人文社科\r\n6|生活\r\n7|艺术\r\n8|科技\r\n9|计算机与互联网'), ('536', 'imageWidth', '200'), ('536', 'imageWatermark', 'false');
INSERT INTO `cms_model_field_custom` VALUES ('536', 'imageHeight', '200'), ('536', 'imageScale', 'false'), ('538', 'options', '有货\r\n缺货'), ('539', 'editorToolbar', 'Standard'), ('539', 'width', ''), ('539', 'height', ''), ('540', 'editorToolbar', 'Standard'), ('540', 'width', ''), ('540', 'height', ''), ('541', 'editorToolbar', 'Standard'), ('541', 'width', ''), ('541', 'height', ''), ('542', 'editorToolbar', 'Standard'), ('542', 'width', ''), ('542', 'height', ''), ('546', 'width', '250'), ('546', 'validation', ''), ('546', 'maxLength', ''), ('547', 'width', '250'), ('547', 'validation', ''), ('547', 'maxLength', ''), ('548', 'options', '0|32英寸及以下\r\n1|32英寸及以下\r\n2|39-40英寸\r\n3|42-43英寸\r\n4|46-49英寸\r\n5|50-52英寸\r\n6|55英寸\r\n7|58-60英寸\r\n8|65英寸及以上\r\n'), ('549', 'options', '0|超高清4K（3840*2160）\r\n1|全高清（1920*1080）\r\n2|高清（1366*768）\r\n3|其它'), ('551', 'imageWidth', '200'), ('551', 'imageWatermark', 'false'), ('551', 'imageHeight', '200'), ('551', 'imageScale', 'false'), ('553', 'options', '有货\r\n缺货'), ('554', 'editorToolbar', 'Standard'), ('554', 'width', ''), ('554', 'height', ''), ('555', 'editorToolbar', 'Standard'), ('555', 'width', ''), ('555', 'height', ''), ('556', 'editorToolbar', 'Standard'), ('556', 'width', ''), ('556', 'height', ''), ('557', 'editorToolbar', 'Standard'), ('557', 'width', ''), ('557', 'height', ''), ('558', 'imageWidth', '480'), ('558', 'imageWatermark', 'true'), ('558', 'imageExact', 'false'), ('558', 'imageHeight', '480'), ('558', 'imageScale', 'true'), ('559', 'options', '★★★★★\r\n★★★★☆\r\n★★★☆☆\r\n★★☆☆☆\r\n★☆☆☆☆'), ('559', 'width', ''), ('560', 'imageWidth', '480'), ('560', 'imageWatermark', 'true'), ('560', 'imageExact', 'false'), ('560', 'imageHeight', '480'), ('560', 'imageScale', 'true'), ('561', 'imageWidth', '80'), ('561', 'imageWatermark', 'false'), ('561', 'imageHeight', '113'), ('561', 'imageScale', 'true'), ('561', 'imageExact', 'false'), ('562', 'options', '0|关闭\r\n1|未购买\r\n2|未设置\r\n3|开启'), ('562', 'width', ''), ('563', 'imageWidth', '480'), ('563', 'imageWatermark', 'true'), ('563', 'imageExact', 'false'), ('563', 'imageHeight', '480'), ('563', 'imageScale', 'true'), ('564', 'imageWidth', '480'), ('564', 'imageWatermark', 'true'), ('564', 'imageExact', 'false'), ('564', 'imageHeight', '480'), ('564', 'imageScale', 'true'), ('565', 'imageWidth', '480'), ('565', 'imageWatermark', 'true'), ('565', 'imageExact', 'false'), ('565', 'imageHeight', '480'), ('565', 'imageScale', 'true'), ('566', 'imageWidth', '480'), ('566', 'imageWatermark', 'true'), ('566', 'imageExact', 'false'), ('566', 'imageHeight', '480'), ('566', 'imageScale', 'true');
COMMIT;

-- ----------------------------
-- Table structure for cms_node
-- ----------------------------
DROP TABLE IF EXISTS `cms_node`;
CREATE TABLE `cms_node` (
`f_node_id`  int(11) NOT NULL ,
`f_site_id`  int(11) NOT NULL COMMENT '站点' ,
`f_parent_id`  int(11) NULL DEFAULT NULL COMMENT '栏目点' ,
`f_creator_id`  int(11) NOT NULL COMMENT '创建者' ,
`f_node_model_id`  int(11) NOT NULL COMMENT '栏目模型' ,
`f_workflow_id`  int(11) NULL DEFAULT NULL COMMENT '流程' ,
`f_info_model_id`  int(11) NULL DEFAULT NULL COMMENT '文档模型' ,
`f_number`  varchar(100) CHARACTER SET utf8 COLLATE utf8_general_ci NULL DEFAULT NULL COMMENT '代码' ,
`f_name`  varchar(150) CHARACTER SET utf8 COLLATE utf8_general_ci NOT NULL COMMENT '名称' ,
`f_tree_number`  varchar(100) CHARACTER SET utf8 COLLATE utf8_general_ci NOT NULL DEFAULT '0000' COMMENT '树编码' ,
`f_tree_level`  int(11) NOT NULL DEFAULT 0 COMMENT '树级别' ,
`f_tree_max`  varchar(10) CHARACTER SET utf8 COLLATE utf8_general_ci NOT NULL DEFAULT '0000' COMMENT '树子节点最大编码' ,
`f_creation_date`  datetime NOT NULL COMMENT '创建时间' ,
`f_refers`  int(11) NOT NULL DEFAULT 0 COMMENT '文档数量' ,
`f_views`  int(11) NOT NULL DEFAULT 0 COMMENT '浏览总数' ,
`f_is_real_node`  char(1) CHARACTER SET utf8 COLLATE utf8_general_ci NOT NULL DEFAULT '1' COMMENT '是否真实栏目' ,
`f_is_hidden`  char(1) CHARACTER SET utf8 COLLATE utf8_general_ci NOT NULL DEFAULT '0' COMMENT '是否隐藏' ,
`f_html_status`  char(1) CHARACTER SET utf8 COLLATE utf8_general_ci NOT NULL DEFAULT '0' COMMENT 'HTML状态(0:未开启,1:待生成,2:待更新,3:已生成)' ,
`f_p0`  tinyint(4) NULL DEFAULT NULL COMMENT '自定义0' ,
`f_p1`  tinyint(4) NULL DEFAULT NULL COMMENT '自定义1' ,
`f_p2`  tinyint(4) NULL DEFAULT NULL COMMENT '自定义2' ,
`f_p3`  tinyint(4) NULL DEFAULT NULL COMMENT '自定义3' ,
`f_p4`  tinyint(4) NULL DEFAULT NULL COMMENT '自定义4' ,
`f_p5`  tinyint(4) NULL DEFAULT NULL COMMENT '自定义5' ,
`f_p6`  tinyint(4) NULL DEFAULT NULL COMMENT '自定义6' ,
PRIMARY KEY (`f_node_id`),
FOREIGN KEY (`f_info_model_id`) REFERENCES `cms_model` (`f_model_id`) ON DELETE RESTRICT ON UPDATE RESTRICT,
FOREIGN KEY (`f_node_model_id`) REFERENCES `cms_model` (`f_model_id`) ON DELETE RESTRICT ON UPDATE RESTRICT,
FOREIGN KEY (`f_parent_id`) REFERENCES `cms_node` (`f_node_id`) ON DELETE RESTRICT ON UPDATE RESTRICT,
FOREIGN KEY (`f_site_id`) REFERENCES `cms_site` (`f_site_id`) ON DELETE RESTRICT ON UPDATE RESTRICT,
FOREIGN KEY (`f_creator_id`) REFERENCES `cms_user` (`f_user_id`) ON DELETE RESTRICT ON UPDATE RESTRICT,
FOREIGN KEY (`f_workflow_id`) REFERENCES `cms_workflow` (`f_workflow_id`) ON DELETE RESTRICT ON UPDATE RESTRICT,
INDEX `fk_cms_node_model_info` (`f_info_model_id`) USING BTREE ,
INDEX `fk_cms_node_model_node` (`f_node_model_id`) USING BTREE ,
INDEX `fk_cms_node_parent` (`f_parent_id`) USING BTREE ,
INDEX `fk_cms_node_site` (`f_site_id`) USING BTREE ,
INDEX `fk_cms_node_user_creator` (`f_creator_id`) USING BTREE ,
INDEX `fk_cms_node_workflow` (`f_workflow_id`) USING BTREE 
)
ENGINE=InnoDB
DEFAULT CHARACTER SET=utf8 COLLATE=utf8_general_ci
COMMENT='栏目表'

;

-- ----------------------------
-- Records of cms_node
-- ----------------------------
BEGIN;
INSERT INTO `cms_node` VALUES ('1', '1', null, '1', '1', null, '2', 'index', '首页', '0000', '0', '000a', '2013-02-21 20:59:27', '-43', '140', '1', '0', '0', null, null, null, null, null, null, null), ('36', '1', '1', '1', '3', null, '2', 'news', '新闻', '0000-0000', '1', '0004', '2013-03-04 22:18:36', '-9', '0', '1', '0', '0', null, null, null, null, null, null, null), ('38', '1', '36', '1', '3', null, '2', 'yule', '运行简报', '0000-0000-0002', '2', '0000', '2013-03-04 22:18:42', '-11', '0', '1', '0', '0', null, null, null, null, null, null, null), ('40', '1', '36', '1', '3', null, '2', 'sport', '科普宣传', '0000-0000-0003', '2', '0000', '2013-03-18 01:27:48', '-3', '0', '1', '0', '0', null, null, null, null, null, null, null), ('42', '1', '36', '1', '3', null, '2', 'domestic', '重大发现', '0000-0000-0000', '2', '0001', '2013-03-18 01:30:03', '-18', '0', '1', '0', '0', null, null, null, null, null, null, null), ('44', '1', '36', '1', '3', null, '2', null, '学术交流', '0000-0000-0001', '2', '0000', '2013-03-18 01:33:48', '-22', '0', '1', '0', '0', null, null, null, null, null, null, null), ('48', '1', '1', '1', '4', null, '5', 'photo', '图库', '0000-0003', '1', '0003', '2013-08-06 02:11:53', '2', '0', '1', '0', '0', null, null, null, null, null, null, null), ('49', '1', '1', '1', '6', null, '7', 'download', '下载', '0000-0005', '1', '0003', '2013-08-06 08:45:34', '1', '0', '1', '0', '0', null, null, null, null, null, null, null), ('51', '1', '1', '1', '8', null, '9', 'video', '视频', '0000-0004', '1', '0003', '2013-08-08 01:42:51', '0', '0', '1', '1', '0', null, null, null, null, null, null, null), ('52', '1', '1', '1', '10', null, '11', 'product', '暂现源', '0000-0002', '1', '0005', '2013-08-08 05:56:39', '1', '0', '1', '1', '0', null, null, null, null, null, null, null), ('67', '1', '1', '1', '16', null, null, 'guestbook', '留言', '0000-0008', '1', '0000', '2013-08-09 08:44:10', '0', '0', '0', '0', '0', null, null, null, null, null, null, null), ('68', '1', '1', '1', '16', null, null, 'bbs', '关于GWAC', '0000-0009', '1', '0000', '2013-08-14 06:41:58', '0', '0', '0', '0', '0', null, null, null, null, null, null, null), ('69', '1', '1', '1', '3', null, '2', 'jobs', '科研论文', '0000-0001', '1', '0000', '2014-03-18 14:13:23', '12', '0', '1', '0', '0', null, null, null, null, null, null, null), ('74', '1', '1', '1', '16', null, null, null, '专题', '0000-0007', '1', '0000', '2014-03-26 11:56:45', '0', '0', '0', '0', '0', null, null, null, null, null, null, null), ('77', '1', '49', '1', '6', null, '7', null, '共享数据', '0000-0005-0000', '2', '0000', '2014-04-01 16:58:31', '2', '0', '1', '0', '0', null, null, null, null, null, null, null), ('78', '1', '49', '1', '6', null, '7', null, 'GWAC数据', '0000-0005-0001', '2', '0000', '2014-04-01 16:59:19', '3', '0', '1', '0', '0', null, null, null, null, null, null, null), ('79', '1', '49', '1', '6', null, '7', null, '私有数据', '0000-0005-0002', '2', '0000', '2014-04-01 16:59:24', '5', '0', '1', '0', '0', null, null, null, null, null, null, null), ('80', '1', '51', '1', '8', null, '9', null, 'GWAC系统', '0000-0004-0000', '2', '0000', '2014-04-02 16:54:36', '0', '0', '1', '1', '0', null, null, null, null, null, null, null), ('81', '1', '51', '1', '8', null, '9', null, '科学发现', '0000-0004-0001', '2', '0000', '2014-04-02 16:54:42', '0', '0', '1', '1', '0', null, null, null, null, null, null, null), ('82', '1', '51', '1', '8', null, '23', null, '夜晚星空', '0000-0004-0002', '2', '0000', '2014-04-02 16:56:04', '0', '0', '1', '1', '0', null, null, null, null, null, null, null), ('83', '1', '52', '1', '10', null, '24', null, '微引力透镜', '0000-0002-0000', '2', '0000', '2014-04-02 16:59:26', '3', '0', '1', '1', '0', null, null, null, null, null, null, null), ('84', '1', '52', '1', '10', null, '25', null, '星系', '0000-0002-0001', '2', '0000', '2014-04-02 17:02:14', '2', '0', '1', '1', '0', null, null, null, null, null, null, null), ('85', '1', '52', '1', '10', null, '11', null, '系外行星', '0000-0002-0002', '2', '0000', '2014-04-02 17:02:26', '1', '0', '1', '1', '0', null, null, null, null, null, null, null), ('87', '1', '48', '1', '4', null, '5', null, '夜晚星空', '0000-0003-0002', '2', '0000', '2014-06-01 18:54:54', '1', '0', '1', '0', '0', null, null, null, null, null, null, null), ('88', '1', '48', '1', '4', null, '5', null, 'GWAC系统', '0000-0003-0000', '2', '0000', '2014-06-01 18:55:10', '2', '0', '1', '0', '0', null, null, null, null, null, null, null), ('90', '1', '48', '1', '4', null, '5', null, '科学发现', '0000-0003-0001', '2', '0000', '2014-06-01 18:58:27', '1', '0', '1', '0', '0', null, null, null, null, null, null, null), ('92', '1', '1', '1', '19', null, '20', 'doc', '文库', '0000-0006', '1', '0002', '2014-06-01 19:01:26', '0', '0', '1', '0', '0', null, null, null, null, null, null, null), ('93', '1', '92', '1', '19', null, '20', null, '共享文档', '0000-0006-0000', '2', '0000', '2014-06-01 19:02:34', '1', '0', '1', '0', '0', null, null, null, null, null, null, null), ('94', '1', '92', '1', '19', null, '20', null, '私有文档', '0000-0006-0001', '2', '0000', '2014-06-01 19:02:48', '1', '0', '1', '0', '0', null, null, null, null, null, null, null), ('95', '1', '52', '1', '10', null, '26', null, '流星', '0000-0002-0003', '2', '0000', '2014-12-17 12:01:36', '1', '0', '1', '1', '0', null, null, null, null, null, null, null), ('96', '1', '52', '1', '10', null, '27', null, 'GWAC暂现源', '0000-0002-0004', '2', '0000', '2014-12-17 12:02:24', '1', '0', '1', '1', '0', null, null, null, null, null, null, null);
COMMIT;

-- ----------------------------
-- Table structure for cms_node_buffer
-- ----------------------------
DROP TABLE IF EXISTS `cms_node_buffer`;
CREATE TABLE `cms_node_buffer` (
`f_node_id`  int(11) NOT NULL ,
`f_views`  int(11) NOT NULL COMMENT '浏览次数' ,
PRIMARY KEY (`f_node_id`),
FOREIGN KEY (`f_node_id`) REFERENCES `cms_node` (`f_node_id`) ON DELETE RESTRICT ON UPDATE RESTRICT
)
ENGINE=InnoDB
DEFAULT CHARACTER SET=utf8 COLLATE=utf8_general_ci
COMMENT='栏目缓冲表'

;

-- ----------------------------
-- Records of cms_node_buffer
-- ----------------------------
BEGIN;
INSERT INTO `cms_node_buffer` VALUES ('1', '7'), ('38', '5'), ('42', '1'), ('44', '2'), ('48', '0'), ('49', '0'), ('51', '0'), ('52', '0'), ('67', '0'), ('68', '0'), ('69', '0'), ('74', '0'), ('77', '0'), ('78', '0'), ('79', '0'), ('80', '0'), ('81', '0'), ('82', '0'), ('83', '0'), ('84', '0'), ('85', '0'), ('87', '0'), ('88', '0'), ('90', '0'), ('92', '0'), ('93', '0'), ('94', '0'), ('95', '0'), ('96', '0');
COMMIT;

-- ----------------------------
-- Table structure for cms_node_clob
-- ----------------------------
DROP TABLE IF EXISTS `cms_node_clob`;
CREATE TABLE `cms_node_clob` (
`f_node_id`  int(11) NOT NULL ,
`f_key`  varchar(50) CHARACTER SET utf8 COLLATE utf8_general_ci NOT NULL COMMENT '键' ,
`f_value`  mediumtext CHARACTER SET utf8 COLLATE utf8_general_ci NULL COMMENT '值' ,
FOREIGN KEY (`f_node_id`) REFERENCES `cms_node` (`f_node_id`) ON DELETE RESTRICT ON UPDATE RESTRICT,
INDEX `fk_cms_nodeclob_node` (`f_node_id`) USING BTREE 
)
ENGINE=InnoDB
DEFAULT CHARACTER SET=utf8 COLLATE=utf8_general_ci
COMMENT='栏目大字段表'

;

-- ----------------------------
-- Records of cms_node_clob
-- ----------------------------
BEGIN;
COMMIT;

-- ----------------------------
-- Table structure for cms_node_custom
-- ----------------------------
DROP TABLE IF EXISTS `cms_node_custom`;
CREATE TABLE `cms_node_custom` (
`f_node_id`  int(11) NOT NULL ,
`f_key`  varchar(50) CHARACTER SET utf8 COLLATE utf8_general_ci NOT NULL COMMENT '键' ,
`f_value`  varchar(2000) CHARACTER SET utf8 COLLATE utf8_general_ci NULL DEFAULT NULL COMMENT '值' ,
FOREIGN KEY (`f_node_id`) REFERENCES `cms_node` (`f_node_id`) ON DELETE RESTRICT ON UPDATE RESTRICT,
INDEX `fk_cms_nodecustom_node` (`f_node_id`) USING BTREE 
)
ENGINE=InnoDB
DEFAULT CHARACTER SET=utf8 COLLATE=utf8_general_ci
COMMENT='栏目自定义表'

;

-- ----------------------------
-- Records of cms_node_custom
-- ----------------------------
BEGIN;
COMMIT;

-- ----------------------------
-- Table structure for cms_node_detail
-- ----------------------------
DROP TABLE IF EXISTS `cms_node_detail`;
CREATE TABLE `cms_node_detail` (
`f_node_id`  int(11) NOT NULL ,
`f_link`  varchar(255) CHARACTER SET utf8 COLLATE utf8_general_ci NULL DEFAULT NULL COMMENT '转向链接' ,
`f_html`  varchar(255) CHARACTER SET utf8 COLLATE utf8_general_ci NULL DEFAULT NULL COMMENT 'HTML页面' ,
`f_mobile_html`  varchar(255) CHARACTER SET utf8 COLLATE utf8_general_ci NULL DEFAULT NULL COMMENT '手机端HTML页面' ,
`f_meta_keywords`  varchar(150) CHARACTER SET utf8 COLLATE utf8_general_ci NULL DEFAULT NULL COMMENT '关键字' ,
`f_meta_description`  varchar(450) CHARACTER SET utf8 COLLATE utf8_general_ci NULL DEFAULT NULL COMMENT '描述' ,
`f_is_new_window`  char(1) CHARACTER SET utf8 COLLATE utf8_general_ci NULL DEFAULT NULL COMMENT '是否在新窗口打开' ,
`f_node_template`  varchar(255) CHARACTER SET utf8 COLLATE utf8_general_ci NULL DEFAULT NULL COMMENT '栏目模板' ,
`f_info_template`  varchar(255) CHARACTER SET utf8 COLLATE utf8_general_ci NULL DEFAULT NULL COMMENT '文档模板' ,
`f_is_generate_node`  char(1) CHARACTER SET utf8 COLLATE utf8_general_ci NULL DEFAULT NULL COMMENT '是否生成栏目页' ,
`f_is_generate_info`  char(1) CHARACTER SET utf8 COLLATE utf8_general_ci NULL DEFAULT NULL COMMENT '是否生成文档页' ,
`f_node_extension`  varchar(10) CHARACTER SET utf8 COLLATE utf8_general_ci NULL DEFAULT NULL COMMENT '栏目页扩展名' ,
`f_info_extension`  varchar(10) CHARACTER SET utf8 COLLATE utf8_general_ci NULL DEFAULT NULL COMMENT '文档页扩展名' ,
`f_node_path`  varchar(100) CHARACTER SET utf8 COLLATE utf8_general_ci NULL DEFAULT NULL COMMENT '栏目路径' ,
`f_info_path`  varchar(100) CHARACTER SET utf8 COLLATE utf8_general_ci NULL DEFAULT NULL COMMENT '文档路径' ,
`f_is_def_page`  char(1) CHARACTER SET utf8 COLLATE utf8_general_ci NULL DEFAULT NULL COMMENT '是否默认页' ,
`f_static_method`  int(11) NULL DEFAULT NULL COMMENT '静态页生成方式(0:手动生成;1:自动生成栏目页;2:自动生成文档页及栏目页;3:自动生成文档页、栏目页、父栏目页、首页)' ,
`f_static_page`  int(11) NULL DEFAULT NULL COMMENT '栏目列表静态化页数' ,
`f_small_image`  varchar(255) CHARACTER SET utf8 COLLATE utf8_general_ci NULL DEFAULT NULL COMMENT '小图' ,
`f_large_image`  varchar(255) CHARACTER SET utf8 COLLATE utf8_general_ci NULL DEFAULT NULL COMMENT '大图' ,
PRIMARY KEY (`f_node_id`),
FOREIGN KEY (`f_node_id`) REFERENCES `cms_node` (`f_node_id`) ON DELETE RESTRICT ON UPDATE RESTRICT
)
ENGINE=InnoDB
DEFAULT CHARACTER SET=utf8 COLLATE=utf8_general_ci
COMMENT='栏目详细表'

;

-- ----------------------------
-- Records of cms_node_detail
-- ----------------------------
BEGIN;
INSERT INTO `cms_node_detail` VALUES ('1', null, null, null, null, null, null, null, null, null, null, null, null, '/index', '/{node_number}/{info_id}', '1', null, '1', null, null), ('36', null, null, null, null, null, null, null, null, null, null, null, null, null, null, null, null, null, null, null), ('38', null, null, null, null, null, null, null, null, null, null, null, null, null, null, null, null, null, null, null), ('40', null, null, null, null, null, null, null, null, null, null, null, null, null, null, null, null, null, null, null), ('42', null, null, null, null, null, null, null, null, '0', '0', '.html', '.html', '/news/{node_number}/index', '/news/{node_number}/{info_id}', '1', '4', '1', null, null), ('44', null, null, null, null, null, null, null, null, null, null, null, null, null, null, null, null, null, null, null), ('48', null, null, null, null, null, null, null, null, null, null, null, null, null, null, null, null, null, null, null), ('49', null, null, null, null, null, '0', null, null, null, null, null, null, '/{node_number}/index', '/{node_number}/{info_id}', null, null, null, null, null), ('51', null, null, null, null, null, null, null, null, null, null, null, null, null, null, null, null, null, null, null), ('52', null, null, null, null, null, null, null, null, null, null, null, null, null, null, null, null, null, null, null), ('67', '/guestbook', null, null, null, null, null, null, null, null, null, null, null, null, null, null, null, null, null, null), ('68', '/info/262', null, null, null, null, null, null, null, null, null, null, null, null, null, null, null, null, null, null), ('69', null, null, null, null, null, null, null, null, '0', '0', '.html', '.html', '/paper/{node_number}/index', '/paper/{node_number}/{info_id}', '1', '4', '1', null, null), ('74', '/special_category', null, null, null, null, null, null, null, null, null, null, null, null, null, null, null, null, null, null), ('77', null, null, null, null, null, null, null, null, null, null, null, null, null, null, null, null, null, null, null), ('78', null, null, null, null, null, null, null, null, null, null, null, null, '/{node_number}/index', '/{node_number}/{info_id}', null, null, null, null, null), ('79', null, null, null, null, null, null, null, null, null, null, null, null, null, null, null, null, null, null, null), ('80', null, null, null, null, null, null, null, null, null, null, null, null, null, null, null, null, null, null, null), ('81', null, null, null, null, null, null, null, null, null, null, null, null, null, null, null, null, null, null, null), ('82', null, null, null, null, null, null, null, null, null, null, null, null, null, null, null, null, null, null, null), ('83', null, null, null, null, null, null, null, null, null, null, null, null, null, null, null, null, null, null, null), ('84', null, null, null, null, null, null, null, null, null, null, null, null, null, null, null, null, null, null, null), ('85', null, null, null, null, null, null, null, null, null, null, null, null, null, null, null, null, null, null, null), ('87', null, null, null, null, null, null, null, null, null, null, null, null, null, null, null, null, null, null, null), ('88', null, null, null, null, null, null, null, null, null, null, null, null, null, null, null, null, null, null, null), ('90', null, null, null, null, null, null, null, null, null, null, null, null, null, null, null, null, null, null, null), ('92', null, null, null, null, null, null, null, null, null, null, null, null, null, null, null, null, null, null, null), ('93', null, null, null, null, null, null, null, null, null, null, null, null, null, null, null, null, null, null, null), ('94', null, null, null, null, null, null, null, null, null, null, null, null, null, null, null, null, null, null, null), ('95', null, null, null, null, null, null, null, null, null, null, null, null, null, null, null, null, null, null, null), ('96', null, null, null, null, null, null, null, null, null, null, null, null, null, null, null, null, null, null, null);
COMMIT;

-- ----------------------------
-- Table structure for cms_node_membergroup
-- ----------------------------
DROP TABLE IF EXISTS `cms_node_membergroup`;
CREATE TABLE `cms_node_membergroup` (
`f_node_id`  int(11) NOT NULL ,
`f_membergroup_id`  int(11) NOT NULL ,
`f_is_view_perm`  char(1) CHARACTER SET utf8 COLLATE utf8_general_ci NOT NULL DEFAULT '1' COMMENT '是否有浏览权限' ,
`f_is_contri_perm`  char(1) CHARACTER SET utf8 COLLATE utf8_general_ci NOT NULL DEFAULT '1' COMMENT '是否有投稿权限' ,
`f_is_comment_perm`  char(1) CHARACTER SET utf8 COLLATE utf8_general_ci NOT NULL DEFAULT '1' COMMENT '是否有评论权限' ,
FOREIGN KEY (`f_membergroup_id`) REFERENCES `cms_member_group` (`f_membergroup_id`) ON DELETE RESTRICT ON UPDATE RESTRICT,
FOREIGN KEY (`f_node_id`) REFERENCES `cms_node` (`f_node_id`) ON DELETE RESTRICT ON UPDATE RESTRICT,
INDEX `fk_cms_nodemgroup_group` (`f_membergroup_id`) USING BTREE ,
INDEX `fk_cms_nodemgroup_node` (`f_node_id`) USING BTREE 
)
ENGINE=InnoDB
DEFAULT CHARACTER SET=utf8 COLLATE=utf8_general_ci
COMMENT='栏目与用户组权限表'

;

-- ----------------------------
-- Records of cms_node_membergroup
-- ----------------------------
BEGIN;
INSERT INTO `cms_node_membergroup` VALUES ('1', '1', '1', '1', '1'), ('36', '1', '1', '1', '1'), ('42', '1', '1', '1', '1'), ('44', '1', '1', '1', '0'), ('48', '1', '1', '1', '1'), ('51', '1', '1', '1', '1'), ('38', '1', '1', '1', '1'), ('40', '1', '1', '1', '1'), ('52', '1', '1', '1', '1'), ('49', '1', '1', '1', '1'), ('68', '1', '1', '1', '1'), ('67', '1', '1', '1', '1'), ('1', '0', '1', '1', '1'), ('36', '0', '1', '1', '1'), ('42', '0', '1', '1', '1'), ('44', '0', '1', '1', '1'), ('48', '0', '1', '1', '1'), ('51', '0', '0', '1', '1'), ('38', '0', '1', '1', '1'), ('40', '0', '1', '1', '1'), ('52', '0', '0', '1', '1'), ('49', '0', '0', '1', '1'), ('68', '0', '1', '1', '1'), ('67', '0', '1', '1', '1'), ('69', '0', '1', '0', '0'), ('69', '1', '1', '0', '0'), ('74', '0', '0', '1', '1'), ('74', '1', '1', '1', '1'), ('77', '0', '0', '1', '1'), ('77', '1', '1', '1', '1'), ('78', '0', '0', '1', '1'), ('78', '1', '0', '1', '1'), ('79', '0', '0', '1', '1'), ('79', '1', '0', '1', '1'), ('80', '0', '1', '1', '1'), ('80', '1', '1', '1', '1'), ('81', '0', '1', '1', '1'), ('81', '1', '1', '1', '1'), ('82', '0', '1', '1', '1'), ('82', '1', '1', '1', '1'), ('83', '0', '0', '1', '1'), ('83', '1', '1', '1', '1'), ('84', '0', '0', '1', '1'), ('84', '1', '1', '1', '1'), ('85', '0', '0', '1', '1'), ('85', '1', '1', '1', '1'), ('87', '0', '1', '1', '1'), ('87', '1', '1', '1', '1'), ('88', '0', '1', '1', '1'), ('88', '1', '1', '1', '1'), ('90', '0', '1', '1', '1'), ('90', '1', '1', '1', '1'), ('92', '0', '0', '1', '1'), ('92', '1', '1', '1', '1'), ('93', '0', '0', '1', '1'), ('93', '1', '1', '1', '1'), ('94', '0', '0', '1', '1'), ('94', '1', '0', '1', '1'), ('95', '0', '0', '1', '1'), ('95', '1', '1', '1', '1'), ('96', '0', '0', '1', '1'), ('96', '1', '1', '1', '1'), ('44', '13', '1', '1', '1'), ('42', '13', '1', '1', '1'), ('40', '13', '1', '1', '1'), ('38', '13', '1', '1', '1'), ('69', '13', '1', '1', '1'), ('36', '13', '1', '1', '1'), ('67', '13', '1', '1', '1'), ('1', '13', '1', '1', '1'), ('96', '13', '1', '1', '1'), ('94', '13', '1', '1', '1'), ('92', '13', '1', '1', '1'), ('90', '13', '1', '1', '1'), ('88', '13', '1', '1', '1'), ('84', '13', '1', '1', '1'), ('51', '13', '1', '1', '1'), ('82', '13', '1', '1', '1'), ('49', '13', '1', '1', '1'), ('80', '13', '1', '1', '1'), ('78', '13', '1', '1', '1'), ('74', '13', '1', '1', '1'), ('68', '13', '1', '1', '1'), ('95', '13', '1', '1', '1'), ('93', '13', '1', '1', '1'), ('87', '13', '1', '1', '1'), ('85', '13', '1', '1', '1'), ('52', '13', '1', '1', '1'), ('83', '13', '1', '1', '1'), ('81', '13', '1', '1', '1'), ('48', '13', '1', '1', '1'), ('79', '13', '1', '1', '1'), ('77', '13', '1', '1', '1');
COMMIT;

-- ----------------------------
-- Table structure for cms_node_org
-- ----------------------------
DROP TABLE IF EXISTS `cms_node_org`;
CREATE TABLE `cms_node_org` (
`f_org_id`  int(11) NOT NULL ,
`f_node_id`  int(11) NOT NULL ,
`f_is_view_perm`  char(1) CHARACTER SET utf8 COLLATE utf8_general_ci NOT NULL DEFAULT '0' COMMENT '是否有浏览权限' ,
FOREIGN KEY (`f_node_id`) REFERENCES `cms_node` (`f_node_id`) ON DELETE RESTRICT ON UPDATE RESTRICT,
FOREIGN KEY (`f_org_id`) REFERENCES `cms_org` (`f_org_id`) ON DELETE RESTRICT ON UPDATE RESTRICT,
INDEX `fk_cms_nodeorg_node` (`f_node_id`) USING BTREE ,
INDEX `fk_cms_nodeorg_org` (`f_org_id`) USING BTREE 
)
ENGINE=InnoDB
DEFAULT CHARACTER SET=utf8 COLLATE=utf8_general_ci
COMMENT='栏目与组织权限表'

;

-- ----------------------------
-- Records of cms_node_org
-- ----------------------------
BEGIN;
INSERT INTO `cms_node_org` VALUES ('1', '69', '0'), ('1', '67', '0'), ('1', '68', '0'), ('1', '48', '0'), ('1', '74', '0'), ('1', '77', '0'), ('1', '78', '0'), ('1', '79', '0'), ('1', '80', '0'), ('1', '81', '0'), ('1', '82', '0'), ('1', '83', '0'), ('1', '84', '0'), ('1', '85', '0'), ('1', '1', '0');
COMMIT;

-- ----------------------------
-- Table structure for cms_node_role
-- ----------------------------
DROP TABLE IF EXISTS `cms_node_role`;
CREATE TABLE `cms_node_role` (
`f_node_id`  int(11) NOT NULL ,
`f_role_id`  int(11) NOT NULL ,
`f_is_node_perm`  char(1) CHARACTER SET utf8 COLLATE utf8_general_ci NOT NULL DEFAULT '1' COMMENT '栏目权限' ,
`f_is_info_perm`  char(1) CHARACTER SET utf8 COLLATE utf8_general_ci NOT NULL DEFAULT '1' COMMENT '文档权限' ,
FOREIGN KEY (`f_node_id`) REFERENCES `cms_node` (`f_node_id`) ON DELETE RESTRICT ON UPDATE RESTRICT,
FOREIGN KEY (`f_role_id`) REFERENCES `cms_role` (`f_role_id`) ON DELETE RESTRICT ON UPDATE RESTRICT,
INDEX `fk_cms_noderole_node` (`f_node_id`) USING BTREE ,
INDEX `fk_cms_noderole_role` (`f_role_id`) USING BTREE 
)
ENGINE=InnoDB
DEFAULT CHARACTER SET=utf8 COLLATE=utf8_general_ci
COMMENT='栏目与角色权限表'

;

-- ----------------------------
-- Records of cms_node_role
-- ----------------------------
BEGIN;
INSERT INTO `cms_node_role` VALUES ('1', '1', '0', '0'), ('36', '1', '1', '0'), ('42', '1', '1', '0'), ('44', '1', '1', '0'), ('48', '1', '1', '0'), ('51', '1', '1', '0'), ('38', '1', '1', '0'), ('40', '1', '1', '0'), ('52', '1', '1', '0'), ('49', '1', '1', '0'), ('68', '1', '1', '0'), ('67', '1', '1', '0'), ('69', '1', '1', '0'), ('74', '1', '1', '0'), ('77', '1', '1', '0'), ('78', '1', '1', '0'), ('79', '1', '1', '0'), ('80', '1', '1', '0'), ('81', '1', '1', '0'), ('82', '1', '1', '0'), ('83', '1', '1', '0'), ('84', '1', '1', '0'), ('85', '1', '1', '0'), ('87', '1', '1', '0'), ('88', '1', '1', '0'), ('90', '1', '1', '0'), ('92', '1', '1', '0'), ('93', '1', '1', '0'), ('94', '1', '1', '0'), ('95', '1', '1', '0'), ('96', '1', '1', '0'), ('1', '17', '0', '1'), ('36', '17', '0', '1'), ('42', '17', '0', '1'), ('44', '17', '0', '1'), ('38', '17', '0', '1'), ('40', '17', '0', '1'), ('48', '17', '0', '1'), ('88', '17', '0', '1'), ('90', '17', '0', '1'), ('87', '17', '0', '1'), ('51', '17', '0', '1'), ('80', '17', '0', '1'), ('81', '17', '0', '1'), ('82', '17', '0', '1'), ('52', '17', '0', '1'), ('83', '17', '0', '1'), ('84', '17', '0', '1'), ('85', '17', '0', '1'), ('95', '17', '0', '1'), ('96', '17', '0', '1'), ('49', '17', '0', '1'), ('77', '17', '0', '1'), ('78', '17', '0', '1'), ('79', '17', '0', '1'), ('92', '17', '0', '1'), ('93', '17', '0', '1'), ('94', '17', '0', '1'), ('74', '17', '0', '0'), ('69', '17', '0', '1'), ('67', '17', '0', '0'), ('68', '17', '0', '0');
COMMIT;

-- ----------------------------
-- Table structure for cms_notification
-- ----------------------------
DROP TABLE IF EXISTS `cms_notification`;
CREATE TABLE `cms_notification` (
`notification_id_`  int(11) NOT NULL ,
`receiver_id_`  int(11) NOT NULL COMMENT '接收者' ,
`type_`  varchar(50) CHARACTER SET utf8 COLLATE utf8_general_ci NOT NULL COMMENT '类别' ,
`key_`  int(11) NOT NULL COMMENT 'KEY' ,
`qty_`  int(11) NOT NULL DEFAULT 0 COMMENT '数量' ,
`url_`  varchar(255) CHARACTER SET utf8 COLLATE utf8_general_ci NULL DEFAULT NULL COMMENT 'URL' ,
`backend_url_`  varchar(255) CHARACTER SET utf8 COLLATE utf8_general_ci NULL DEFAULT NULL COMMENT '后端URL' ,
`text_`  varchar(2000) CHARACTER SET utf8 COLLATE utf8_general_ci NOT NULL COMMENT '通知正文' ,
`send_time_`  datetime NOT NULL COMMENT '通知时间' ,
PRIMARY KEY (`notification_id_`),
FOREIGN KEY (`receiver_id_`) REFERENCES `cms_user` (`f_user_id`) ON DELETE RESTRICT ON UPDATE RESTRICT,
INDEX `fk_cms_notification_receiver` (`receiver_id_`) USING BTREE 
)
ENGINE=InnoDB
DEFAULT CHARACTER SET=utf8 COLLATE=utf8_general_ci
COMMENT='通知表'

;

-- ----------------------------
-- Records of cms_notification
-- ----------------------------
BEGIN;
COMMIT;

-- ----------------------------
-- Table structure for cms_notification_source
-- ----------------------------
DROP TABLE IF EXISTS `cms_notification_source`;
CREATE TABLE `cms_notification_source` (
`notification_id_`  int(11) NOT NULL ,
`source_`  varchar(255) CHARACTER SET utf8 COLLATE utf8_general_ci NOT NULL ,
`source_order_`  int(11) NOT NULL ,
FOREIGN KEY (`notification_id_`) REFERENCES `cms_notification` (`notification_id_`) ON DELETE RESTRICT ON UPDATE RESTRICT,
INDEX `fk_cms_notificationkey_notifi` (`notification_id_`) USING BTREE 
)
ENGINE=InnoDB
DEFAULT CHARACTER SET=utf8 COLLATE=utf8_general_ci
COMMENT='通知来源表'

;

-- ----------------------------
-- Records of cms_notification_source
-- ----------------------------
BEGIN;
COMMIT;

-- ----------------------------
-- Table structure for cms_operation_log
-- ----------------------------
DROP TABLE IF EXISTS `cms_operation_log`;
CREATE TABLE `cms_operation_log` (
`f_operation_id`  int(11) NOT NULL ,
`f_user_id`  int(11) NOT NULL COMMENT '操作人' ,
`f_site_id`  int(11) NOT NULL COMMENT '站点' ,
`f_name`  varchar(150) CHARACTER SET utf8 COLLATE utf8_general_ci NOT NULL COMMENT '名称' ,
`f_data_id`  int(11) NULL DEFAULT NULL COMMENT '数据ID' ,
`f_description`  varchar(255) CHARACTER SET utf8 COLLATE utf8_general_ci NULL DEFAULT NULL COMMENT '描述' ,
`f_text`  mediumtext CHARACTER SET utf8 COLLATE utf8_general_ci NULL COMMENT '详情' ,
`f_ip`  varchar(100) CHARACTER SET utf8 COLLATE utf8_general_ci NOT NULL COMMENT 'IP' ,
`f_country`  varchar(100) CHARACTER SET utf8 COLLATE utf8_general_ci NULL DEFAULT NULL COMMENT '国家' ,
`f_area`  varchar(100) CHARACTER SET utf8 COLLATE utf8_general_ci NULL DEFAULT NULL COMMENT '地区' ,
`f_time`  datetime NOT NULL COMMENT '时间' ,
`f_type`  int(11) NOT NULL DEFAULT 1 COMMENT '类型(1:操作日志,2:登录日志,3:登录失败)' ,
PRIMARY KEY (`f_operation_id`),
FOREIGN KEY (`f_site_id`) REFERENCES `cms_site` (`f_site_id`) ON DELETE RESTRICT ON UPDATE RESTRICT,
FOREIGN KEY (`f_user_id`) REFERENCES `cms_user` (`f_user_id`) ON DELETE RESTRICT ON UPDATE RESTRICT,
INDEX `fk_cms_operationlog_site` (`f_site_id`) USING BTREE ,
INDEX `fk_cms_operationlog_user` (`f_user_id`) USING BTREE 
)
ENGINE=InnoDB
DEFAULT CHARACTER SET=utf8 COLLATE=utf8_general_ci
COMMENT='操作日志表'

;

-- ----------------------------
-- Records of cms_operation_log
-- ----------------------------
BEGIN;
INSERT INTO `cms_operation_log` VALUES ('1927', '0', '1', 'login.failure', null, 'xy:123', null, '127.0.0.1', 'LAN', 'LAN', '2018-07-27 03:31:19', '2'), ('1928', '1', '1', 'login.success', null, null, null, '127.0.0.1', 'LAN', 'LAN', '2018-07-27 03:31:47', '2'), ('1929', '1', '1', 'login.logout', null, null, null, '127.0.0.1', 'LAN', 'LAN', '2018-07-27 03:33:42', '2'), ('1930', '31', '1', 'login.success', null, null, null, '127.0.0.1', 'LAN', 'LAN', '2018-07-27 03:33:50', '2'), ('1931', '31', '1', 'login.logout', null, null, null, '127.0.0.1', 'LAN', 'LAN', '2018-07-27 03:35:21', '2'), ('1932', '1', '1', 'login.success', null, null, null, '127.0.0.1', 'LAN', 'LAN', '2018-07-27 03:35:32', '2'), ('1933', '1', '1', 'opr.info.auditPass', '221', ' 系统工具测试', null, '127.0.0.1', 'LAN', 'LAN', '2018-07-27 03:43:05', '1'), ('1934', '1', '1', 'login.logout', null, null, null, '127.0.0.1', 'LAN', 'LAN', '2018-07-27 03:52:37', '2'), ('1935', '1', '1', 'login.success', null, null, null, '127.0.0.1', 'LAN', 'LAN', '2018-07-27 03:54:04', '2'), ('1936', '1', '1', 'opr.html.makeHome', '1', '首页', null, '127.0.0.1', 'LAN', 'LAN', '2018-07-27 03:59:01', '1'), ('1937', '1', '1', 'login.logout', null, null, null, '127.0.0.1', 'LAN', 'LAN', '2018-07-27 03:59:33', '2'), ('1938', '31', '1', 'login.success', null, null, null, '127.0.0.1', 'LAN', 'LAN', '2018-07-27 03:59:39', '2'), ('1939', '31', '1', 'login.logout', null, null, null, '127.0.0.1', 'LAN', 'LAN', '2018-07-27 04:00:34', '2'), ('1940', '1', '1', 'login.success', null, null, null, '127.0.0.1', 'LAN', 'LAN', '2018-07-27 04:00:42', '2'), ('1941', '1', '1', 'opr.role.add', '17', '普通用户', null, '127.0.0.1', 'LAN', 'LAN', '2018-07-27 04:07:17', '1'), ('1942', '1', '1', 'login.logout', null, null, null, '127.0.0.1', 'LAN', 'LAN', '2018-07-27 04:07:27', '2'), ('1943', '31', '1', 'login.success', null, null, null, '127.0.0.1', 'LAN', 'LAN', '2018-07-27 04:07:39', '2'), ('1944', '31', '1', 'login.logout', null, null, null, '127.0.0.1', 'LAN', 'LAN', '2018-07-27 04:07:57', '2'), ('1945', '1', '1', 'login.success', null, null, null, '127.0.0.1', 'LAN', 'LAN', '2018-07-27 04:08:05', '2'), ('1946', '1', '1', 'opr.user.edit', '31', 'xyag', null, '127.0.0.1', 'LAN', 'LAN', '2018-07-27 04:09:31', '1'), ('1947', '1', '1', 'opr.role.edit', '17', '普通用户', null, '127.0.0.1', 'LAN', 'LAN', '2018-07-27 04:10:05', '1'), ('1948', '1', '1', 'opr.org.batchEdit', '1', '国家天文台', null, '127.0.0.1', 'LAN', 'LAN', '2018-07-27 04:10:36', '1'), ('1949', '1', '1', 'opr.org.add', '15', '上海天文台', null, '127.0.0.1', 'LAN', 'LAN', '2018-07-27 04:13:06', '1'), ('1950', '1', '1', 'opr.org.edit', '15', '上海天文台', null, '127.0.0.1', 'LAN', 'LAN', '2018-07-27 04:13:08', '1'), ('1951', '1', '1', 'opr.org.add', '16', '云南天文台', null, '127.0.0.1', 'LAN', 'LAN', '2018-07-27 04:14:52', '1'), ('1952', '1', '1', 'opr.org.edit', '1', '国家天文台', null, '127.0.0.1', 'LAN', 'LAN', '2018-07-27 04:17:57', '1'), ('1953', '1', '1', 'opr.org.edit', '1', '国家天文台', null, '127.0.0.1', 'LAN', 'LAN', '2018-07-27 04:19:04', '1'), ('1954', '1', '1', 'opr.org.batchEdit', '1', '国家天文台', null, '127.0.0.1', 'LAN', 'LAN', '2018-07-27 04:19:31', '1'), ('1955', '1', '1', 'opr.org.batchEdit', '15', '上海天文台', null, '127.0.0.1', 'LAN', 'LAN', '2018-07-27 04:19:31', '1'), ('1956', '1', '1', 'opr.org.batchEdit', '16', '云南天文台', null, '127.0.0.1', 'LAN', 'LAN', '2018-07-27 04:19:31', '1'), ('1957', '1', '1', 'opr.org.add', '25', '广西大学', null, '127.0.0.1', 'LAN', 'LAN', '2018-07-27 04:28:02', '1'), ('1967', '1', '1', 'opr.confSite.baseEdit', '1', 'GWAC科学产品管理系统', null, '127.0.0.1', 'LAN', 'LAN', '2018-07-27 05:25:51', '1'), ('1977', '1', '1', 'login.success', null, null, null, '127.0.0.1', 'LAN', 'LAN', '2018-07-27 05:33:27', '2'), ('1978', '1', '1', 'opr.confSite.baseEdit', '1', 'GWAC科学产品管理系统', null, '127.0.0.1', 'LAN', 'LAN', '2018-07-27 05:33:52', '1'), ('1979', '1', '1', 'opr.confSite.customEdit', '1', 'GWAC科学产品管理系统', null, '127.0.0.1', 'LAN', 'LAN', '2018-07-27 05:37:47', '1'), ('1980', '1', '1', 'opr.confSite.watermarkEdit', '1', 'GWAC科学产品管理系统', null, '127.0.0.1', 'LAN', 'LAN', '2018-07-27 05:38:02', '1'), ('1981', '1', '1', 'opr.html.makeHome', '1', '首页', null, '127.0.0.1', 'LAN', 'LAN', '2018-07-27 05:38:35', '1'), ('1982', '1', '1', 'opr.org.batchEdit', '1', 'GWAC', null, '127.0.0.1', 'LAN', 'LAN', '2018-07-27 05:40:28', '1'), ('1983', '1', '1', 'opr.org.batchEdit', '15', '上海天文台', null, '127.0.0.1', 'LAN', 'LAN', '2018-07-27 05:40:28', '1'), ('1984', '1', '1', 'opr.org.batchEdit', '16', '云南天文台', null, '127.0.0.1', 'LAN', 'LAN', '2018-07-27 05:40:28', '1'), ('1985', '1', '1', 'opr.org.add', '35', '国家天文台', null, '127.0.0.1', 'LAN', 'LAN', '2018-07-27 05:40:39', '1'), ('1986', '1', '1', 'opr.org.edit', '35', '国家天文台', null, '127.0.0.1', 'LAN', 'LAN', '2018-07-27 05:40:41', '1'), ('1987', '1', '1', 'opr.org.batchEdit', '1', 'GWAC', null, '127.0.0.1', 'LAN', 'LAN', '2018-07-27 05:40:53', '1'), ('1988', '1', '1', 'opr.org.batchEdit', '35', '国家天文台', null, '127.0.0.1', 'LAN', 'LAN', '2018-07-27 05:40:53', '1'), ('1989', '1', '1', 'opr.org.batchEdit', '15', '上海天文台', null, '127.0.0.1', 'LAN', 'LAN', '2018-07-27 05:40:53', '1'), ('1990', '1', '1', 'opr.org.batchEdit', '16', '云南天文台', null, '127.0.0.1', 'LAN', 'LAN', '2018-07-27 05:40:53', '1'), ('1991', '1', '1', 'opr.org.add', '36', '广西大学', null, '127.0.0.1', 'LAN', 'LAN', '2018-07-27 05:41:27', '1'), ('1992', '1', '1', 'opr.org.add', '37', '淮北师范大学', null, '127.0.0.1', 'LAN', 'LAN', '2018-07-27 05:42:31', '1'), ('1993', '1', '1', 'opr.user.edit', '31', 'xyag', null, '127.0.0.1', 'LAN', 'LAN', '2018-07-27 05:43:33', '1'), ('1994', '1', '1', 'opr.user.add', '41', 'xy', null, '127.0.0.1', 'LAN', 'LAN', '2018-07-27 05:46:08', '1'), ('1995', '1', '1', 'opr.user.edit', '31', 'xyag', null, '127.0.0.1', 'LAN', 'LAN', '2018-07-27 05:46:58', '1'), ('1996', '1', '1', 'opr.role.add', '27', '角色2', null, '127.0.0.1', 'LAN', 'LAN', '2018-07-27 05:48:00', '1'), ('1997', '1', '1', 'opr.role.add', '28', '角色3', null, '127.0.0.1', 'LAN', 'LAN', '2018-07-27 05:48:33', '1'), ('1998', '1', '1', 'opr.role.add', '29', '角色3', null, '127.0.0.1', 'LAN', 'LAN', '2018-07-27 05:48:46', '1'), ('1999', '1', '1', 'opr.role.edit', '17', '普通用户', null, '127.0.0.1', 'LAN', 'LAN', '2018-07-27 05:52:22', '1'), ('2000', '1', '1', 'opr.role.edit', '27', '角色2', null, '127.0.0.1', 'LAN', 'LAN', '2018-07-27 05:52:50', '1'), ('2001', '1', '1', 'opr.role.batchEdit', '1', '管理员', null, '127.0.0.1', 'LAN', 'LAN', '2018-07-27 05:54:17', '1'), ('2002', '1', '1', 'opr.role.batchEdit', '17', '普通用户', null, '127.0.0.1', 'LAN', 'LAN', '2018-07-27 05:54:17', '1'), ('2003', '1', '1', 'opr.role.batchEdit', '27', '功能角色', null, '127.0.0.1', 'LAN', 'LAN', '2018-07-27 05:54:17', '1'), ('2004', '1', '1', 'opr.role.batchEdit', '28', '栏目角色', null, '127.0.0.1', 'LAN', 'LAN', '2018-07-27 05:54:17', '1'), ('2005', '1', '1', 'opr.role.batchEdit', '29', '文章角色', null, '127.0.0.1', 'LAN', 'LAN', '2018-07-27 05:54:17', '1'), ('2006', '1', '1', 'opr.role.edit', '27', '功能角色', null, '127.0.0.1', 'LAN', 'LAN', '2018-07-27 05:54:51', '1'), ('2007', '1', '1', 'opr.role.edit', '28', '栏目角色', null, '127.0.0.1', 'LAN', 'LAN', '2018-07-27 05:55:49', '1'), ('2008', '1', '1', 'opr.role.edit', '29', '文章角色', null, '127.0.0.1', 'LAN', 'LAN', '2018-07-27 05:56:55', '1'), ('2009', '1', '1', 'opr.role.batchEdit', '1', '管理员', null, '127.0.0.1', 'LAN', 'LAN', '2018-07-27 05:57:04', '1'), ('2010', '1', '1', 'opr.role.batchEdit', '17', '普通用户', null, '127.0.0.1', 'LAN', 'LAN', '2018-07-27 05:57:04', '1'), ('2011', '1', '1', 'opr.role.batchEdit', '27', '功能角色', null, '127.0.0.1', 'LAN', 'LAN', '2018-07-27 05:57:04', '1'), ('2012', '1', '1', 'opr.role.batchEdit', '28', '栏目角色', null, '127.0.0.1', 'LAN', 'LAN', '2018-07-27 05:57:04', '1'), ('2013', '1', '1', 'opr.role.batchEdit', '29', '文档角色', null, '127.0.0.1', 'LAN', 'LAN', '2018-07-27 05:57:04', '1'), ('2014', '1', '1', 'opr.user.edit', '41', 'xy1', null, '127.0.0.1', 'LAN', 'LAN', '2018-07-27 06:03:59', '1'), ('2015', '1', '1', 'opr.user.edit', '41', 'xy1', null, '127.0.0.1', 'LAN', 'LAN', '2018-07-27 06:04:19', '1'), ('2016', '1', '1', 'opr.user.add', '42', 'xy2', null, '127.0.0.1', 'LAN', 'LAN', '2018-07-27 06:04:51', '1'), ('2017', '1', '1', 'opr.user.add', '43', 'xy3', null, '127.0.0.1', 'LAN', 'LAN', '2018-07-27 06:05:09', '1'), ('2018', '1', '1', 'login.logout', null, null, null, '127.0.0.1', 'LAN', 'LAN', '2018-07-27 06:05:36', '2'), ('2019', '41', '1', 'login.success', null, null, null, '127.0.0.1', 'LAN', 'LAN', '2018-07-27 06:05:40', '2'), ('2020', '41', '1', 'login.logout', null, null, null, '127.0.0.1', 'LAN', 'LAN', '2018-07-27 06:06:47', '2'), ('2025', '41', '1', 'login.success', null, null, null, '127.0.0.1', 'LAN', 'LAN', '2018-07-27 06:07:30', '2'), ('2026', '41', '1', 'opr.comment.delete', '20', '请市民减少出行，注意交通安全，山区防山洪、滑坡、泥石流地质灾害', null, '127.0.0.1', 'LAN', 'LAN', '2018-07-27 06:08:29', '1'), ('2027', '41', '1', 'login.logout', null, null, null, '127.0.0.1', 'LAN', 'LAN', '2018-07-27 08:05:49', '2'), ('2028', '1', '1', 'login.success', null, null, null, '127.0.0.1', 'LAN', 'LAN', '2018-07-27 08:05:57', '2'), ('2029', '1', '1', 'opr.node.batchEdit', '68', '论坛', null, '127.0.0.1', 'LAN', 'LAN', '2018-07-27 09:15:02', '1'), ('2030', '1', '1', 'opr.node.edit', '1', '首页', null, '127.0.0.1', 'LAN', 'LAN', '2018-07-27 09:16:50', '1'), ('2031', '1', '1', 'login.logout', null, null, null, '127.0.0.1', 'LAN', 'LAN', '2018-07-27 09:17:02', '2'), ('2032', '1', '1', 'login.success', null, null, null, '127.0.0.1', 'LAN', 'LAN', '2018-07-27 09:18:30', '2'), ('2033', '1', '1', 'opr.node.batchEdit', '1', '首页', null, '127.0.0.1', 'LAN', 'LAN', '2018-07-27 09:59:35', '1'), ('2034', '1', '1', 'opr.node.batchEdit', '36', '新发现', null, '127.0.0.1', 'LAN', 'LAN', '2018-07-27 09:59:35', '1'), ('2035', '1', '1', 'opr.node.batchEdit', '42', '重大发现', null, '127.0.0.1', 'LAN', 'LAN', '2018-07-27 09:59:35', '1'), ('2036', '1', '1', 'opr.node.batchEdit', '44', '变星', null, '127.0.0.1', 'LAN', 'LAN', '2018-07-27 09:59:36', '1'), ('2037', '1', '1', 'opr.node.batchEdit', '38', '近地目标', null, '127.0.0.1', 'LAN', 'LAN', '2018-07-27 09:59:36', '1'), ('2038', '1', '1', 'opr.node.batchEdit', '40', '流星', null, '127.0.0.1', 'LAN', 'LAN', '2018-07-27 09:59:36', '1'), ('2039', '1', '1', 'opr.node.batchEdit', '48', '图片', null, '127.0.0.1', 'LAN', 'LAN', '2018-07-27 09:59:36', '1'), ('2040', '1', '1', 'opr.node.batchEdit', '88', 'GWAC系统', null, '127.0.0.1', 'LAN', 'LAN', '2018-07-27 09:59:36', '1'), ('2041', '1', '1', 'opr.node.batchEdit', '90', '科学发现', null, '127.0.0.1', 'LAN', 'LAN', '2018-07-27 09:59:36', '1'), ('2042', '1', '1', 'opr.node.batchEdit', '87', '夜晚星空', null, '127.0.0.1', 'LAN', 'LAN', '2018-07-27 09:59:36', '1'), ('2043', '1', '1', 'opr.node.batchEdit', '51', '视频', null, '127.0.0.1', 'LAN', 'LAN', '2018-07-27 09:59:36', '1'), ('2044', '1', '1', 'opr.node.batchEdit', '80', 'GWAC系统', null, '127.0.0.1', 'LAN', 'LAN', '2018-07-27 09:59:36', '1'), ('2045', '1', '1', 'opr.node.batchEdit', '81', '科学发现', null, '127.0.0.1', 'LAN', 'LAN', '2018-07-27 09:59:36', '1'), ('2046', '1', '1', 'opr.node.batchEdit', '82', '夜晚星空', null, '127.0.0.1', 'LAN', 'LAN', '2018-07-27 09:59:36', '1'), ('2047', '1', '1', 'opr.node.batchEdit', '52', '产品', null, '127.0.0.1', 'LAN', 'LAN', '2018-07-27 09:59:36', '1'), ('2048', '1', '1', 'opr.node.batchEdit', '83', '手机/数码', null, '127.0.0.1', 'LAN', 'LAN', '2018-07-27 09:59:36', '1');
INSERT INTO `cms_operation_log` VALUES ('2049', '1', '1', 'opr.node.batchEdit', '84', '电脑办公', null, '127.0.0.1', 'LAN', 'LAN', '2018-07-27 09:59:36', '1'), ('2050', '1', '1', 'opr.node.batchEdit', '85', '服饰/内衣', null, '127.0.0.1', 'LAN', 'LAN', '2018-07-27 09:59:36', '1'), ('2051', '1', '1', 'opr.node.batchEdit', '95', '图书/音像', null, '127.0.0.1', 'LAN', 'LAN', '2018-07-27 09:59:36', '1'), ('2052', '1', '1', 'opr.node.batchEdit', '96', '家用电器', null, '127.0.0.1', 'LAN', 'LAN', '2018-07-27 09:59:36', '1'), ('2053', '1', '1', 'opr.node.batchEdit', '49', '下载', null, '127.0.0.1', 'LAN', 'LAN', '2018-07-27 09:59:36', '1'), ('2054', '1', '1', 'opr.node.batchEdit', '77', '媒体软件', null, '127.0.0.1', 'LAN', 'LAN', '2018-07-27 09:59:36', '1'), ('2055', '1', '1', 'opr.node.batchEdit', '78', '网络软件', null, '127.0.0.1', 'LAN', 'LAN', '2018-07-27 09:59:36', '1'), ('2056', '1', '1', 'opr.node.batchEdit', '79', '系统工具', null, '127.0.0.1', 'LAN', 'LAN', '2018-07-27 09:59:36', '1'), ('2057', '1', '1', 'opr.node.batchEdit', '92', '文库', null, '127.0.0.1', 'LAN', 'LAN', '2018-07-27 09:59:36', '1'), ('2058', '1', '1', 'opr.node.batchEdit', '93', '教育文库', null, '127.0.0.1', 'LAN', 'LAN', '2018-07-27 09:59:37', '1'), ('2059', '1', '1', 'opr.node.batchEdit', '94', '专业资料', null, '127.0.0.1', 'LAN', 'LAN', '2018-07-27 09:59:37', '1'), ('2060', '1', '1', 'opr.node.batchEdit', '74', '专题', null, '127.0.0.1', 'LAN', 'LAN', '2018-07-27 09:59:37', '1'), ('2061', '1', '1', 'opr.node.batchEdit', '69', '招聘', null, '127.0.0.1', 'LAN', 'LAN', '2018-07-27 09:59:37', '1'), ('2062', '1', '1', 'opr.node.batchEdit', '67', '留言', null, '127.0.0.1', 'LAN', 'LAN', '2018-07-27 09:59:37', '1'), ('2063', '1', '1', 'opr.node.batchEdit', '68', '论坛', null, '127.0.0.1', 'LAN', 'LAN', '2018-07-27 09:59:37', '1'), ('2064', '1', '1', 'opr.html.makeHome', '1', '首页', null, '127.0.0.1', 'LAN', 'LAN', '2018-07-27 09:59:55', '1'), ('2065', '1', '1', 'opr.node.batchEdit', '1', '首页', null, '127.0.0.1', 'LAN', 'LAN', '2018-07-27 10:01:49', '1'), ('2066', '1', '1', 'opr.node.batchEdit', '36', '新发现', null, '127.0.0.1', 'LAN', 'LAN', '2018-07-27 10:01:49', '1'), ('2067', '1', '1', 'opr.node.batchEdit', '42', '重大发现', null, '127.0.0.1', 'LAN', 'LAN', '2018-07-27 10:01:49', '1'), ('2068', '1', '1', 'opr.node.batchEdit', '44', '变星', null, '127.0.0.1', 'LAN', 'LAN', '2018-07-27 10:01:49', '1'), ('2069', '1', '1', 'opr.node.batchEdit', '38', '近地目标', null, '127.0.0.1', 'LAN', 'LAN', '2018-07-27 10:01:49', '1'), ('2070', '1', '1', 'opr.node.batchEdit', '40', '流星', null, '127.0.0.1', 'LAN', 'LAN', '2018-07-27 10:01:49', '1'), ('2071', '1', '1', 'opr.node.batchEdit', '48', '图片', null, '127.0.0.1', 'LAN', 'LAN', '2018-07-27 10:01:49', '1'), ('2072', '1', '1', 'opr.node.batchEdit', '88', 'GWAC系统', null, '127.0.0.1', 'LAN', 'LAN', '2018-07-27 10:01:49', '1'), ('2073', '1', '1', 'opr.node.batchEdit', '90', '科学发现', null, '127.0.0.1', 'LAN', 'LAN', '2018-07-27 10:01:49', '1'), ('2074', '1', '1', 'opr.node.batchEdit', '87', '夜晚星空', null, '127.0.0.1', 'LAN', 'LAN', '2018-07-27 10:01:49', '1'), ('2075', '1', '1', 'opr.node.batchEdit', '51', '视频', null, '127.0.0.1', 'LAN', 'LAN', '2018-07-27 10:01:49', '1'), ('2076', '1', '1', 'opr.node.batchEdit', '80', 'GWAC系统', null, '127.0.0.1', 'LAN', 'LAN', '2018-07-27 10:01:49', '1'), ('2077', '1', '1', 'opr.node.batchEdit', '81', '科学发现', null, '127.0.0.1', 'LAN', 'LAN', '2018-07-27 10:01:49', '1'), ('2078', '1', '1', 'opr.node.batchEdit', '82', '夜晚星空', null, '127.0.0.1', 'LAN', 'LAN', '2018-07-27 10:01:49', '1'), ('2079', '1', '1', 'opr.node.batchEdit', '52', '产品', null, '127.0.0.1', 'LAN', 'LAN', '2018-07-27 10:01:49', '1'), ('2080', '1', '1', 'opr.node.batchEdit', '83', '手机/数码', null, '127.0.0.1', 'LAN', 'LAN', '2018-07-27 10:01:49', '1'), ('2081', '1', '1', 'opr.node.batchEdit', '84', '电脑办公', null, '127.0.0.1', 'LAN', 'LAN', '2018-07-27 10:01:49', '1'), ('2082', '1', '1', 'opr.node.batchEdit', '85', '服饰/内衣', null, '127.0.0.1', 'LAN', 'LAN', '2018-07-27 10:01:49', '1'), ('2083', '1', '1', 'opr.node.batchEdit', '95', '图书/音像', null, '127.0.0.1', 'LAN', 'LAN', '2018-07-27 10:01:49', '1'), ('2084', '1', '1', 'opr.node.batchEdit', '96', '家用电器', null, '127.0.0.1', 'LAN', 'LAN', '2018-07-27 10:01:49', '1'), ('2085', '1', '1', 'opr.node.batchEdit', '49', '下载', null, '127.0.0.1', 'LAN', 'LAN', '2018-07-27 10:01:49', '1'), ('2086', '1', '1', 'opr.node.batchEdit', '77', '媒体软件', null, '127.0.0.1', 'LAN', 'LAN', '2018-07-27 10:01:49', '1'), ('2087', '1', '1', 'opr.node.batchEdit', '78', '网络软件', null, '127.0.0.1', 'LAN', 'LAN', '2018-07-27 10:01:50', '1'), ('2088', '1', '1', 'opr.node.batchEdit', '79', '系统工具', null, '127.0.0.1', 'LAN', 'LAN', '2018-07-27 10:01:50', '1'), ('2089', '1', '1', 'opr.node.batchEdit', '92', '文库', null, '127.0.0.1', 'LAN', 'LAN', '2018-07-27 10:01:50', '1'), ('2090', '1', '1', 'opr.node.batchEdit', '93', '教育文库', null, '127.0.0.1', 'LAN', 'LAN', '2018-07-27 10:01:50', '1'), ('2091', '1', '1', 'opr.node.batchEdit', '94', '专业资料', null, '127.0.0.1', 'LAN', 'LAN', '2018-07-27 10:01:50', '1'), ('2092', '1', '1', 'opr.node.batchEdit', '74', '专题', null, '127.0.0.1', 'LAN', 'LAN', '2018-07-27 10:01:50', '1'), ('2093', '1', '1', 'opr.node.batchEdit', '69', '招聘', null, '127.0.0.1', 'LAN', 'LAN', '2018-07-27 10:01:50', '1'), ('2094', '1', '1', 'opr.node.batchEdit', '67', '留言', null, '127.0.0.1', 'LAN', 'LAN', '2018-07-27 10:01:50', '1'), ('2095', '1', '1', 'opr.node.batchEdit', '68', '论坛', null, '127.0.0.1', 'LAN', 'LAN', '2018-07-27 10:01:50', '1'), ('2096', '1', '1', 'opr.html.makeHome', '1', '首页', null, '127.0.0.1', 'LAN', 'LAN', '2018-07-27 10:01:59', '1'), ('2097', '1', '1', 'opr.node.batchEdit', '1', '首页', null, '127.0.0.1', 'LAN', 'LAN', '2018-07-27 10:03:12', '1'), ('2098', '1', '1', 'opr.node.batchEdit', '36', '新发现', null, '127.0.0.1', 'LAN', 'LAN', '2018-07-27 10:03:12', '1'), ('2099', '1', '1', 'opr.node.batchEdit', '42', '重大发现', null, '127.0.0.1', 'LAN', 'LAN', '2018-07-27 10:03:12', '1'), ('2100', '1', '1', 'opr.node.batchEdit', '44', '变星', null, '127.0.0.1', 'LAN', 'LAN', '2018-07-27 10:03:12', '1'), ('2101', '1', '1', 'opr.node.batchEdit', '38', '近地目标', null, '127.0.0.1', 'LAN', 'LAN', '2018-07-27 10:03:12', '1'), ('2102', '1', '1', 'opr.node.batchEdit', '40', '流星', null, '127.0.0.1', 'LAN', 'LAN', '2018-07-27 10:03:12', '1'), ('2103', '1', '1', 'opr.node.batchEdit', '48', '图片', null, '127.0.0.1', 'LAN', 'LAN', '2018-07-27 10:03:12', '1'), ('2104', '1', '1', 'opr.node.batchEdit', '88', 'GWAC系统', null, '127.0.0.1', 'LAN', 'LAN', '2018-07-27 10:03:12', '1'), ('2105', '1', '1', 'opr.node.batchEdit', '90', '科学发现', null, '127.0.0.1', 'LAN', 'LAN', '2018-07-27 10:03:13', '1'), ('2106', '1', '1', 'opr.node.batchEdit', '87', '夜晚星空', null, '127.0.0.1', 'LAN', 'LAN', '2018-07-27 10:03:13', '1'), ('2107', '1', '1', 'opr.node.batchEdit', '51', '视频', null, '127.0.0.1', 'LAN', 'LAN', '2018-07-27 10:03:13', '1'), ('2108', '1', '1', 'opr.node.batchEdit', '80', 'GWAC系统', null, '127.0.0.1', 'LAN', 'LAN', '2018-07-27 10:03:13', '1'), ('2109', '1', '1', 'opr.node.batchEdit', '81', '科学发现', null, '127.0.0.1', 'LAN', 'LAN', '2018-07-27 10:03:13', '1'), ('2110', '1', '1', 'opr.node.batchEdit', '82', '夜晚星空', null, '127.0.0.1', 'LAN', 'LAN', '2018-07-27 10:03:13', '1'), ('2111', '1', '1', 'opr.node.batchEdit', '52', '产品', null, '127.0.0.1', 'LAN', 'LAN', '2018-07-27 10:03:13', '1'), ('2112', '1', '1', 'opr.node.batchEdit', '83', '手机/数码', null, '127.0.0.1', 'LAN', 'LAN', '2018-07-27 10:03:13', '1'), ('2113', '1', '1', 'opr.node.batchEdit', '84', '电脑办公', null, '127.0.0.1', 'LAN', 'LAN', '2018-07-27 10:03:13', '1'), ('2114', '1', '1', 'opr.node.batchEdit', '85', '服饰/内衣', null, '127.0.0.1', 'LAN', 'LAN', '2018-07-27 10:03:13', '1'), ('2115', '1', '1', 'opr.node.batchEdit', '95', '图书/音像', null, '127.0.0.1', 'LAN', 'LAN', '2018-07-27 10:03:13', '1'), ('2116', '1', '1', 'opr.node.batchEdit', '96', '家用电器', null, '127.0.0.1', 'LAN', 'LAN', '2018-07-27 10:03:13', '1'), ('2117', '1', '1', 'opr.node.batchEdit', '49', '下载', null, '127.0.0.1', 'LAN', 'LAN', '2018-07-27 10:03:13', '1'), ('2118', '1', '1', 'opr.node.batchEdit', '77', '媒体软件', null, '127.0.0.1', 'LAN', 'LAN', '2018-07-27 10:03:13', '1'), ('2119', '1', '1', 'opr.node.batchEdit', '78', '网络软件', null, '127.0.0.1', 'LAN', 'LAN', '2018-07-27 10:03:13', '1'), ('2120', '1', '1', 'opr.node.batchEdit', '79', '系统工具', null, '127.0.0.1', 'LAN', 'LAN', '2018-07-27 10:03:13', '1'), ('2121', '1', '1', 'opr.node.batchEdit', '92', '文库', null, '127.0.0.1', 'LAN', 'LAN', '2018-07-27 10:03:13', '1'), ('2122', '1', '1', 'opr.node.batchEdit', '93', '教育文库', null, '127.0.0.1', 'LAN', 'LAN', '2018-07-27 10:03:13', '1'), ('2123', '1', '1', 'opr.node.batchEdit', '94', '专业资料', null, '127.0.0.1', 'LAN', 'LAN', '2018-07-27 10:03:13', '1'), ('2124', '1', '1', 'opr.node.batchEdit', '74', '专题', null, '127.0.0.1', 'LAN', 'LAN', '2018-07-27 10:03:13', '1'), ('2125', '1', '1', 'opr.node.batchEdit', '69', '招聘', null, '127.0.0.1', 'LAN', 'LAN', '2018-07-27 10:03:13', '1'), ('2126', '1', '1', 'opr.node.batchEdit', '67', '留言', null, '127.0.0.1', 'LAN', 'LAN', '2018-07-27 10:03:14', '1'), ('2127', '1', '1', 'opr.node.batchEdit', '68', '论坛', null, '127.0.0.1', 'LAN', 'LAN', '2018-07-27 10:03:14', '1'), ('2128', '1', '1', 'opr.node.batchEdit', '1', '首页', null, '127.0.0.1', 'LAN', 'LAN', '2018-07-27 10:32:04', '1'), ('2129', '1', '1', 'opr.node.batchEdit', '36', '新发现', null, '127.0.0.1', 'LAN', 'LAN', '2018-07-27 10:32:04', '1'), ('2130', '1', '1', 'opr.node.batchEdit', '42', '重大发现', null, '127.0.0.1', 'LAN', 'LAN', '2018-07-27 10:32:04', '1'), ('2131', '1', '1', 'opr.node.batchEdit', '44', '变星', null, '127.0.0.1', 'LAN', 'LAN', '2018-07-27 10:32:04', '1'), ('2132', '1', '1', 'opr.node.batchEdit', '38', '近地目标', null, '127.0.0.1', 'LAN', 'LAN', '2018-07-27 10:32:04', '1'), ('2133', '1', '1', 'opr.node.batchEdit', '40', '流星', null, '127.0.0.1', 'LAN', 'LAN', '2018-07-27 10:32:04', '1'), ('2134', '1', '1', 'opr.node.batchEdit', '48', '图库', null, '127.0.0.1', 'LAN', 'LAN', '2018-07-27 10:32:04', '1'), ('2135', '1', '1', 'opr.node.batchEdit', '88', 'GWAC系统', null, '127.0.0.1', 'LAN', 'LAN', '2018-07-27 10:32:04', '1'), ('2136', '1', '1', 'opr.node.batchEdit', '90', '科学发现', null, '127.0.0.1', 'LAN', 'LAN', '2018-07-27 10:32:04', '1'), ('2137', '1', '1', 'opr.node.batchEdit', '87', '夜晚星空', null, '127.0.0.1', 'LAN', 'LAN', '2018-07-27 10:32:05', '1'), ('2138', '1', '1', 'opr.node.batchEdit', '51', '视频锦集', null, '127.0.0.1', 'LAN', 'LAN', '2018-07-27 10:32:05', '1'), ('2139', '1', '1', 'opr.node.batchEdit', '80', 'GWAC系统', null, '127.0.0.1', 'LAN', 'LAN', '2018-07-27 10:32:05', '1'), ('2140', '1', '1', 'opr.node.batchEdit', '81', '科学发现', null, '127.0.0.1', 'LAN', 'LAN', '2018-07-27 10:32:05', '1'), ('2141', '1', '1', 'opr.node.batchEdit', '82', '夜晚星空', null, '127.0.0.1', 'LAN', 'LAN', '2018-07-27 10:32:05', '1'), ('2142', '1', '1', 'opr.node.batchEdit', '52', '产品', null, '127.0.0.1', 'LAN', 'LAN', '2018-07-27 10:32:05', '1'), ('2143', '1', '1', 'opr.node.batchEdit', '83', '手机/数码', null, '127.0.0.1', 'LAN', 'LAN', '2018-07-27 10:32:05', '1'), ('2144', '1', '1', 'opr.node.batchEdit', '84', '电脑办公', null, '127.0.0.1', 'LAN', 'LAN', '2018-07-27 10:32:05', '1'), ('2145', '1', '1', 'opr.node.batchEdit', '85', '服饰/内衣', null, '127.0.0.1', 'LAN', 'LAN', '2018-07-27 10:32:05', '1'), ('2146', '1', '1', 'opr.node.batchEdit', '95', '图书/音像', null, '127.0.0.1', 'LAN', 'LAN', '2018-07-27 10:32:05', '1'), ('2147', '1', '1', 'opr.node.batchEdit', '96', '家用电器', null, '127.0.0.1', 'LAN', 'LAN', '2018-07-27 10:32:05', '1'), ('2148', '1', '1', 'opr.node.batchEdit', '49', '下载', null, '127.0.0.1', 'LAN', 'LAN', '2018-07-27 10:32:05', '1');
INSERT INTO `cms_operation_log` VALUES ('2149', '1', '1', 'opr.node.batchEdit', '77', '媒体软件', null, '127.0.0.1', 'LAN', 'LAN', '2018-07-27 10:32:05', '1'), ('2150', '1', '1', 'opr.node.batchEdit', '78', '网络软件', null, '127.0.0.1', 'LAN', 'LAN', '2018-07-27 10:32:05', '1'), ('2151', '1', '1', 'opr.node.batchEdit', '79', '系统工具', null, '127.0.0.1', 'LAN', 'LAN', '2018-07-27 10:32:05', '1'), ('2152', '1', '1', 'opr.node.batchEdit', '92', '文库', null, '127.0.0.1', 'LAN', 'LAN', '2018-07-27 10:32:05', '1'), ('2153', '1', '1', 'opr.node.batchEdit', '93', '教育文库', null, '127.0.0.1', 'LAN', 'LAN', '2018-07-27 10:32:05', '1'), ('2154', '1', '1', 'opr.node.batchEdit', '94', '专业资料', null, '127.0.0.1', 'LAN', 'LAN', '2018-07-27 10:32:05', '1'), ('2155', '1', '1', 'opr.node.batchEdit', '74', '专题', null, '127.0.0.1', 'LAN', 'LAN', '2018-07-27 10:32:05', '1'), ('2156', '1', '1', 'opr.node.batchEdit', '69', '科研论文', null, '127.0.0.1', 'LAN', 'LAN', '2018-07-27 10:32:05', '1'), ('2157', '1', '1', 'opr.node.batchEdit', '67', '留言', null, '127.0.0.1', 'LAN', 'LAN', '2018-07-27 10:32:05', '1'), ('2158', '1', '1', 'opr.node.batchEdit', '68', '关于GWAC', null, '127.0.0.1', 'LAN', 'LAN', '2018-07-27 10:32:06', '1'), ('2159', '1', '1', 'opr.html.makeHome', '1', '首页', null, '127.0.0.1', 'LAN', 'LAN', '2018-07-27 10:32:29', '1'), ('2160', '1', '1', 'opr.node.batchEdit', '1', '首页', null, '127.0.0.1', 'LAN', 'LAN', '2018-07-27 10:33:14', '1'), ('2161', '1', '1', 'opr.node.batchEdit', '36', '新发现', null, '127.0.0.1', 'LAN', 'LAN', '2018-07-27 10:33:14', '1'), ('2162', '1', '1', 'opr.node.batchEdit', '42', '重大发现', null, '127.0.0.1', 'LAN', 'LAN', '2018-07-27 10:33:14', '1'), ('2163', '1', '1', 'opr.node.batchEdit', '44', '变星', null, '127.0.0.1', 'LAN', 'LAN', '2018-07-27 10:33:15', '1'), ('2164', '1', '1', 'opr.node.batchEdit', '38', '近地目标', null, '127.0.0.1', 'LAN', 'LAN', '2018-07-27 10:33:15', '1'), ('2165', '1', '1', 'opr.node.batchEdit', '40', '流星', null, '127.0.0.1', 'LAN', 'LAN', '2018-07-27 10:33:15', '1'), ('2166', '1', '1', 'opr.node.batchEdit', '48', '图库', null, '127.0.0.1', 'LAN', 'LAN', '2018-07-27 10:33:15', '1'), ('2167', '1', '1', 'opr.node.batchEdit', '88', 'GWAC系统', null, '127.0.0.1', 'LAN', 'LAN', '2018-07-27 10:33:15', '1'), ('2168', '1', '1', 'opr.node.batchEdit', '90', '科学发现', null, '127.0.0.1', 'LAN', 'LAN', '2018-07-27 10:33:15', '1'), ('2169', '1', '1', 'opr.node.batchEdit', '87', '夜晚星空', null, '127.0.0.1', 'LAN', 'LAN', '2018-07-27 10:33:15', '1'), ('2170', '1', '1', 'opr.node.batchEdit', '51', '视频锦集', null, '127.0.0.1', 'LAN', 'LAN', '2018-07-27 10:33:15', '1'), ('2171', '1', '1', 'opr.node.batchEdit', '80', 'GWAC系统', null, '127.0.0.1', 'LAN', 'LAN', '2018-07-27 10:33:15', '1'), ('2172', '1', '1', 'opr.node.batchEdit', '81', '科学发现', null, '127.0.0.1', 'LAN', 'LAN', '2018-07-27 10:33:15', '1'), ('2173', '1', '1', 'opr.node.batchEdit', '82', '夜晚星空', null, '127.0.0.1', 'LAN', 'LAN', '2018-07-27 10:33:15', '1'), ('2174', '1', '1', 'opr.node.batchEdit', '52', '暂现源分类', null, '127.0.0.1', 'LAN', 'LAN', '2018-07-27 10:33:15', '1'), ('2175', '1', '1', 'opr.node.batchEdit', '83', '手机/数码', null, '127.0.0.1', 'LAN', 'LAN', '2018-07-27 10:33:15', '1'), ('2176', '1', '1', 'opr.node.batchEdit', '84', '电脑办公', null, '127.0.0.1', 'LAN', 'LAN', '2018-07-27 10:33:15', '1'), ('2177', '1', '1', 'opr.node.batchEdit', '85', '服饰/内衣', null, '127.0.0.1', 'LAN', 'LAN', '2018-07-27 10:33:15', '1'), ('2178', '1', '1', 'opr.node.batchEdit', '95', '图书/音像', null, '127.0.0.1', 'LAN', 'LAN', '2018-07-27 10:33:15', '1'), ('2179', '1', '1', 'opr.node.batchEdit', '96', '家用电器', null, '127.0.0.1', 'LAN', 'LAN', '2018-07-27 10:33:15', '1'), ('2180', '1', '1', 'opr.node.batchEdit', '49', '下载', null, '127.0.0.1', 'LAN', 'LAN', '2018-07-27 10:33:15', '1'), ('2181', '1', '1', 'opr.node.batchEdit', '77', '媒体软件', null, '127.0.0.1', 'LAN', 'LAN', '2018-07-27 10:33:15', '1'), ('2182', '1', '1', 'opr.node.batchEdit', '78', '网络软件', null, '127.0.0.1', 'LAN', 'LAN', '2018-07-27 10:33:15', '1'), ('2183', '1', '1', 'opr.node.batchEdit', '79', '系统工具', null, '127.0.0.1', 'LAN', 'LAN', '2018-07-27 10:33:15', '1'), ('2184', '1', '1', 'opr.node.batchEdit', '92', '文库', null, '127.0.0.1', 'LAN', 'LAN', '2018-07-27 10:33:15', '1'), ('2185', '1', '1', 'opr.node.batchEdit', '93', '教育文库', null, '127.0.0.1', 'LAN', 'LAN', '2018-07-27 10:33:16', '1'), ('2186', '1', '1', 'opr.node.batchEdit', '94', '专业资料', null, '127.0.0.1', 'LAN', 'LAN', '2018-07-27 10:33:16', '1'), ('2187', '1', '1', 'opr.node.batchEdit', '74', '专题', null, '127.0.0.1', 'LAN', 'LAN', '2018-07-27 10:33:16', '1'), ('2188', '1', '1', 'opr.node.batchEdit', '69', '科研论文', null, '127.0.0.1', 'LAN', 'LAN', '2018-07-27 10:33:16', '1'), ('2189', '1', '1', 'opr.node.batchEdit', '67', '留言', null, '127.0.0.1', 'LAN', 'LAN', '2018-07-27 10:33:16', '1'), ('2190', '1', '1', 'opr.node.batchEdit', '68', '关于GWAC', null, '127.0.0.1', 'LAN', 'LAN', '2018-07-27 10:33:16', '1'), ('2191', '1', '1', 'opr.html.makeHome', '1', '首页', null, '127.0.0.1', 'LAN', 'LAN', '2018-07-27 10:33:20', '1'), ('2192', '1', '1', 'opr.node.batchEdit', '1', '首页', null, '127.0.0.1', 'LAN', 'LAN', '2018-07-27 10:34:05', '1'), ('2193', '1', '1', 'opr.node.batchEdit', '36', '新发现', null, '127.0.0.1', 'LAN', 'LAN', '2018-07-27 10:34:05', '1'), ('2194', '1', '1', 'opr.node.batchEdit', '42', '重大发现', null, '127.0.0.1', 'LAN', 'LAN', '2018-07-27 10:34:05', '1'), ('2195', '1', '1', 'opr.node.batchEdit', '44', '变星', null, '127.0.0.1', 'LAN', 'LAN', '2018-07-27 10:34:06', '1'), ('2196', '1', '1', 'opr.node.batchEdit', '38', '近地目标', null, '127.0.0.1', 'LAN', 'LAN', '2018-07-27 10:34:06', '1'), ('2197', '1', '1', 'opr.node.batchEdit', '40', '流星', null, '127.0.0.1', 'LAN', 'LAN', '2018-07-27 10:34:06', '1'), ('2198', '1', '1', 'opr.node.batchEdit', '48', '图库', null, '127.0.0.1', 'LAN', 'LAN', '2018-07-27 10:34:06', '1'), ('2199', '1', '1', 'opr.node.batchEdit', '88', 'GWAC系统', null, '127.0.0.1', 'LAN', 'LAN', '2018-07-27 10:34:06', '1'), ('2200', '1', '1', 'opr.node.batchEdit', '90', '科学发现', null, '127.0.0.1', 'LAN', 'LAN', '2018-07-27 10:34:06', '1'), ('2201', '1', '1', 'opr.node.batchEdit', '87', '夜晚星空', null, '127.0.0.1', 'LAN', 'LAN', '2018-07-27 10:34:06', '1'), ('2202', '1', '1', 'opr.node.batchEdit', '51', '视频', null, '127.0.0.1', 'LAN', 'LAN', '2018-07-27 10:34:06', '1'), ('2203', '1', '1', 'opr.node.batchEdit', '80', 'GWAC系统', null, '127.0.0.1', 'LAN', 'LAN', '2018-07-27 10:34:06', '1'), ('2204', '1', '1', 'opr.node.batchEdit', '81', '科学发现', null, '127.0.0.1', 'LAN', 'LAN', '2018-07-27 10:34:06', '1'), ('2205', '1', '1', 'opr.node.batchEdit', '82', '夜晚星空', null, '127.0.0.1', 'LAN', 'LAN', '2018-07-27 10:34:06', '1'), ('2206', '1', '1', 'opr.node.batchEdit', '52', '暂现源分类', null, '127.0.0.1', 'LAN', 'LAN', '2018-07-27 10:34:06', '1'), ('2207', '1', '1', 'opr.node.batchEdit', '83', '手机/数码', null, '127.0.0.1', 'LAN', 'LAN', '2018-07-27 10:34:06', '1'), ('2208', '1', '1', 'opr.node.batchEdit', '84', '电脑办公', null, '127.0.0.1', 'LAN', 'LAN', '2018-07-27 10:34:06', '1'), ('2209', '1', '1', 'opr.node.batchEdit', '85', '服饰/内衣', null, '127.0.0.1', 'LAN', 'LAN', '2018-07-27 10:34:06', '1'), ('2210', '1', '1', 'opr.node.batchEdit', '95', '图书/音像', null, '127.0.0.1', 'LAN', 'LAN', '2018-07-27 10:34:06', '1'), ('2211', '1', '1', 'opr.node.batchEdit', '96', '家用电器', null, '127.0.0.1', 'LAN', 'LAN', '2018-07-27 10:34:06', '1'), ('2212', '1', '1', 'opr.node.batchEdit', '49', '下载', null, '127.0.0.1', 'LAN', 'LAN', '2018-07-27 10:34:06', '1'), ('2213', '1', '1', 'opr.node.batchEdit', '77', '媒体软件', null, '127.0.0.1', 'LAN', 'LAN', '2018-07-27 10:34:06', '1'), ('2214', '1', '1', 'opr.node.batchEdit', '78', '网络软件', null, '127.0.0.1', 'LAN', 'LAN', '2018-07-27 10:34:06', '1'), ('2215', '1', '1', 'opr.node.batchEdit', '79', '系统工具', null, '127.0.0.1', 'LAN', 'LAN', '2018-07-27 10:34:06', '1'), ('2216', '1', '1', 'opr.node.batchEdit', '92', '文库', null, '127.0.0.1', 'LAN', 'LAN', '2018-07-27 10:34:06', '1'), ('2217', '1', '1', 'opr.node.batchEdit', '93', '教育文库', null, '127.0.0.1', 'LAN', 'LAN', '2018-07-27 10:34:07', '1'), ('2218', '1', '1', 'opr.node.batchEdit', '94', '专业资料', null, '127.0.0.1', 'LAN', 'LAN', '2018-07-27 10:34:07', '1'), ('2219', '1', '1', 'opr.node.batchEdit', '74', '专题', null, '127.0.0.1', 'LAN', 'LAN', '2018-07-27 10:34:07', '1'), ('2220', '1', '1', 'opr.node.batchEdit', '69', '科研论文', null, '127.0.0.1', 'LAN', 'LAN', '2018-07-27 10:34:07', '1'), ('2221', '1', '1', 'opr.node.batchEdit', '67', '留言', null, '127.0.0.1', 'LAN', 'LAN', '2018-07-27 10:34:07', '1'), ('2222', '1', '1', 'opr.node.batchEdit', '68', '关于GWAC', null, '127.0.0.1', 'LAN', 'LAN', '2018-07-27 10:34:07', '1'), ('2223', '1', '1', 'opr.node.batchEdit', '1', '首页', null, '127.0.0.1', 'LAN', 'LAN', '2018-07-27 10:34:31', '1'), ('2224', '1', '1', 'opr.node.batchEdit', '36', '新发现', null, '127.0.0.1', 'LAN', 'LAN', '2018-07-27 10:34:31', '1'), ('2225', '1', '1', 'opr.node.batchEdit', '42', '重大发现', null, '127.0.0.1', 'LAN', 'LAN', '2018-07-27 10:34:31', '1'), ('2226', '1', '1', 'opr.node.batchEdit', '44', '变星', null, '127.0.0.1', 'LAN', 'LAN', '2018-07-27 10:34:31', '1'), ('2227', '1', '1', 'opr.node.batchEdit', '38', '近地目标', null, '127.0.0.1', 'LAN', 'LAN', '2018-07-27 10:34:31', '1'), ('2228', '1', '1', 'opr.node.batchEdit', '40', '流星', null, '127.0.0.1', 'LAN', 'LAN', '2018-07-27 10:34:31', '1'), ('2229', '1', '1', 'opr.node.batchEdit', '48', '图库', null, '127.0.0.1', 'LAN', 'LAN', '2018-07-27 10:34:31', '1'), ('2230', '1', '1', 'opr.node.batchEdit', '88', 'GWAC系统', null, '127.0.0.1', 'LAN', 'LAN', '2018-07-27 10:34:31', '1'), ('2231', '1', '1', 'opr.node.batchEdit', '90', '科学发现', null, '127.0.0.1', 'LAN', 'LAN', '2018-07-27 10:34:31', '1'), ('2232', '1', '1', 'opr.node.batchEdit', '87', '夜晚星空', null, '127.0.0.1', 'LAN', 'LAN', '2018-07-27 10:34:31', '1'), ('2233', '1', '1', 'opr.node.batchEdit', '51', '视频', null, '127.0.0.1', 'LAN', 'LAN', '2018-07-27 10:34:31', '1'), ('2234', '1', '1', 'opr.node.batchEdit', '80', 'GWAC系统', null, '127.0.0.1', 'LAN', 'LAN', '2018-07-27 10:34:31', '1'), ('2235', '1', '1', 'opr.node.batchEdit', '81', '科学发现', null, '127.0.0.1', 'LAN', 'LAN', '2018-07-27 10:34:32', '1'), ('2236', '1', '1', 'opr.node.batchEdit', '82', '夜晚星空', null, '127.0.0.1', 'LAN', 'LAN', '2018-07-27 10:34:32', '1'), ('2237', '1', '1', 'opr.node.batchEdit', '52', '暂现源', null, '127.0.0.1', 'LAN', 'LAN', '2018-07-27 10:34:32', '1'), ('2238', '1', '1', 'opr.node.batchEdit', '83', '手机/数码', null, '127.0.0.1', 'LAN', 'LAN', '2018-07-27 10:34:32', '1'), ('2239', '1', '1', 'opr.node.batchEdit', '84', '电脑办公', null, '127.0.0.1', 'LAN', 'LAN', '2018-07-27 10:34:32', '1'), ('2240', '1', '1', 'opr.node.batchEdit', '85', '服饰/内衣', null, '127.0.0.1', 'LAN', 'LAN', '2018-07-27 10:34:32', '1'), ('2241', '1', '1', 'opr.node.batchEdit', '95', '图书/音像', null, '127.0.0.1', 'LAN', 'LAN', '2018-07-27 10:34:32', '1'), ('2242', '1', '1', 'opr.node.batchEdit', '96', '家用电器', null, '127.0.0.1', 'LAN', 'LAN', '2018-07-27 10:34:32', '1'), ('2243', '1', '1', 'opr.node.batchEdit', '49', '下载', null, '127.0.0.1', 'LAN', 'LAN', '2018-07-27 10:34:32', '1'), ('2244', '1', '1', 'opr.node.batchEdit', '77', '媒体软件', null, '127.0.0.1', 'LAN', 'LAN', '2018-07-27 10:34:32', '1'), ('2245', '1', '1', 'opr.node.batchEdit', '78', '网络软件', null, '127.0.0.1', 'LAN', 'LAN', '2018-07-27 10:34:32', '1'), ('2246', '1', '1', 'opr.node.batchEdit', '79', '系统工具', null, '127.0.0.1', 'LAN', 'LAN', '2018-07-27 10:34:32', '1'), ('2247', '1', '1', 'opr.node.batchEdit', '92', '文库', null, '127.0.0.1', 'LAN', 'LAN', '2018-07-27 10:34:32', '1'), ('2248', '1', '1', 'opr.node.batchEdit', '93', '教育文库', null, '127.0.0.1', 'LAN', 'LAN', '2018-07-27 10:34:32', '1');
INSERT INTO `cms_operation_log` VALUES ('2249', '1', '1', 'opr.node.batchEdit', '94', '专业资料', null, '127.0.0.1', 'LAN', 'LAN', '2018-07-27 10:34:32', '1'), ('2250', '1', '1', 'opr.node.batchEdit', '74', '专题', null, '127.0.0.1', 'LAN', 'LAN', '2018-07-27 10:34:32', '1'), ('2251', '1', '1', 'opr.node.batchEdit', '69', '科研论文', null, '127.0.0.1', 'LAN', 'LAN', '2018-07-27 10:34:32', '1'), ('2252', '1', '1', 'opr.node.batchEdit', '67', '留言', null, '127.0.0.1', 'LAN', 'LAN', '2018-07-27 10:34:32', '1'), ('2253', '1', '1', 'opr.node.batchEdit', '68', '关于GWAC', null, '127.0.0.1', 'LAN', 'LAN', '2018-07-27 10:34:32', '1'), ('2254', '1', '1', 'opr.html.makeHome', '1', '首页', null, '127.0.0.1', 'LAN', 'LAN', '2018-07-27 10:34:37', '1'), ('2255', '1', '1', 'opr.node.batchEdit', '1', '首页', null, '127.0.0.1', 'LAN', 'LAN', '2018-07-27 10:35:40', '1'), ('2256', '1', '1', 'opr.node.batchEdit', '36', '新发现', null, '127.0.0.1', 'LAN', 'LAN', '2018-07-27 10:35:40', '1'), ('2257', '1', '1', 'opr.node.batchEdit', '42', '重大发现', null, '127.0.0.1', 'LAN', 'LAN', '2018-07-27 10:35:40', '1'), ('2258', '1', '1', 'opr.node.batchEdit', '44', '变星', null, '127.0.0.1', 'LAN', 'LAN', '2018-07-27 10:35:40', '1'), ('2259', '1', '1', 'opr.node.batchEdit', '38', '近地目标', null, '127.0.0.1', 'LAN', 'LAN', '2018-07-27 10:35:40', '1'), ('2260', '1', '1', 'opr.node.batchEdit', '40', '流星', null, '127.0.0.1', 'LAN', 'LAN', '2018-07-27 10:35:40', '1'), ('2261', '1', '1', 'opr.node.batchEdit', '48', '图库', null, '127.0.0.1', 'LAN', 'LAN', '2018-07-27 10:35:40', '1'), ('2262', '1', '1', 'opr.node.batchEdit', '88', 'GWAC系统', null, '127.0.0.1', 'LAN', 'LAN', '2018-07-27 10:35:40', '1'), ('2263', '1', '1', 'opr.node.batchEdit', '90', '科学发现', null, '127.0.0.1', 'LAN', 'LAN', '2018-07-27 10:35:40', '1'), ('2264', '1', '1', 'opr.node.batchEdit', '87', '夜晚星空', null, '127.0.0.1', 'LAN', 'LAN', '2018-07-27 10:35:40', '1'), ('2265', '1', '1', 'opr.node.batchEdit', '51', '视频', null, '127.0.0.1', 'LAN', 'LAN', '2018-07-27 10:35:40', '1'), ('2266', '1', '1', 'opr.node.batchEdit', '80', 'GWAC系统', null, '127.0.0.1', 'LAN', 'LAN', '2018-07-27 10:35:41', '1'), ('2267', '1', '1', 'opr.node.batchEdit', '81', '科学发现', null, '127.0.0.1', 'LAN', 'LAN', '2018-07-27 10:35:41', '1'), ('2268', '1', '1', 'opr.node.batchEdit', '82', '夜晚星空', null, '127.0.0.1', 'LAN', 'LAN', '2018-07-27 10:35:41', '1'), ('2269', '1', '1', 'opr.node.batchEdit', '52', '暂现源', null, '127.0.0.1', 'LAN', 'LAN', '2018-07-27 10:35:41', '1'), ('2270', '1', '1', 'opr.node.batchEdit', '83', '手机/数码', null, '127.0.0.1', 'LAN', 'LAN', '2018-07-27 10:35:41', '1'), ('2271', '1', '1', 'opr.node.batchEdit', '84', '电脑办公', null, '127.0.0.1', 'LAN', 'LAN', '2018-07-27 10:35:41', '1'), ('2272', '1', '1', 'opr.node.batchEdit', '85', '服饰/内衣', null, '127.0.0.1', 'LAN', 'LAN', '2018-07-27 10:35:41', '1'), ('2273', '1', '1', 'opr.node.batchEdit', '95', '图书/音像', null, '127.0.0.1', 'LAN', 'LAN', '2018-07-27 10:35:41', '1'), ('2274', '1', '1', 'opr.node.batchEdit', '96', '家用电器', null, '127.0.0.1', 'LAN', 'LAN', '2018-07-27 10:35:41', '1'), ('2275', '1', '1', 'opr.node.batchEdit', '49', '下载', null, '127.0.0.1', 'LAN', 'LAN', '2018-07-27 10:35:41', '1'), ('2276', '1', '1', 'opr.node.batchEdit', '77', '媒体软件', null, '127.0.0.1', 'LAN', 'LAN', '2018-07-27 10:35:41', '1'), ('2277', '1', '1', 'opr.node.batchEdit', '78', '网络软件', null, '127.0.0.1', 'LAN', 'LAN', '2018-07-27 10:35:41', '1'), ('2278', '1', '1', 'opr.node.batchEdit', '79', '系统工具', null, '127.0.0.1', 'LAN', 'LAN', '2018-07-27 10:35:41', '1'), ('2279', '1', '1', 'opr.node.batchEdit', '92', '文库', null, '127.0.0.1', 'LAN', 'LAN', '2018-07-27 10:35:41', '1'), ('2280', '1', '1', 'opr.node.batchEdit', '93', '教育文库', null, '127.0.0.1', 'LAN', 'LAN', '2018-07-27 10:35:41', '1'), ('2281', '1', '1', 'opr.node.batchEdit', '94', '专业资料', null, '127.0.0.1', 'LAN', 'LAN', '2018-07-27 10:35:41', '1'), ('2282', '1', '1', 'opr.node.batchEdit', '74', '专题', null, '127.0.0.1', 'LAN', 'LAN', '2018-07-27 10:35:41', '1'), ('2283', '1', '1', 'opr.node.batchEdit', '69', '科研论文', null, '127.0.0.1', 'LAN', 'LAN', '2018-07-27 10:35:41', '1'), ('2284', '1', '1', 'opr.node.batchEdit', '67', '留言', null, '127.0.0.1', 'LAN', 'LAN', '2018-07-27 10:35:41', '1'), ('2285', '1', '1', 'opr.node.batchEdit', '68', '关于GWAC', null, '127.0.0.1', 'LAN', 'LAN', '2018-07-27 10:35:41', '1'), ('2286', '1', '1', 'opr.html.makeHome', '1', '首页', null, '127.0.0.1', 'LAN', 'LAN', '2018-07-27 10:35:46', '1'), ('2287', '1', '1', 'opr.node.batchEdit', '1', '首页', null, '127.0.0.1', 'LAN', 'LAN', '2018-07-27 10:39:36', '1'), ('2288', '1', '1', 'opr.node.batchEdit', '36', '新发现', null, '127.0.0.1', 'LAN', 'LAN', '2018-07-27 10:39:36', '1'), ('2289', '1', '1', 'opr.node.batchEdit', '42', '重大发现', null, '127.0.0.1', 'LAN', 'LAN', '2018-07-27 10:39:36', '1'), ('2290', '1', '1', 'opr.node.batchEdit', '44', '变星', null, '127.0.0.1', 'LAN', 'LAN', '2018-07-27 10:39:36', '1'), ('2291', '1', '1', 'opr.node.batchEdit', '38', '近地目标', null, '127.0.0.1', 'LAN', 'LAN', '2018-07-27 10:39:36', '1'), ('2292', '1', '1', 'opr.node.batchEdit', '40', '流星', null, '127.0.0.1', 'LAN', 'LAN', '2018-07-27 10:39:36', '1'), ('2293', '1', '1', 'opr.node.batchEdit', '69', '科研论文', null, '127.0.0.1', 'LAN', 'LAN', '2018-07-27 10:39:36', '1'), ('2294', '1', '1', 'opr.node.batchEdit', '52', '暂现源分类', null, '127.0.0.1', 'LAN', 'LAN', '2018-07-27 10:39:36', '1'), ('2295', '1', '1', 'opr.node.batchEdit', '83', '手机/数码', null, '127.0.0.1', 'LAN', 'LAN', '2018-07-27 10:39:36', '1'), ('2296', '1', '1', 'opr.node.batchEdit', '84', '电脑办公', null, '127.0.0.1', 'LAN', 'LAN', '2018-07-27 10:39:36', '1'), ('2297', '1', '1', 'opr.node.batchEdit', '85', '服饰/内衣', null, '127.0.0.1', 'LAN', 'LAN', '2018-07-27 10:39:37', '1'), ('2298', '1', '1', 'opr.node.batchEdit', '95', '图书/音像', null, '127.0.0.1', 'LAN', 'LAN', '2018-07-27 10:39:37', '1'), ('2299', '1', '1', 'opr.node.batchEdit', '96', '家用电器', null, '127.0.0.1', 'LAN', 'LAN', '2018-07-27 10:39:37', '1'), ('2300', '1', '1', 'opr.node.batchEdit', '48', '图库', null, '127.0.0.1', 'LAN', 'LAN', '2018-07-27 10:39:37', '1'), ('2301', '1', '1', 'opr.node.batchEdit', '88', 'GWAC系统', null, '127.0.0.1', 'LAN', 'LAN', '2018-07-27 10:39:37', '1'), ('2302', '1', '1', 'opr.node.batchEdit', '90', '科学发现', null, '127.0.0.1', 'LAN', 'LAN', '2018-07-27 10:39:37', '1'), ('2303', '1', '1', 'opr.node.batchEdit', '87', '夜晚星空', null, '127.0.0.1', 'LAN', 'LAN', '2018-07-27 10:39:37', '1'), ('2304', '1', '1', 'opr.node.batchEdit', '51', '视频', null, '127.0.0.1', 'LAN', 'LAN', '2018-07-27 10:39:37', '1'), ('2305', '1', '1', 'opr.node.batchEdit', '80', 'GWAC系统', null, '127.0.0.1', 'LAN', 'LAN', '2018-07-27 10:39:37', '1'), ('2306', '1', '1', 'opr.node.batchEdit', '81', '科学发现', null, '127.0.0.1', 'LAN', 'LAN', '2018-07-27 10:39:37', '1'), ('2307', '1', '1', 'opr.node.batchEdit', '82', '夜晚星空', null, '127.0.0.1', 'LAN', 'LAN', '2018-07-27 10:39:37', '1'), ('2308', '1', '1', 'opr.node.batchEdit', '49', '下载', null, '127.0.0.1', 'LAN', 'LAN', '2018-07-27 10:39:37', '1'), ('2309', '1', '1', 'opr.node.batchEdit', '77', '媒体软件', null, '127.0.0.1', 'LAN', 'LAN', '2018-07-27 10:39:37', '1'), ('2310', '1', '1', 'opr.node.batchEdit', '78', '网络软件', null, '127.0.0.1', 'LAN', 'LAN', '2018-07-27 10:39:37', '1'), ('2311', '1', '1', 'opr.node.batchEdit', '79', '系统工具', null, '127.0.0.1', 'LAN', 'LAN', '2018-07-27 10:39:37', '1'), ('2312', '1', '1', 'opr.node.batchEdit', '92', '文库', null, '127.0.0.1', 'LAN', 'LAN', '2018-07-27 10:39:37', '1'), ('2313', '1', '1', 'opr.node.batchEdit', '93', '教育文库', null, '127.0.0.1', 'LAN', 'LAN', '2018-07-27 10:39:37', '1'), ('2314', '1', '1', 'opr.node.batchEdit', '94', '专业资料', null, '127.0.0.1', 'LAN', 'LAN', '2018-07-27 10:39:37', '1'), ('2315', '1', '1', 'opr.node.batchEdit', '74', '专题', null, '127.0.0.1', 'LAN', 'LAN', '2018-07-27 10:39:37', '1'), ('2316', '1', '1', 'opr.node.batchEdit', '67', '留言', null, '127.0.0.1', 'LAN', 'LAN', '2018-07-27 10:39:37', '1'), ('2317', '1', '1', 'opr.node.batchEdit', '68', '关于GWAC', null, '127.0.0.1', 'LAN', 'LAN', '2018-07-27 10:39:37', '1'), ('2318', '1', '1', 'opr.html.makeHome', '1', '首页', null, '127.0.0.1', 'LAN', 'LAN', '2018-07-27 10:39:42', '1'), ('2319', '1', '1', 'opr.node.batchEdit', '1', '首页', null, '127.0.0.1', 'LAN', 'LAN', '2018-07-27 10:40:36', '1'), ('2320', '1', '1', 'opr.node.batchEdit', '36', '新发现', null, '127.0.0.1', 'LAN', 'LAN', '2018-07-27 10:40:36', '1'), ('2321', '1', '1', 'opr.node.batchEdit', '42', '重大发现', null, '127.0.0.1', 'LAN', 'LAN', '2018-07-27 10:40:36', '1'), ('2322', '1', '1', 'opr.node.batchEdit', '44', '变星', null, '127.0.0.1', 'LAN', 'LAN', '2018-07-27 10:40:36', '1'), ('2323', '1', '1', 'opr.node.batchEdit', '38', '近地目标', null, '127.0.0.1', 'LAN', 'LAN', '2018-07-27 10:40:36', '1'), ('2324', '1', '1', 'opr.node.batchEdit', '40', '流星', null, '127.0.0.1', 'LAN', 'LAN', '2018-07-27 10:40:36', '1'), ('2325', '1', '1', 'opr.node.batchEdit', '69', '科研论文', null, '127.0.0.1', 'LAN', 'LAN', '2018-07-27 10:40:36', '1'), ('2326', '1', '1', 'opr.node.batchEdit', '52', '暂现源', null, '127.0.0.1', 'LAN', 'LAN', '2018-07-27 10:40:36', '1'), ('2327', '1', '1', 'opr.node.batchEdit', '83', '手机/数码', null, '127.0.0.1', 'LAN', 'LAN', '2018-07-27 10:40:36', '1'), ('2328', '1', '1', 'opr.node.batchEdit', '84', '电脑办公', null, '127.0.0.1', 'LAN', 'LAN', '2018-07-27 10:40:36', '1'), ('2329', '1', '1', 'opr.node.batchEdit', '85', '服饰/内衣', null, '127.0.0.1', 'LAN', 'LAN', '2018-07-27 10:40:36', '1'), ('2330', '1', '1', 'opr.node.batchEdit', '95', '图书/音像', null, '127.0.0.1', 'LAN', 'LAN', '2018-07-27 10:40:36', '1'), ('2331', '1', '1', 'opr.node.batchEdit', '96', '家用电器', null, '127.0.0.1', 'LAN', 'LAN', '2018-07-27 10:40:36', '1'), ('2332', '1', '1', 'opr.node.batchEdit', '48', '图库', null, '127.0.0.1', 'LAN', 'LAN', '2018-07-27 10:40:36', '1'), ('2333', '1', '1', 'opr.node.batchEdit', '88', 'GWAC系统', null, '127.0.0.1', 'LAN', 'LAN', '2018-07-27 10:40:37', '1'), ('2334', '1', '1', 'opr.node.batchEdit', '90', '科学发现', null, '127.0.0.1', 'LAN', 'LAN', '2018-07-27 10:40:37', '1'), ('2335', '1', '1', 'opr.node.batchEdit', '87', '夜晚星空', null, '127.0.0.1', 'LAN', 'LAN', '2018-07-27 10:40:37', '1'), ('2336', '1', '1', 'opr.node.batchEdit', '51', '视频', null, '127.0.0.1', 'LAN', 'LAN', '2018-07-27 10:40:37', '1'), ('2337', '1', '1', 'opr.node.batchEdit', '80', 'GWAC系统', null, '127.0.0.1', 'LAN', 'LAN', '2018-07-27 10:40:37', '1'), ('2338', '1', '1', 'opr.node.batchEdit', '81', '科学发现', null, '127.0.0.1', 'LAN', 'LAN', '2018-07-27 10:40:37', '1'), ('2339', '1', '1', 'opr.node.batchEdit', '82', '夜晚星空', null, '127.0.0.1', 'LAN', 'LAN', '2018-07-27 10:40:37', '1'), ('2340', '1', '1', 'opr.node.batchEdit', '49', '下载', null, '127.0.0.1', 'LAN', 'LAN', '2018-07-27 10:40:37', '1'), ('2341', '1', '1', 'opr.node.batchEdit', '77', '媒体软件', null, '127.0.0.1', 'LAN', 'LAN', '2018-07-27 10:40:37', '1'), ('2342', '1', '1', 'opr.node.batchEdit', '78', '网络软件', null, '127.0.0.1', 'LAN', 'LAN', '2018-07-27 10:40:37', '1'), ('2343', '1', '1', 'opr.node.batchEdit', '79', '系统工具', null, '127.0.0.1', 'LAN', 'LAN', '2018-07-27 10:40:37', '1'), ('2344', '1', '1', 'opr.node.batchEdit', '92', '文库', null, '127.0.0.1', 'LAN', 'LAN', '2018-07-27 10:40:37', '1'), ('2345', '1', '1', 'opr.node.batchEdit', '93', '教育文库', null, '127.0.0.1', 'LAN', 'LAN', '2018-07-27 10:40:37', '1'), ('2346', '1', '1', 'opr.node.batchEdit', '94', '专业资料', null, '127.0.0.1', 'LAN', 'LAN', '2018-07-27 10:40:37', '1'), ('2347', '1', '1', 'opr.node.batchEdit', '74', '专题', null, '127.0.0.1', 'LAN', 'LAN', '2018-07-27 10:40:37', '1'), ('2348', '1', '1', 'opr.node.batchEdit', '67', '留言', null, '127.0.0.1', 'LAN', 'LAN', '2018-07-27 10:40:37', '1');
INSERT INTO `cms_operation_log` VALUES ('2349', '1', '1', 'opr.node.batchEdit', '68', '关于GWAC', null, '127.0.0.1', 'LAN', 'LAN', '2018-07-27 10:40:37', '1'), ('2350', '1', '1', 'opr.html.makeHome', '1', '首页', null, '127.0.0.1', 'LAN', 'LAN', '2018-07-27 10:40:40', '1'), ('2351', '1', '1', 'opr.node.edit', '1', '首页', null, '127.0.0.1', 'LAN', 'LAN', '2018-07-27 10:46:42', '1'), ('2352', '1', '1', 'opr.memberGroup.edit', '0', '游客组', null, '127.0.0.1', 'LAN', 'LAN', '2018-07-27 10:48:31', '1'), ('2353', '1', '1', 'login.logout', null, null, null, '127.0.0.1', 'LAN', 'LAN', '2018-07-27 10:48:38', '2'), ('2354', '1', '1', 'login.success', null, null, null, '127.0.0.1', 'LAN', 'LAN', '2018-07-27 11:47:28', '2'), ('2355', '1', '1', 'opr.memberGroup.edit', '1', '普通成员', null, '127.0.0.1', 'LAN', 'LAN', '2018-07-27 12:15:24', '1'), ('2356', '1', '1', 'opr.memberGroup.add', '13', 'GWAC成员', null, '127.0.0.1', 'LAN', 'LAN', '2018-07-27 12:15:45', '1'), ('2357', '1', '1', 'opr.node.batchEdit', '1', '首页', null, '127.0.0.1', 'LAN', 'LAN', '2018-07-27 12:20:48', '1'), ('2358', '1', '1', 'opr.node.batchEdit', '36', '新发现', null, '127.0.0.1', 'LAN', 'LAN', '2018-07-27 12:20:48', '1'), ('2359', '1', '1', 'opr.node.batchEdit', '42', '重大发现', null, '127.0.0.1', 'LAN', 'LAN', '2018-07-27 12:20:48', '1'), ('2360', '1', '1', 'opr.node.batchEdit', '44', '变星', null, '127.0.0.1', 'LAN', 'LAN', '2018-07-27 12:20:48', '1'), ('2361', '1', '1', 'opr.node.batchEdit', '38', '近地目标', null, '127.0.0.1', 'LAN', 'LAN', '2018-07-27 12:20:48', '1'), ('2362', '1', '1', 'opr.node.batchEdit', '40', '流星', null, '127.0.0.1', 'LAN', 'LAN', '2018-07-27 12:20:48', '1'), ('2363', '1', '1', 'opr.node.batchEdit', '69', '科研论文', null, '127.0.0.1', 'LAN', 'LAN', '2018-07-27 12:20:48', '1'), ('2364', '1', '1', 'opr.node.batchEdit', '52', '暂现源', null, '127.0.0.1', 'LAN', 'LAN', '2018-07-27 12:20:48', '1'), ('2365', '1', '1', 'opr.node.batchEdit', '83', '微引力透镜', null, '127.0.0.1', 'LAN', 'LAN', '2018-07-27 12:20:48', '1'), ('2366', '1', '1', 'opr.node.batchEdit', '84', '星系', null, '127.0.0.1', 'LAN', 'LAN', '2018-07-27 12:20:48', '1'), ('2367', '1', '1', 'opr.node.batchEdit', '85', '系外行星', null, '127.0.0.1', 'LAN', 'LAN', '2018-07-27 12:20:48', '1'), ('2368', '1', '1', 'opr.node.batchEdit', '95', '流星', null, '127.0.0.1', 'LAN', 'LAN', '2018-07-27 12:20:49', '1'), ('2369', '1', '1', 'opr.node.batchEdit', '96', 'GWAC暂现源', null, '127.0.0.1', 'LAN', 'LAN', '2018-07-27 12:20:49', '1'), ('2370', '1', '1', 'opr.node.batchEdit', '48', '图库', null, '127.0.0.1', 'LAN', 'LAN', '2018-07-27 12:20:49', '1'), ('2371', '1', '1', 'opr.node.batchEdit', '88', 'GWAC系统', null, '127.0.0.1', 'LAN', 'LAN', '2018-07-27 12:20:49', '1'), ('2372', '1', '1', 'opr.node.batchEdit', '90', '科学发现', null, '127.0.0.1', 'LAN', 'LAN', '2018-07-27 12:20:49', '1'), ('2373', '1', '1', 'opr.node.batchEdit', '87', '夜晚星空', null, '127.0.0.1', 'LAN', 'LAN', '2018-07-27 12:20:49', '1'), ('2374', '1', '1', 'opr.node.batchEdit', '51', '视频', null, '127.0.0.1', 'LAN', 'LAN', '2018-07-27 12:20:49', '1'), ('2375', '1', '1', 'opr.node.batchEdit', '80', 'GWAC系统', null, '127.0.0.1', 'LAN', 'LAN', '2018-07-27 12:20:49', '1'), ('2376', '1', '1', 'opr.node.batchEdit', '81', '科学发现', null, '127.0.0.1', 'LAN', 'LAN', '2018-07-27 12:20:49', '1'), ('2377', '1', '1', 'opr.node.batchEdit', '82', '夜晚星空', null, '127.0.0.1', 'LAN', 'LAN', '2018-07-27 12:20:49', '1'), ('2378', '1', '1', 'opr.node.batchEdit', '49', '下载', null, '127.0.0.1', 'LAN', 'LAN', '2018-07-27 12:20:49', '1'), ('2379', '1', '1', 'opr.node.batchEdit', '77', '共享数据', null, '127.0.0.1', 'LAN', 'LAN', '2018-07-27 12:20:49', '1'), ('2380', '1', '1', 'opr.node.batchEdit', '78', 'GWAC内部数据', null, '127.0.0.1', 'LAN', 'LAN', '2018-07-27 12:20:49', '1'), ('2381', '1', '1', 'opr.node.batchEdit', '79', '私有数据', null, '127.0.0.1', 'LAN', 'LAN', '2018-07-27 12:20:49', '1'), ('2382', '1', '1', 'opr.node.batchEdit', '92', '文库', null, '127.0.0.1', 'LAN', 'LAN', '2018-07-27 12:20:49', '1'), ('2383', '1', '1', 'opr.node.batchEdit', '93', '共享文档', null, '127.0.0.1', 'LAN', 'LAN', '2018-07-27 12:20:49', '1'), ('2384', '1', '1', 'opr.node.batchEdit', '94', '私有文档', null, '127.0.0.1', 'LAN', 'LAN', '2018-07-27 12:20:49', '1'), ('2385', '1', '1', 'opr.node.batchEdit', '74', '专题', null, '127.0.0.1', 'LAN', 'LAN', '2018-07-27 12:20:49', '1'), ('2386', '1', '1', 'opr.node.batchEdit', '67', '留言', null, '127.0.0.1', 'LAN', 'LAN', '2018-07-27 12:20:49', '1'), ('2387', '1', '1', 'opr.node.batchEdit', '68', '关于GWAC', null, '127.0.0.1', 'LAN', 'LAN', '2018-07-27 12:20:49', '1'), ('2388', '1', '1', 'opr.html.makeHome', '1', '首页', null, '127.0.0.1', 'LAN', 'LAN', '2018-07-27 12:20:57', '1'), ('2389', '1', '1', 'opr.memberGroup.edit', '1', '普通成员', null, '127.0.0.1', 'LAN', 'LAN', '2018-07-27 12:27:04', '1'), ('2390', '1', '1', 'opr.user.edit', '31', 'xyag', null, '127.0.0.1', 'LAN', 'LAN', '2018-07-27 12:28:02', '1'), ('2391', '1', '1', 'opr.role.delete', '27', '功能角色', null, '127.0.0.1', 'LAN', 'LAN', '2018-07-27 12:29:29', '1'), ('2392', '1', '1', 'opr.role.delete', '28', '栏目角色', null, '127.0.0.1', 'LAN', 'LAN', '2018-07-27 12:29:31', '1'), ('2393', '1', '1', 'opr.role.delete', '29', '文档角色', null, '127.0.0.1', 'LAN', 'LAN', '2018-07-27 12:29:33', '1'), ('2394', '1', '1', 'opr.user.edit', '41', 'xyag1', null, '127.0.0.1', 'LAN', 'LAN', '2018-07-27 12:30:58', '1'), ('2395', '1', '1', 'opr.user.delete', '42', 'xy2', null, '127.0.0.1', 'LAN', 'LAN', '2018-07-27 12:31:09', '1'), ('2396', '1', '1', 'opr.user.delete', '43', 'xy3', null, '127.0.0.1', 'LAN', 'LAN', '2018-07-27 12:31:11', '1'), ('2397', '1', '1', 'opr.user.edit', '31', 'xyag', null, '127.0.0.1', 'LAN', 'LAN', '2018-07-27 12:32:44', '1'), ('2398', '1', '1', 'opr.role.batchEdit', '1', '超级管理员', null, '127.0.0.1', 'LAN', 'LAN', '2018-07-27 12:33:16', '1'), ('2399', '1', '1', 'opr.role.batchEdit', '17', '管理员', null, '127.0.0.1', 'LAN', 'LAN', '2018-07-27 12:33:17', '1'), ('2400', '1', '1', 'opr.role.batchEdit', '1', '超级管理员', null, '127.0.0.1', 'LAN', 'LAN', '2018-07-27 12:33:29', '1'), ('2401', '1', '1', 'opr.role.batchEdit', '17', '管理员', null, '127.0.0.1', 'LAN', 'LAN', '2018-07-27 12:33:29', '1'), ('2402', '1', '1', 'opr.user.edit', '41', 'xyag1', null, '127.0.0.1', 'LAN', 'LAN', '2018-07-27 12:34:06', '1'), ('2403', '1', '1', 'opr.html.makeHome', '1', '首页', null, '127.0.0.1', 'LAN', 'LAN', '2018-07-27 12:34:59', '1'), ('2404', '1', '1', 'login.logout', null, null, null, '127.0.0.1', 'LAN', 'LAN', '2018-07-27 12:35:15', '2'), ('2405', '31', '1', 'login.success', null, null, null, '127.0.0.1', 'LAN', 'LAN', '2018-07-27 12:35:26', '2'), ('2406', '31', '1', 'login.logout', null, null, null, '127.0.0.1', 'LAN', 'LAN', '2018-07-27 12:35:56', '2'), ('2407', '41', '1', 'login.success', null, null, null, '127.0.0.1', 'LAN', 'LAN', '2018-07-27 12:36:04', '2'), ('2408', '41', '1', 'login.logout', null, null, null, '127.0.0.1', 'LAN', 'LAN', '2018-07-27 12:36:42', '2'), ('2409', '1', '1', 'login.success', null, null, null, '127.0.0.1', 'LAN', 'LAN', '2018-07-27 12:36:57', '2'), ('2410', '1', '1', 'opr.role.edit', '17', '管理员', null, '127.0.0.1', 'LAN', 'LAN', '2018-07-27 12:39:13', '1'), ('2411', '1', '1', 'login.logout', null, null, null, '127.0.0.1', 'LAN', 'LAN', '2018-07-27 12:39:24', '2'), ('2412', '31', '1', 'login.success', null, null, null, '127.0.0.1', 'LAN', 'LAN', '2018-07-27 12:39:34', '2'), ('2413', '31', '1', 'login.logout', null, null, null, '127.0.0.1', 'LAN', 'LAN', '2018-07-27 12:40:47', '2'), ('2414', '1', '1', 'login.success', null, null, null, '127.0.0.1', 'LAN', 'LAN', '2018-07-27 12:40:55', '2'), ('2415', '1', '1', 'opr.role.edit', '17', '管理员', null, '127.0.0.1', 'LAN', 'LAN', '2018-07-27 12:42:57', '1'), ('2416', '1', '1', 'login.logout', null, null, null, '127.0.0.1', 'LAN', 'LAN', '2018-07-27 12:43:04', '2'), ('2417', '31', '1', 'login.success', null, null, null, '127.0.0.1', 'LAN', 'LAN', '2018-07-27 12:43:11', '2'), ('2418', '31', '1', 'login.logout', null, null, null, '127.0.0.1', 'LAN', 'LAN', '2018-07-27 13:16:51', '2'), ('2419', '1', '1', 'login.success', null, null, null, '127.0.0.1', 'LAN', 'LAN', '2018-07-27 13:16:59', '2'), ('2420', '1', '1', 'opr.model.batchEdit', '2', '新闻', null, '127.0.0.1', 'LAN', 'LAN', '2018-07-27 13:23:37', '1'), ('2421', '1', '1', 'opr.model.batchEdit', '5', '图集', null, '127.0.0.1', 'LAN', 'LAN', '2018-07-27 13:23:37', '1'), ('2422', '1', '1', 'opr.model.batchEdit', '7', '下载', null, '127.0.0.1', 'LAN', 'LAN', '2018-07-27 13:23:37', '1'), ('2423', '1', '1', 'opr.model.batchEdit', '9', '视频1', null, '127.0.0.1', 'LAN', 'LAN', '2018-07-27 13:23:37', '1'), ('2424', '1', '1', 'opr.model.batchEdit', '23', '视频2', null, '127.0.0.1', 'LAN', 'LAN', '2018-07-27 13:23:37', '1'), ('2425', '1', '1', 'opr.model.batchEdit', '24', '微引力透镜', null, '127.0.0.1', 'LAN', 'LAN', '2018-07-27 13:23:37', '1'), ('2426', '1', '1', 'opr.model.batchEdit', '25', '星系', null, '127.0.0.1', 'LAN', 'LAN', '2018-07-27 13:23:37', '1'), ('2427', '1', '1', 'opr.model.batchEdit', '11', '系外行星', null, '127.0.0.1', 'LAN', 'LAN', '2018-07-27 13:23:37', '1'), ('2428', '1', '1', 'opr.model.batchEdit', '26', '流星', null, '127.0.0.1', 'LAN', 'LAN', '2018-07-27 13:23:37', '1'), ('2429', '1', '1', 'opr.model.batchEdit', '27', 'GWAC暂现源', null, '127.0.0.1', 'LAN', 'LAN', '2018-07-27 13:23:37', '1'), ('2430', '1', '1', 'opr.model.batchEdit', '20', '文库', null, '127.0.0.1', 'LAN', 'LAN', '2018-07-27 13:23:37', '1'), ('2431', '1', '1', 'opr.model.batchEdit', '21', '科研论文', null, '127.0.0.1', 'LAN', 'LAN', '2018-07-27 13:23:37', '1'), ('2432', '1', '1', 'opr.model.batchEdit', '3', '新闻', null, '127.0.0.1', 'LAN', 'LAN', '2018-07-27 13:26:03', '1'), ('2433', '1', '1', 'opr.model.batchEdit', '4', '图集', null, '127.0.0.1', 'LAN', 'LAN', '2018-07-27 13:26:03', '1'), ('2434', '1', '1', 'opr.model.batchEdit', '6', '下载', null, '127.0.0.1', 'LAN', 'LAN', '2018-07-27 13:26:03', '1'), ('2435', '1', '1', 'opr.model.batchEdit', '8', '视频', null, '127.0.0.1', 'LAN', 'LAN', '2018-07-27 13:26:03', '1'), ('2436', '1', '1', 'opr.model.batchEdit', '10', '暂现源', null, '127.0.0.1', 'LAN', 'LAN', '2018-07-27 13:26:03', '1'), ('2437', '1', '1', 'opr.model.batchEdit', '19', '文库', null, '127.0.0.1', 'LAN', 'LAN', '2018-07-27 13:26:03', '1'), ('2438', '1', '1', 'opr.model.batchEdit', '13', '科研论文', null, '127.0.0.1', 'LAN', 'LAN', '2018-07-27 13:26:03', '1'), ('2439', '1', '1', 'opr.model.batchEdit', '16', '转向链接', null, '127.0.0.1', 'LAN', 'LAN', '2018-07-27 13:26:03', '1'), ('2440', '1', '1', 'opr.friendlinkType.add', '15', '合作单位', null, '127.0.0.1', 'LAN', 'LAN', '2018-07-27 13:29:05', '1'), ('2441', '1', '1', 'opr.friendlinkType.add', '16', '所属单位', null, '127.0.0.1', 'LAN', 'LAN', '2018-07-27 13:29:51', '1'), ('2442', '1', '1', 'opr.friendlink.edit', '7', '国家天文台', null, '127.0.0.1', 'LAN', 'LAN', '2018-07-27 13:30:46', '1'), ('2443', '1', '1', 'opr.friendlink.edit', '8', '兴隆观测站', null, '127.0.0.1', 'LAN', 'LAN', '2018-07-27 13:31:58', '1'), ('2444', '1', '1', 'opr.friendlink.edit', '7', '国家天文台', null, '127.0.0.1', 'LAN', 'LAN', '2018-07-27 13:32:38', '1'), ('2445', '1', '1', 'opr.friendlink.edit', '8', '兴隆观测站', null, '127.0.0.1', 'LAN', 'LAN', '2018-07-27 13:33:25', '1'), ('2446', '1', '1', 'opr.friendlink.edit', '9', '中法合作SVOM', null, '127.0.0.1', 'LAN', 'LAN', '2018-07-27 13:34:42', '1'), ('2447', '1', '1', 'opr.friendlink.add', '22', '中国天文科普网', null, '127.0.0.1', 'LAN', 'LAN', '2018-07-27 13:42:17', '1'), ('2448', '1', '1', 'opr.ad.delete', '2', 'jspxcms演示广告', null, '127.0.0.1', 'LAN', 'LAN', '2018-07-27 13:48:20', '1');
INSERT INTO `cms_operation_log` VALUES ('2449', '1', '1', 'opr.html.makeHome', '1', '首页', null, '127.0.0.1', 'LAN', 'LAN', '2018-07-27 13:48:30', '1'), ('2450', '1', '1', 'opr.webFile.delete', null, '/1/image/public/201807/20180727214043_5igjuic51f.jpg', null, '127.0.0.1', 'LAN', 'LAN', '2018-07-27 13:50:31', '1'), ('2451', '1', '1', 'login.logout', null, null, null, '127.0.0.1', 'LAN', 'LAN', '2018-07-27 13:53:49', '2'), ('2452', '1', '1', 'login.success', null, null, null, '127.0.0.1', 'LAN', 'LAN', '2018-07-27 14:24:10', '2'), ('2453', '1', '1', 'opr.html.makeHome', '1', '首页', null, '127.0.0.1', 'LAN', 'LAN', '2018-07-27 14:24:16', '1'), ('2454', '1', '1', 'opr.html.makeHome', '1', '首页', null, '127.0.0.1', 'LAN', 'LAN', '2018-07-27 14:25:12', '1'), ('2455', '1', '1', 'login.logout', null, null, null, '127.0.0.1', 'LAN', 'LAN', '2018-07-27 14:25:21', '2'), ('2456', '1', '1', 'login.success', null, null, null, '127.0.0.1', 'LAN', 'LAN', '2018-07-27 14:25:56', '2'), ('2457', '1', '1', 'opr.html.makeHome', '1', '首页', null, '127.0.0.1', 'LAN', 'LAN', '2018-07-27 14:25:59', '1'), ('2458', '1', '1', 'login.logout', null, null, null, '127.0.0.1', 'LAN', 'LAN', '2018-07-27 14:26:07', '2'), ('2459', '1', '1', 'login.success', null, null, null, '127.0.0.1', 'LAN', 'LAN', '2018-07-27 14:50:42', '2'), ('2460', '1', '1', 'opr.html.makeHome', '1', '首页', null, '127.0.0.1', 'LAN', 'LAN', '2018-07-27 14:50:49', '1'), ('2461', '1', '1', 'login.logout', null, null, null, '127.0.0.1', 'LAN', 'LAN', '2018-07-27 14:52:02', '2'), ('2467', '1', '1', 'login.success', null, null, null, '127.0.0.1', 'LAN', 'LAN', '2018-07-27 15:34:10', '2'), ('2468', '1', '1', 'opr.node.batchEdit', '1', '首页', null, '127.0.0.1', 'LAN', 'LAN', '2018-07-27 15:37:36', '1'), ('2469', '1', '1', 'opr.node.batchEdit', '36', '新闻', null, '127.0.0.1', 'LAN', 'LAN', '2018-07-27 15:37:36', '1'), ('2470', '1', '1', 'opr.node.batchEdit', '42', '重大发现', null, '127.0.0.1', 'LAN', 'LAN', '2018-07-27 15:37:36', '1'), ('2471', '1', '1', 'opr.node.batchEdit', '44', '学术交流', null, '127.0.0.1', 'LAN', 'LAN', '2018-07-27 15:37:36', '1'), ('2472', '1', '1', 'opr.node.batchEdit', '38', '运行简报', null, '127.0.0.1', 'LAN', 'LAN', '2018-07-27 15:37:36', '1'), ('2473', '1', '1', 'opr.node.batchEdit', '40', '科普宣传', null, '127.0.0.1', 'LAN', 'LAN', '2018-07-27 15:37:36', '1'), ('2474', '1', '1', 'opr.node.batchEdit', '69', '科研论文', null, '127.0.0.1', 'LAN', 'LAN', '2018-07-27 15:37:36', '1'), ('2475', '1', '1', 'opr.node.batchEdit', '52', '暂现源', null, '127.0.0.1', 'LAN', 'LAN', '2018-07-27 15:37:36', '1'), ('2476', '1', '1', 'opr.node.batchEdit', '83', '微引力透镜', null, '127.0.0.1', 'LAN', 'LAN', '2018-07-27 15:37:36', '1'), ('2477', '1', '1', 'opr.node.batchEdit', '84', '星系', null, '127.0.0.1', 'LAN', 'LAN', '2018-07-27 15:37:36', '1'), ('2478', '1', '1', 'opr.node.batchEdit', '85', '系外行星', null, '127.0.0.1', 'LAN', 'LAN', '2018-07-27 15:37:36', '1'), ('2479', '1', '1', 'opr.node.batchEdit', '95', '流星', null, '127.0.0.1', 'LAN', 'LAN', '2018-07-27 15:37:36', '1'), ('2480', '1', '1', 'opr.node.batchEdit', '96', 'GWAC暂现源', null, '127.0.0.1', 'LAN', 'LAN', '2018-07-27 15:37:36', '1'), ('2481', '1', '1', 'opr.node.batchEdit', '48', '图库', null, '127.0.0.1', 'LAN', 'LAN', '2018-07-27 15:37:36', '1'), ('2482', '1', '1', 'opr.node.batchEdit', '88', 'GWAC系统', null, '127.0.0.1', 'LAN', 'LAN', '2018-07-27 15:37:36', '1'), ('2483', '1', '1', 'opr.node.batchEdit', '90', '科学发现', null, '127.0.0.1', 'LAN', 'LAN', '2018-07-27 15:37:36', '1'), ('2484', '1', '1', 'opr.node.batchEdit', '87', '夜晚星空', null, '127.0.0.1', 'LAN', 'LAN', '2018-07-27 15:37:37', '1'), ('2485', '1', '1', 'opr.node.batchEdit', '51', '视频', null, '127.0.0.1', 'LAN', 'LAN', '2018-07-27 15:37:37', '1'), ('2486', '1', '1', 'opr.node.batchEdit', '80', 'GWAC系统', null, '127.0.0.1', 'LAN', 'LAN', '2018-07-27 15:37:37', '1'), ('2487', '1', '1', 'opr.node.batchEdit', '81', '科学发现', null, '127.0.0.1', 'LAN', 'LAN', '2018-07-27 15:37:37', '1'), ('2488', '1', '1', 'opr.node.batchEdit', '82', '夜晚星空', null, '127.0.0.1', 'LAN', 'LAN', '2018-07-27 15:37:37', '1'), ('2489', '1', '1', 'opr.node.batchEdit', '49', '下载', null, '127.0.0.1', 'LAN', 'LAN', '2018-07-27 15:37:37', '1'), ('2490', '1', '1', 'opr.node.batchEdit', '77', '共享数据', null, '127.0.0.1', 'LAN', 'LAN', '2018-07-27 15:37:37', '1'), ('2491', '1', '1', 'opr.node.batchEdit', '78', 'GWAC内部数据', null, '127.0.0.1', 'LAN', 'LAN', '2018-07-27 15:37:37', '1'), ('2492', '1', '1', 'opr.node.batchEdit', '79', '私有数据', null, '127.0.0.1', 'LAN', 'LAN', '2018-07-27 15:37:37', '1'), ('2493', '1', '1', 'opr.node.batchEdit', '92', '文库', null, '127.0.0.1', 'LAN', 'LAN', '2018-07-27 15:37:37', '1'), ('2494', '1', '1', 'opr.node.batchEdit', '93', '共享文档', null, '127.0.0.1', 'LAN', 'LAN', '2018-07-27 15:37:37', '1'), ('2495', '1', '1', 'opr.node.batchEdit', '94', '私有文档', null, '127.0.0.1', 'LAN', 'LAN', '2018-07-27 15:37:37', '1'), ('2496', '1', '1', 'opr.node.batchEdit', '74', '专题', null, '127.0.0.1', 'LAN', 'LAN', '2018-07-27 15:37:37', '1'), ('2497', '1', '1', 'opr.node.batchEdit', '67', '留言', null, '127.0.0.1', 'LAN', 'LAN', '2018-07-27 15:37:37', '1'), ('2498', '1', '1', 'opr.node.batchEdit', '68', '关于GWAC', null, '127.0.0.1', 'LAN', 'LAN', '2018-07-27 15:37:37', '1'), ('2499', '1', '1', 'opr.html.makeHome', '1', '首页', null, '127.0.0.1', 'LAN', 'LAN', '2018-07-27 15:40:09', '1'), ('2507', '1', '1', 'login.success', null, null, null, '127.0.0.1', 'LAN', 'LAN', '2018-07-27 23:20:10', '2'), ('2508', '1', '1', 'opr.confSite.baseEdit', '1', 'GWAC科学产品管理系统', null, '127.0.0.1', 'LAN', 'LAN', '2018-07-27 23:20:33', '1'), ('2509', '1', '1', 'opr.node.batchEdit', '1', '首页', null, '127.0.0.1', 'LAN', 'LAN', '2018-07-27 23:27:18', '1'), ('2510', '1', '1', 'opr.node.batchEdit', '36', '新闻', null, '127.0.0.1', 'LAN', 'LAN', '2018-07-27 23:27:18', '1'), ('2511', '1', '1', 'opr.node.batchEdit', '42', '重大发现', null, '127.0.0.1', 'LAN', 'LAN', '2018-07-27 23:27:18', '1'), ('2512', '1', '1', 'opr.node.batchEdit', '44', '学术交流', null, '127.0.0.1', 'LAN', 'LAN', '2018-07-27 23:27:18', '1'), ('2513', '1', '1', 'opr.node.batchEdit', '38', '运行简报', null, '127.0.0.1', 'LAN', 'LAN', '2018-07-27 23:27:18', '1'), ('2514', '1', '1', 'opr.node.batchEdit', '40', '科普宣传', null, '127.0.0.1', 'LAN', 'LAN', '2018-07-27 23:27:18', '1'), ('2515', '1', '1', 'opr.node.batchEdit', '69', '科研论文', null, '127.0.0.1', 'LAN', 'LAN', '2018-07-27 23:27:18', '1'), ('2516', '1', '1', 'opr.node.batchEdit', '52', '暂现源', null, '127.0.0.1', 'LAN', 'LAN', '2018-07-27 23:27:18', '1'), ('2517', '1', '1', 'opr.node.batchEdit', '83', '微引力透镜', null, '127.0.0.1', 'LAN', 'LAN', '2018-07-27 23:27:18', '1'), ('2518', '1', '1', 'opr.node.batchEdit', '84', '星系', null, '127.0.0.1', 'LAN', 'LAN', '2018-07-27 23:27:18', '1'), ('2519', '1', '1', 'opr.node.batchEdit', '85', '系外行星', null, '127.0.0.1', 'LAN', 'LAN', '2018-07-27 23:27:18', '1'), ('2520', '1', '1', 'opr.node.batchEdit', '95', '流星', null, '127.0.0.1', 'LAN', 'LAN', '2018-07-27 23:27:18', '1'), ('2521', '1', '1', 'opr.node.batchEdit', '96', 'GWAC暂现源', null, '127.0.0.1', 'LAN', 'LAN', '2018-07-27 23:27:18', '1'), ('2522', '1', '1', 'opr.node.batchEdit', '48', '图库', null, '127.0.0.1', 'LAN', 'LAN', '2018-07-27 23:27:18', '1'), ('2523', '1', '1', 'opr.node.batchEdit', '88', 'GWAC系统', null, '127.0.0.1', 'LAN', 'LAN', '2018-07-27 23:27:18', '1'), ('2524', '1', '1', 'opr.node.batchEdit', '90', '科学发现', null, '127.0.0.1', 'LAN', 'LAN', '2018-07-27 23:27:18', '1'), ('2525', '1', '1', 'opr.node.batchEdit', '87', '夜晚星空', null, '127.0.0.1', 'LAN', 'LAN', '2018-07-27 23:27:18', '1'), ('2526', '1', '1', 'opr.node.batchEdit', '51', '视频', null, '127.0.0.1', 'LAN', 'LAN', '2018-07-27 23:27:18', '1'), ('2527', '1', '1', 'opr.node.batchEdit', '80', 'GWAC系统', null, '127.0.0.1', 'LAN', 'LAN', '2018-07-27 23:27:18', '1'), ('2528', '1', '1', 'opr.node.batchEdit', '81', '科学发现', null, '127.0.0.1', 'LAN', 'LAN', '2018-07-27 23:27:18', '1'), ('2529', '1', '1', 'opr.node.batchEdit', '82', '夜晚星空', null, '127.0.0.1', 'LAN', 'LAN', '2018-07-27 23:27:19', '1'), ('2530', '1', '1', 'opr.node.batchEdit', '49', '下载', null, '127.0.0.1', 'LAN', 'LAN', '2018-07-27 23:27:19', '1'), ('2531', '1', '1', 'opr.node.batchEdit', '77', '共享数据', null, '127.0.0.1', 'LAN', 'LAN', '2018-07-27 23:27:19', '1'), ('2532', '1', '1', 'opr.node.batchEdit', '78', 'GWAC内部数据', null, '127.0.0.1', 'LAN', 'LAN', '2018-07-27 23:27:19', '1'), ('2533', '1', '1', 'opr.node.batchEdit', '79', '私有数据', null, '127.0.0.1', 'LAN', 'LAN', '2018-07-27 23:27:19', '1'), ('2534', '1', '1', 'opr.node.batchEdit', '92', '文库', null, '127.0.0.1', 'LAN', 'LAN', '2018-07-27 23:27:19', '1'), ('2535', '1', '1', 'opr.node.batchEdit', '93', '共享文档', null, '127.0.0.1', 'LAN', 'LAN', '2018-07-27 23:27:19', '1'), ('2536', '1', '1', 'opr.node.batchEdit', '94', '私有文档', null, '127.0.0.1', 'LAN', 'LAN', '2018-07-27 23:27:19', '1'), ('2537', '1', '1', 'opr.node.batchEdit', '74', '专题', null, '127.0.0.1', 'LAN', 'LAN', '2018-07-27 23:27:19', '1'), ('2538', '1', '1', 'opr.node.batchEdit', '67', '留言', null, '127.0.0.1', 'LAN', 'LAN', '2018-07-27 23:27:19', '1'), ('2539', '1', '1', 'opr.node.batchEdit', '68', '关于GWAC', null, '127.0.0.1', 'LAN', 'LAN', '2018-07-27 23:27:19', '1'), ('2540', '1', '1', 'opr.html.makeHome', '1', '首页', null, '127.0.0.1', 'LAN', 'LAN', '2018-07-27 23:27:22', '1'), ('2541', '1', '1', 'opr.node.batchEdit', '1', '首页', null, '127.0.0.1', 'LAN', 'LAN', '2018-07-27 23:28:38', '1'), ('2542', '1', '1', 'opr.node.batchEdit', '36', '新闻', null, '127.0.0.1', 'LAN', 'LAN', '2018-07-27 23:28:38', '1'), ('2543', '1', '1', 'opr.node.batchEdit', '42', '重大发现', null, '127.0.0.1', 'LAN', 'LAN', '2018-07-27 23:28:38', '1'), ('2544', '1', '1', 'opr.node.batchEdit', '44', '学术交流', null, '127.0.0.1', 'LAN', 'LAN', '2018-07-27 23:28:38', '1'), ('2545', '1', '1', 'opr.node.batchEdit', '38', '运行简报', null, '127.0.0.1', 'LAN', 'LAN', '2018-07-27 23:28:38', '1'), ('2546', '1', '1', 'opr.node.batchEdit', '40', '科普宣传', null, '127.0.0.1', 'LAN', 'LAN', '2018-07-27 23:28:38', '1'), ('2547', '1', '1', 'opr.node.batchEdit', '69', '科研论文', null, '127.0.0.1', 'LAN', 'LAN', '2018-07-27 23:28:38', '1'), ('2548', '1', '1', 'opr.node.batchEdit', '52', '暂现源', null, '127.0.0.1', 'LAN', 'LAN', '2018-07-27 23:28:38', '1'), ('2549', '1', '1', 'opr.node.batchEdit', '83', '微引力透镜', null, '127.0.0.1', 'LAN', 'LAN', '2018-07-27 23:28:38', '1'), ('2550', '1', '1', 'opr.node.batchEdit', '84', '星系', null, '127.0.0.1', 'LAN', 'LAN', '2018-07-27 23:28:38', '1'), ('2551', '1', '1', 'opr.node.batchEdit', '85', '系外行星', null, '127.0.0.1', 'LAN', 'LAN', '2018-07-27 23:28:38', '1'), ('2552', '1', '1', 'opr.node.batchEdit', '95', '流星', null, '127.0.0.1', 'LAN', 'LAN', '2018-07-27 23:28:38', '1'), ('2553', '1', '1', 'opr.node.batchEdit', '96', 'GWAC暂现源', null, '127.0.0.1', 'LAN', 'LAN', '2018-07-27 23:28:38', '1'), ('2554', '1', '1', 'opr.node.batchEdit', '48', '图库', null, '127.0.0.1', 'LAN', 'LAN', '2018-07-27 23:28:38', '1'), ('2555', '1', '1', 'opr.node.batchEdit', '88', 'GWAC系统', null, '127.0.0.1', 'LAN', 'LAN', '2018-07-27 23:28:38', '1'), ('2556', '1', '1', 'opr.node.batchEdit', '90', '科学发现', null, '127.0.0.1', 'LAN', 'LAN', '2018-07-27 23:28:38', '1'), ('2557', '1', '1', 'opr.node.batchEdit', '87', '夜晚星空', null, '127.0.0.1', 'LAN', 'LAN', '2018-07-27 23:28:38', '1'), ('2558', '1', '1', 'opr.node.batchEdit', '51', '视频', null, '127.0.0.1', 'LAN', 'LAN', '2018-07-27 23:28:38', '1'), ('2559', '1', '1', 'opr.node.batchEdit', '80', 'GWAC系统', null, '127.0.0.1', 'LAN', 'LAN', '2018-07-27 23:28:39', '1'), ('2560', '1', '1', 'opr.node.batchEdit', '81', '科学发现', null, '127.0.0.1', 'LAN', 'LAN', '2018-07-27 23:28:39', '1');
INSERT INTO `cms_operation_log` VALUES ('2561', '1', '1', 'opr.node.batchEdit', '82', '夜晚星空', null, '127.0.0.1', 'LAN', 'LAN', '2018-07-27 23:28:39', '1'), ('2562', '1', '1', 'opr.node.batchEdit', '49', '下载', null, '127.0.0.1', 'LAN', 'LAN', '2018-07-27 23:28:39', '1'), ('2563', '1', '1', 'opr.node.batchEdit', '77', '共享数据', null, '127.0.0.1', 'LAN', 'LAN', '2018-07-27 23:28:39', '1'), ('2564', '1', '1', 'opr.node.batchEdit', '78', 'GWAC内部数据', null, '127.0.0.1', 'LAN', 'LAN', '2018-07-27 23:28:39', '1'), ('2565', '1', '1', 'opr.node.batchEdit', '79', '私有数据', null, '127.0.0.1', 'LAN', 'LAN', '2018-07-27 23:28:39', '1'), ('2566', '1', '1', 'opr.node.batchEdit', '92', '文库', null, '127.0.0.1', 'LAN', 'LAN', '2018-07-27 23:28:39', '1'), ('2567', '1', '1', 'opr.node.batchEdit', '93', '共享文档', null, '127.0.0.1', 'LAN', 'LAN', '2018-07-27 23:28:39', '1'), ('2568', '1', '1', 'opr.node.batchEdit', '94', '私有文档', null, '127.0.0.1', 'LAN', 'LAN', '2018-07-27 23:28:39', '1'), ('2569', '1', '1', 'opr.node.batchEdit', '74', '专题', null, '127.0.0.1', 'LAN', 'LAN', '2018-07-27 23:28:39', '1'), ('2570', '1', '1', 'opr.node.batchEdit', '67', '留言', null, '127.0.0.1', 'LAN', 'LAN', '2018-07-27 23:28:39', '1'), ('2571', '1', '1', 'opr.node.batchEdit', '68', '关于GWAC', null, '127.0.0.1', 'LAN', 'LAN', '2018-07-27 23:28:39', '1'), ('2572', '1', '1', 'opr.html.makeHome', '1', '首页', null, '127.0.0.1', 'LAN', 'LAN', '2018-07-27 23:28:41', '1'), ('2573', '1', '1', 'opr.specialCategory.batchEdit', '1', 'GWAC发现', null, '127.0.0.1', 'LAN', 'LAN', '2018-07-27 23:32:05', '1'), ('2574', '1', '1', 'opr.specialCategory.batchEdit', '2', 'GWAC工程', null, '127.0.0.1', 'LAN', 'LAN', '2018-07-27 23:32:06', '1'), ('2575', '1', '1', 'opr.specialCategory.batchEdit', '5', '国际', null, '127.0.0.1', 'LAN', 'LAN', '2018-07-27 23:32:06', '1'), ('2576', '1', '1', 'opr.specialCategory.batchEdit', '6', '国内', null, '127.0.0.1', 'LAN', 'LAN', '2018-07-27 23:32:06', '1'), ('2577', '1', '1', 'opr.special.edit', '10', 'M70201_C00466比USNO R亮7个星等', null, '127.0.0.1', 'LAN', 'LAN', '2018-07-27 23:36:54', '1'), ('2578', '1', '1', 'opr.special.edit', '12', 'M170626_C00090的耀发', null, '127.0.0.1', 'LAN', 'LAN', '2018-07-27 23:37:37', '1'), ('2579', '1', '1', 'opr.special.edit', '13', 'GWAC圆顶网络诊断', null, '127.0.0.1', 'LAN', 'LAN', '2018-07-27 23:39:48', '1'), ('2580', '1', '1', 'opr.special.edit', '8', '兴隆GWAC圆顶网络', null, '127.0.0.1', 'LAN', 'LAN', '2018-07-27 23:40:42', '1'), ('2581', '1', '1', 'opr.special.edit', '13', 'GWAC转台', null, '127.0.0.1', 'LAN', 'LAN', '2018-07-27 23:41:28', '1'), ('2582', '1', '1', 'opr.special.edit', '12', '耀发M170626_C00090', null, '127.0.0.1', 'LAN', 'LAN', '2018-07-27 23:41:49', '1'), ('2583', '1', '1', 'opr.special.edit', '10', '耀发M70201_C00466', null, '127.0.0.1', 'LAN', 'LAN', '2018-07-27 23:42:17', '1'), ('2584', '1', '1', 'opr.special.edit', '11', '月基望远镜', null, '127.0.0.1', 'LAN', 'LAN', '2018-07-27 23:43:10', '1'), ('2585', '1', '1', 'opr.special.add', '25', '科普', null, '127.0.0.1', 'LAN', 'LAN', '2018-07-27 23:43:58', '1'), ('2586', '1', '1', 'opr.special.edit', '2', 'LSST', null, '127.0.0.1', 'LAN', 'LAN', '2018-07-27 23:44:19', '1'), ('2587', '1', '1', 'opr.special.edit', '13', 'GWAC转台', null, '127.0.0.1', 'LAN', 'LAN', '2018-07-27 23:44:43', '1'), ('2588', '1', '1', 'opr.special.edit', '12', '耀发M170626_C00090', null, '127.0.0.1', 'LAN', 'LAN', '2018-07-27 23:44:54', '1'), ('2589', '1', '1', 'opr.special.edit', '11', '月基望远镜', null, '127.0.0.1', 'LAN', 'LAN', '2018-07-27 23:45:05', '1'), ('2590', '1', '1', 'opr.special.edit', '10', '耀发M70201_C00466', null, '127.0.0.1', 'LAN', 'LAN', '2018-07-27 23:45:13', '1'), ('2591', '1', '1', 'opr.special.edit', '8', '兴隆GWAC圆顶网络', null, '127.0.0.1', 'LAN', 'LAN', '2018-07-27 23:45:23', '1'), ('2592', '1', '1', 'opr.special.edit', '2', 'LSST', null, '127.0.0.1', 'LAN', 'LAN', '2018-07-27 23:45:32', '1'), ('2593', '1', '1', 'opr.special.add', '26', '郭守敬望远镜（LAMOST）', null, '127.0.0.1', 'LAN', 'LAN', '2018-07-27 23:46:08', '1'), ('2594', '1', '1', 'opr.special.edit', '25', '科普', null, '127.0.0.1', 'LAN', 'LAN', '2018-07-27 23:46:32', '1'), ('2595', '1', '1', 'opr.special.edit', '26', '郭守敬望远镜（LAMOST）', null, '127.0.0.1', 'LAN', 'LAN', '2018-07-27 23:46:38', '1'), ('2596', '1', '1', 'opr.special.add', '27', '美国航空航天局（NASA）', null, '127.0.0.1', 'LAN', 'LAN', '2018-07-27 23:48:39', '1'), ('2597', '1', '1', 'opr.special.edit', '2', 'LSST', null, '127.0.0.1', 'LAN', 'LAN', '2018-07-27 23:49:19', '1'), ('2598', '1', '1', 'opr.special.edit', '27', '美国航空航天局（NASA）', null, '127.0.0.1', 'LAN', 'LAN', '2018-07-27 23:49:31', '1'), ('2599', '1', '1', 'opr.special.edit', '26', '郭守敬望远镜（LAMOST）', null, '127.0.0.1', 'LAN', 'LAN', '2018-07-27 23:49:38', '1'), ('2600', '1', '1', 'opr.html.makeHome', '1', '首页', null, '127.0.0.1', 'LAN', 'LAN', '2018-07-27 23:50:09', '1'), ('2601', '1', '1', 'opr.info.edit', '146', 'Probing the nature of high-z short GRB 090426 with its early optical and X-ray afterglows', null, '127.0.0.1', 'LAN', 'LAN', '2018-07-28 00:15:02', '1'), ('2602', '1', '1', 'opr.info.edit', '145', 'A Global Photoionization Response to Prompt Emission and Outliers: Different Origin of Long Gamma-ray Bursts?', null, '127.0.0.1', 'LAN', 'LAN', '2018-07-28 00:15:25', '1'), ('2603', '1', '1', 'opr.info.edit', '144', 'E-Zone: A Faster Neighbor Point Query Algorithm for Matching Spacial Objects', null, '127.0.0.1', 'LAN', 'LAN', '2018-07-28 00:15:39', '1'), ('2604', '1', '1', 'opr.info.edit', '118', '交流伺服系统在天文望远镜中的应用研究初探', null, '127.0.0.1', 'LAN', 'LAN', '2018-07-28 00:15:58', '1'), ('2605', '1', '1', 'opr.info.edit', '117', 'A Monte Carlo approach to magnetar-powered transients: II. Broad-lined type Ic supernovae not associated with GRBs', null, '127.0.0.1', 'LAN', 'LAN', '2018-07-28 00:16:12', '1'), ('2606', '1', '1', 'opr.info.add', '231', '基于能量集中度的广角望远镜自动调焦快速清晰度评价算法', null, '127.0.0.1', 'LAN', 'LAN', '2018-07-28 00:16:31', '1'), ('2607', '1', '1', 'opr.info.add', '232', 'SDSS J090152.05+624342.6: A NEW “OVERLAPPING-TROUGH” FeLoBAL QUASAR AT Z ~ 2', null, '127.0.0.1', 'LAN', 'LAN', '2018-07-28 00:16:41', '1'), ('2608', '1', '1', 'opr.info.add', '233', '广角望远镜实时自动调焦的清晰度评价方法', null, '127.0.0.1', 'LAN', 'LAN', '2018-07-28 00:16:51', '1'), ('2609', '1', '1', 'opr.info.add', '234', '天文瞬变源快速自动识别系统的研究与实现', null, '127.0.0.1', 'LAN', 'LAN', '2018-07-28 00:16:58', '1'), ('2610', '1', '1', 'opr.info.add', '235', 'GWAC海量星表数据处理的数据库系统选型研究', null, '127.0.0.1', 'LAN', 'LAN', '2018-07-28 00:17:07', '1'), ('2611', '1', '1', 'opr.info.add', '236', 'A Pre-research on GWAC Massive Catalog Data Storage and Processing System', null, '127.0.0.1', 'LAN', 'LAN', '2018-07-28 00:17:15', '1'), ('2612', '1', '1', 'opr.info.add', '237', 'Very Bright Prompt and Reverse Shock Emission of GRB 140512A', null, '127.0.0.1', 'LAN', 'LAN', '2018-07-28 00:17:22', '1'), ('2613', '1', '1', 'opr.info.add', '238', 'Solving the 56Ni Puzzle of Magnetar-powered Broad-lined Type IC Supernovae', null, '127.0.0.1', 'LAN', 'LAN', '2018-07-28 00:17:33', '1'), ('2614', '1', '1', 'opr.info.edit', '141', 'GWAC系统开机仪式', null, '127.0.0.1', 'LAN', 'LAN', '2018-07-28 01:11:48', '1'), ('2615', '1', '1', 'opr.tag.edit', '84', '暂现源', null, '127.0.0.1', 'LAN', 'LAN', '2018-07-28 01:39:52', '1'), ('2616', '1', '1', 'opr.tag.edit', '83', '引力波', null, '127.0.0.1', 'LAN', 'LAN', '2018-07-28 01:40:07', '1'), ('2617', '1', '1', 'opr.tag.edit', '82', '耀发', null, '127.0.0.1', 'LAN', 'LAN', '2018-07-28 01:40:17', '1'), ('2618', '1', '1', 'opr.tag.edit', '81', '变星', null, '127.0.0.1', 'LAN', 'LAN', '2018-07-28 01:40:27', '1'), ('2619', '1', '1', 'opr.tag.edit', '80', '微引力透镜', null, '127.0.0.1', 'LAN', 'LAN', '2018-07-28 01:40:41', '1'), ('2620', '1', '1', 'opr.tag.edit', '79', '天文大数据', null, '127.0.0.1', 'LAN', 'LAN', '2018-07-28 01:40:52', '1'), ('2621', '1', '1', 'opr.tag.edit', '78', '机器学习', null, '127.0.0.1', 'LAN', 'LAN', '2018-07-28 01:41:01', '1'), ('2622', '1', '1', 'opr.tag.edit', '73', '流星', null, '127.0.0.1', 'LAN', 'LAN', '2018-07-28 01:41:14', '1'), ('2623', '1', '1', 'opr.tag.edit', '72', '超新星', null, '127.0.0.1', 'LAN', 'LAN', '2018-07-28 01:41:33', '1'), ('2624', '1', '1', 'opr.tag.edit', '71', '近地目标', null, '127.0.0.1', 'LAN', 'LAN', '2018-07-28 01:41:44', '1'), ('2625', '1', '1', 'opr.info.edit', '78', 'SVOM天文卫星', null, '127.0.0.1', 'LAN', 'LAN', '2018-07-28 01:50:29', '1'), ('2626', '1', '1', 'opr.info.edit', '32', '国家天文台刷新月球外逸层中水含量上限纪录', null, '127.0.0.1', 'LAN', 'LAN', '2018-07-28 01:53:29', '1'), ('2627', '1', '1', 'opr.info.edit', '32', '国家天文台刷新月球外逸层中水含量上限纪录', null, '127.0.0.1', 'LAN', 'LAN', '2018-07-28 01:53:56', '1'), ('2637', '1', '1', 'opr.info.edit', '46', 'M170201_C00605晚型耀发', null, '127.0.0.1', 'LAN', 'LAN', '2018-07-28 02:00:52', '1'), ('2638', '1', '1', 'opr.friendlink.edit', '22', '中国天文科普网', null, '127.0.0.1', 'LAN', 'LAN', '2018-07-28 02:12:17', '1'), ('2639', '1', '1', 'opr.collect.add', '13', '天文科普网-译文快递', null, '127.0.0.1', 'LAN', 'LAN', '2018-07-28 02:27:55', '1'), ('2640', '1', '1', 'opr.collect.start', '13', '天文科普网-译文快递', null, '127.0.0.1', 'LAN', 'LAN', '2018-07-28 02:28:01', '1'), ('2641', '1', '1', 'opr.collect.edit', '13', '天文科普网-译文快递', null, '127.0.0.1', 'LAN', 'LAN', '2018-07-28 02:41:09', '1'), ('2642', '1', '1', 'opr.collect.start', '13', '天文科普网-译文快递', null, '127.0.0.1', 'LAN', 'LAN', '2018-07-28 02:41:26', '1'), ('2647', '1', '1', 'login.success', null, null, null, '127.0.0.1', 'LAN', 'LAN', '2018-07-28 02:53:12', '2'), ('2648', '1', '1', 'opr.personal.password.edit', '1', 'admin', null, '127.0.0.1', 'LAN', 'LAN', '2018-07-28 02:53:34', '1'), ('2649', '1', '1', 'opr.node.batchEdit', '1', '首页', null, '127.0.0.1', 'LAN', 'LAN', '2018-07-28 02:56:15', '1'), ('2650', '1', '1', 'opr.node.batchEdit', '36', '新闻', null, '127.0.0.1', 'LAN', 'LAN', '2018-07-28 02:56:15', '1'), ('2651', '1', '1', 'opr.node.batchEdit', '42', '重大发现', null, '127.0.0.1', 'LAN', 'LAN', '2018-07-28 02:56:15', '1'), ('2652', '1', '1', 'opr.node.batchEdit', '44', '学术交流', null, '127.0.0.1', 'LAN', 'LAN', '2018-07-28 02:56:15', '1'), ('2653', '1', '1', 'opr.node.batchEdit', '38', '运行简报', null, '127.0.0.1', 'LAN', 'LAN', '2018-07-28 02:56:15', '1'), ('2654', '1', '1', 'opr.node.batchEdit', '40', '科普宣传', null, '127.0.0.1', 'LAN', 'LAN', '2018-07-28 02:56:15', '1'), ('2655', '1', '1', 'opr.node.batchEdit', '69', '科研论文', null, '127.0.0.1', 'LAN', 'LAN', '2018-07-28 02:56:15', '1'), ('2656', '1', '1', 'opr.node.batchEdit', '52', '暂现源', null, '127.0.0.1', 'LAN', 'LAN', '2018-07-28 02:56:15', '1'), ('2657', '1', '1', 'opr.node.batchEdit', '83', '微引力透镜', null, '127.0.0.1', 'LAN', 'LAN', '2018-07-28 02:56:15', '1'), ('2658', '1', '1', 'opr.node.batchEdit', '84', '星系', null, '127.0.0.1', 'LAN', 'LAN', '2018-07-28 02:56:15', '1'), ('2659', '1', '1', 'opr.node.batchEdit', '85', '系外行星', null, '127.0.0.1', 'LAN', 'LAN', '2018-07-28 02:56:15', '1'), ('2660', '1', '1', 'opr.node.batchEdit', '95', '流星', null, '127.0.0.1', 'LAN', 'LAN', '2018-07-28 02:56:15', '1'), ('2661', '1', '1', 'opr.node.batchEdit', '96', 'GWAC暂现源', null, '127.0.0.1', 'LAN', 'LAN', '2018-07-28 02:56:15', '1'), ('2662', '1', '1', 'opr.node.batchEdit', '48', '图库', null, '127.0.0.1', 'LAN', 'LAN', '2018-07-28 02:56:15', '1'), ('2663', '1', '1', 'opr.node.batchEdit', '88', 'GWAC系统', null, '127.0.0.1', 'LAN', 'LAN', '2018-07-28 02:56:16', '1'), ('2664', '1', '1', 'opr.node.batchEdit', '90', '科学发现', null, '127.0.0.1', 'LAN', 'LAN', '2018-07-28 02:56:16', '1'), ('2665', '1', '1', 'opr.node.batchEdit', '87', '夜晚星空', null, '127.0.0.1', 'LAN', 'LAN', '2018-07-28 02:56:16', '1'), ('2666', '1', '1', 'opr.node.batchEdit', '51', '视频', null, '127.0.0.1', 'LAN', 'LAN', '2018-07-28 02:56:16', '1'), ('2667', '1', '1', 'opr.node.batchEdit', '80', 'GWAC系统', null, '127.0.0.1', 'LAN', 'LAN', '2018-07-28 02:56:16', '1'), ('2668', '1', '1', 'opr.node.batchEdit', '81', '科学发现', null, '127.0.0.1', 'LAN', 'LAN', '2018-07-28 02:56:16', '1'), ('2669', '1', '1', 'opr.node.batchEdit', '82', '夜晚星空', null, '127.0.0.1', 'LAN', 'LAN', '2018-07-28 02:56:16', '1'), ('2670', '1', '1', 'opr.node.batchEdit', '49', '下载', null, '127.0.0.1', 'LAN', 'LAN', '2018-07-28 02:56:16', '1'), ('2671', '1', '1', 'opr.node.batchEdit', '77', '共享数据', null, '127.0.0.1', 'LAN', 'LAN', '2018-07-28 02:56:16', '1'), ('2672', '1', '1', 'opr.node.batchEdit', '78', 'GWAC内部数据', null, '127.0.0.1', 'LAN', 'LAN', '2018-07-28 02:56:16', '1'), ('2673', '1', '1', 'opr.node.batchEdit', '79', '私有数据', null, '127.0.0.1', 'LAN', 'LAN', '2018-07-28 02:56:16', '1');
INSERT INTO `cms_operation_log` VALUES ('2674', '1', '1', 'opr.node.batchEdit', '92', '文库', null, '127.0.0.1', 'LAN', 'LAN', '2018-07-28 02:56:16', '1'), ('2675', '1', '1', 'opr.node.batchEdit', '93', '共享文档', null, '127.0.0.1', 'LAN', 'LAN', '2018-07-28 02:56:16', '1'), ('2676', '1', '1', 'opr.node.batchEdit', '94', '私有文档', null, '127.0.0.1', 'LAN', 'LAN', '2018-07-28 02:56:16', '1'), ('2677', '1', '1', 'opr.node.batchEdit', '74', '专题', null, '127.0.0.1', 'LAN', 'LAN', '2018-07-28 02:56:16', '1'), ('2678', '1', '1', 'opr.node.batchEdit', '67', '留言', null, '127.0.0.1', 'LAN', 'LAN', '2018-07-28 02:56:16', '1'), ('2679', '1', '1', 'opr.node.batchEdit', '68', '关于GWAC', null, '127.0.0.1', 'LAN', 'LAN', '2018-07-28 02:56:16', '1'), ('2680', '1', '1', 'opr.node.batchEdit', '1', '首页', null, '127.0.0.1', 'LAN', 'LAN', '2018-07-28 02:57:14', '1'), ('2681', '1', '1', 'opr.node.batchEdit', '36', '新闻', null, '127.0.0.1', 'LAN', 'LAN', '2018-07-28 02:57:14', '1'), ('2682', '1', '1', 'opr.node.batchEdit', '42', '重大发现', null, '127.0.0.1', 'LAN', 'LAN', '2018-07-28 02:57:14', '1'), ('2683', '1', '1', 'opr.node.batchEdit', '44', '学术交流', null, '127.0.0.1', 'LAN', 'LAN', '2018-07-28 02:57:14', '1'), ('2684', '1', '1', 'opr.node.batchEdit', '38', '运行简报', null, '127.0.0.1', 'LAN', 'LAN', '2018-07-28 02:57:14', '1'), ('2685', '1', '1', 'opr.node.batchEdit', '40', '科普宣传', null, '127.0.0.1', 'LAN', 'LAN', '2018-07-28 02:57:14', '1'), ('2686', '1', '1', 'opr.node.batchEdit', '69', '科研论文', null, '127.0.0.1', 'LAN', 'LAN', '2018-07-28 02:57:14', '1'), ('2687', '1', '1', 'opr.node.batchEdit', '52', '暂现源', null, '127.0.0.1', 'LAN', 'LAN', '2018-07-28 02:57:14', '1'), ('2688', '1', '1', 'opr.node.batchEdit', '83', '微引力透镜', null, '127.0.0.1', 'LAN', 'LAN', '2018-07-28 02:57:14', '1'), ('2689', '1', '1', 'opr.node.batchEdit', '84', '星系', null, '127.0.0.1', 'LAN', 'LAN', '2018-07-28 02:57:14', '1'), ('2690', '1', '1', 'opr.node.batchEdit', '85', '系外行星', null, '127.0.0.1', 'LAN', 'LAN', '2018-07-28 02:57:14', '1'), ('2691', '1', '1', 'opr.node.batchEdit', '95', '流星', null, '127.0.0.1', 'LAN', 'LAN', '2018-07-28 02:57:15', '1'), ('2692', '1', '1', 'opr.node.batchEdit', '96', 'GWAC暂现源', null, '127.0.0.1', 'LAN', 'LAN', '2018-07-28 02:57:15', '1'), ('2693', '1', '1', 'opr.node.batchEdit', '48', '图库', null, '127.0.0.1', 'LAN', 'LAN', '2018-07-28 02:57:15', '1'), ('2694', '1', '1', 'opr.node.batchEdit', '88', 'GWAC系统', null, '127.0.0.1', 'LAN', 'LAN', '2018-07-28 02:57:15', '1'), ('2695', '1', '1', 'opr.node.batchEdit', '90', '科学发现', null, '127.0.0.1', 'LAN', 'LAN', '2018-07-28 02:57:15', '1'), ('2696', '1', '1', 'opr.node.batchEdit', '87', '夜晚星空', null, '127.0.0.1', 'LAN', 'LAN', '2018-07-28 02:57:15', '1'), ('2697', '1', '1', 'opr.node.batchEdit', '51', '视频', null, '127.0.0.1', 'LAN', 'LAN', '2018-07-28 02:57:15', '1'), ('2698', '1', '1', 'opr.node.batchEdit', '80', 'GWAC系统', null, '127.0.0.1', 'LAN', 'LAN', '2018-07-28 02:57:15', '1'), ('2699', '1', '1', 'opr.node.batchEdit', '81', '科学发现', null, '127.0.0.1', 'LAN', 'LAN', '2018-07-28 02:57:15', '1'), ('2700', '1', '1', 'opr.node.batchEdit', '82', '夜晚星空', null, '127.0.0.1', 'LAN', 'LAN', '2018-07-28 02:57:15', '1'), ('2701', '1', '1', 'opr.node.batchEdit', '49', '下载', null, '127.0.0.1', 'LAN', 'LAN', '2018-07-28 02:57:15', '1'), ('2702', '1', '1', 'opr.node.batchEdit', '77', '共享数据', null, '127.0.0.1', 'LAN', 'LAN', '2018-07-28 02:57:15', '1'), ('2703', '1', '1', 'opr.node.batchEdit', '78', 'GWAC内部数据', null, '127.0.0.1', 'LAN', 'LAN', '2018-07-28 02:57:15', '1'), ('2704', '1', '1', 'opr.node.batchEdit', '79', '私有数据', null, '127.0.0.1', 'LAN', 'LAN', '2018-07-28 02:57:15', '1'), ('2705', '1', '1', 'opr.node.batchEdit', '92', '文库', null, '127.0.0.1', 'LAN', 'LAN', '2018-07-28 02:57:15', '1'), ('2706', '1', '1', 'opr.node.batchEdit', '93', '共享文档', null, '127.0.0.1', 'LAN', 'LAN', '2018-07-28 02:57:15', '1'), ('2707', '1', '1', 'opr.node.batchEdit', '94', '私有文档', null, '127.0.0.1', 'LAN', 'LAN', '2018-07-28 02:57:15', '1'), ('2708', '1', '1', 'opr.node.batchEdit', '74', '专题', null, '127.0.0.1', 'LAN', 'LAN', '2018-07-28 02:57:15', '1'), ('2709', '1', '1', 'opr.node.batchEdit', '67', '留言', null, '127.0.0.1', 'LAN', 'LAN', '2018-07-28 02:57:15', '1'), ('2710', '1', '1', 'opr.node.batchEdit', '68', '关于GWAC', null, '127.0.0.1', 'LAN', 'LAN', '2018-07-28 02:57:15', '1'), ('2711', '1', '1', 'opr.info.delete', '238', 'Solving the 56Ni Puzzle of Magnetar-powered Broad-lined Type IC Supernovae', null, '127.0.0.1', 'LAN', 'LAN', '2018-07-28 02:58:40', '1'), ('2712', '1', '1', 'opr.info.delete', '237', 'Very Bright Prompt and Reverse Shock Emission of GRB 140512A', null, '127.0.0.1', 'LAN', 'LAN', '2018-07-28 02:58:40', '1'), ('2713', '1', '1', 'opr.info.delete', '236', 'A Pre-research on GWAC Massive Catalog Data Storage and Processing System', null, '127.0.0.1', 'LAN', 'LAN', '2018-07-28 02:58:40', '1'), ('2714', '1', '1', 'opr.info.delete', '235', 'GWAC海量星表数据处理的数据库系统选型研究', null, '127.0.0.1', 'LAN', 'LAN', '2018-07-28 02:58:40', '1'), ('2715', '1', '1', 'opr.info.delete', '234', '天文瞬变源快速自动识别系统的研究与实现', null, '127.0.0.1', 'LAN', 'LAN', '2018-07-28 02:58:40', '1'), ('2716', '1', '1', 'opr.info.delete', '233', '广角望远镜实时自动调焦的清晰度评价方法', null, '127.0.0.1', 'LAN', 'LAN', '2018-07-28 02:58:40', '1'), ('2717', '1', '1', 'opr.info.delete', '232', 'SDSS J090152.05+624342.6: A NEW “OVERLAPPING-TROUGH” FeLoBAL QUASAR AT Z ~ 2', null, '127.0.0.1', 'LAN', 'LAN', '2018-07-28 02:58:40', '1'), ('2718', '1', '1', 'opr.info.delete', '231', '基于能量集中度的广角望远镜自动调焦快速清晰度评价算法', null, '127.0.0.1', 'LAN', 'LAN', '2018-07-28 02:58:40', '1'), ('2719', '1', '1', 'opr.info.delete', '146', 'Probing the nature of high-z short GRB 090426 with its early optical and X-ray afterglows', null, '127.0.0.1', 'LAN', 'LAN', '2018-07-28 02:58:40', '1'), ('2720', '1', '1', 'opr.info.delete', '145', 'A Global Photoionization Response to Prompt Emission and Outliers: Different Origin of Long Gamma-ray Bursts?', null, '127.0.0.1', 'LAN', 'LAN', '2018-07-28 02:58:40', '1'), ('2721', '1', '1', 'opr.info.delete', '144', 'E-Zone: A Faster Neighbor Point Query Algorithm for Matching Spacial Objects', null, '127.0.0.1', 'LAN', 'LAN', '2018-07-28 02:59:40', '1'), ('2722', '1', '1', 'opr.info.delete', '118', '交流伺服系统在天文望远镜中的应用研究初探', null, '127.0.0.1', 'LAN', 'LAN', '2018-07-28 02:59:40', '1'), ('2723', '1', '1', 'opr.info.delete', '117', 'A Monte Carlo approach to magnetar-powered transients: II. Broad-lined type Ic supernovae not associated with GRBs', null, '127.0.0.1', 'LAN', 'LAN', '2018-07-28 02:59:40', '1'), ('2724', '1', '1', 'opr.node.edit', '69', '科研论文', null, '127.0.0.1', 'LAN', 'LAN', '2018-07-28 03:03:08', '1'), ('2725', '1', '1', 'opr.info.add', '241', 'Probing the nature of high-z short GRB 090426 with its early optical and X-ray afterglows', null, '127.0.0.1', 'LAN', 'LAN', '2018-07-28 03:06:50', '1'), ('2726', '1', '1', 'opr.info.edit', '241', 'Probing the nature of high-z short GRB 090426 with its early optical and X-ray afterglows', null, '127.0.0.1', 'LAN', 'LAN', '2018-07-28 03:07:43', '1'), ('2727', '1', '1', 'opr.special.add', '35', 'GWAC新发现', null, '127.0.0.1', 'LAN', 'LAN', '2018-07-28 03:08:52', '1'), ('2728', '1', '1', 'opr.special.edit', '35', 'GWAC新发现', null, '127.0.0.1', 'LAN', 'LAN', '2018-07-28 03:09:05', '1'), ('2729', '1', '1', 'opr.info.edit', '241', 'Probing the nature of high-z short GRB 090426 with its early optical and X-ray afterglows', null, '127.0.0.1', 'LAN', 'LAN', '2018-07-28 03:09:29', '1'), ('2730', '1', '1', 'opr.node.edit', '42', '重大发现', null, '127.0.0.1', 'LAN', 'LAN', '2018-07-28 03:11:09', '1'), ('2737', '1', '1', 'opr.info.add', '251', 'A Global Photoionization Response to Prompt Emission and Outliers: Different Origin of Long Gamma-ray Bursts?', null, '127.0.0.1', 'LAN', 'LAN', '2018-07-28 03:22:31', '1'), ('2738', '1', '1', 'opr.info.add', '252', 'E-Zone: A Faster Neighbor Point Query Algorithm for Matching Spacial Objects', null, '127.0.0.1', 'LAN', 'LAN', '2018-07-28 03:25:54', '1'), ('2739', '1', '1', 'opr.info.add', '253', '交流伺服系统在天文望远镜中的应用研究初探', null, '127.0.0.1', 'LAN', 'LAN', '2018-07-28 03:27:10', '1'), ('2740', '1', '1', 'opr.info.add', '254', 'A Monte Carlo Approach to Magnetar-powered Transients. II. Broad-lined Type Ic Supernovae Not Associated with GRBs', null, '127.0.0.1', 'LAN', 'LAN', '2018-07-28 03:29:04', '1'), ('2741', '1', '1', 'opr.info.add', '255', '基于能量集中度的广角望远镜自动调焦快速清晰度评价算法', null, '127.0.0.1', 'LAN', 'LAN', '2018-07-28 03:30:07', '1'), ('2742', '1', '1', 'opr.info.add', '256', 'SDSS J090152.05+624342.6: A New \"Overlapping-Trough\" FeLoBAL Quasar At Z∼2', null, '127.0.0.1', 'LAN', 'LAN', '2018-07-28 03:34:31', '1'), ('2743', '1', '1', 'opr.info.add', '257', '广角望远镜实时自动调焦的清晰度评价方法', null, '127.0.0.1', 'LAN', 'LAN', '2018-07-28 03:35:32', '1'), ('2744', '1', '1', 'opr.info.add', '258', '大视场和高时间采样率是现代天文光学瞬变源巡天项目的两个主要发展方向,相对传统的巡天项目将会产生更大的数据量和要求更快的瞬变源识别处理速度.为满足新技术下的瞬变源识别处理要求,本文提出用基于等光度测量星像轮廓等13个新的特征参量取代原有的轮廓拟合参量;使用实际星像轮廓仿真和构建较真实的训练样本算法;加', null, '127.0.0.1', 'LAN', 'LAN', '2018-07-28 03:36:08', '1'), ('2745', '1', '1', 'opr.info.add', '259', 'GWAC海量星表数据处理的数据库系统选型研究', null, '127.0.0.1', 'LAN', 'LAN', '2018-07-28 03:36:47', '1'), ('2746', '1', '1', 'opr.info.add', '260', 'A pre-research on GWAC massive catalog data storage and processing system', null, '127.0.0.1', 'LAN', 'LAN', '2018-07-28 03:37:27', '1'), ('2747', '1', '1', 'opr.info.add', '261', 'Very Bright Prompt and Reverse Shock Emission of GRB 140512A', null, '127.0.0.1', 'LAN', 'LAN', '2018-07-28 03:38:01', '1'), ('2748', '1', '1', 'opr.html.makeHome', '1', '首页', null, '127.0.0.1', 'LAN', 'LAN', '2018-07-28 04:04:52', '1'), ('2749', '1', '1', 'opr.node.edit', '68', '关于GWAC', null, '127.0.0.1', 'LAN', 'LAN', '2018-07-28 04:56:10', '1'), ('2750', '1', '1', 'opr.info.add', '262', 'GWAC简介', null, '127.0.0.1', 'LAN', 'LAN', '2018-07-28 05:24:45', '1'), ('2751', '1', '1', 'opr.node.edit', '68', '关于GWAC', null, '127.0.0.1', 'LAN', 'LAN', '2018-07-28 05:25:22', '1'), ('2752', '1', '1', 'opr.info.edit', '258', '天文瞬变源快速自动识别系统的研究与实现', null, '127.0.0.1', 'LAN', 'LAN', '2018-07-28 05:28:31', '1'), ('2757', '1', '1', 'login.success', null, null, null, '106.121.14.208', '北京市', '电信', '2018-07-29 09:56:41', '2'), ('2758', '1', '1', 'opr.info.edit', '141', 'GWAC系统开机仪式', null, '106.121.14.208', '北京市', '电信', '2018-07-29 10:03:27', '1'), ('2759', '1', '1', 'opr.info.edit', '32', '国家天文台刷新月球外逸层中水含量上限纪录', null, '106.121.14.208', '北京市', '电信', '2018-07-29 10:12:10', '1'), ('2760', '1', '1', 'opr.info.edit', '78', 'SVOM天文卫星', null, '106.121.14.208', '北京市', '电信', '2018-07-29 10:17:00', '1'), ('2761', '1', '1', 'opr.info.edit', '141', 'GWAC系统开机仪式', null, '106.121.14.208', '北京市', '电信', '2018-07-29 10:19:10', '1'), ('2762', '1', '1', 'opr.webFile.delete', null, '/1/image/public/201807/20180729101826_99nv46l2mv.jpg', null, '106.121.14.208', '北京市', '电信', '2018-07-29 10:21:01', '1'), ('2763', '1', '1', 'opr.webFile.delete', null, '/1/image/public/201807/20180729101906_tf4vh0evmh.jpg', null, '106.121.14.208', '北京市', '电信', '2018-07-29 10:21:05', '1'), ('2764', '1', '1', 'opr.webFile.delete', null, '/1/image/public/201807/20180729095938_mb3tpfiurm.jpg', null, '106.121.14.208', '北京市', '电信', '2018-07-29 10:21:39', '1'), ('2765', '1', '1', 'opr.webFile.delete', null, '/1/image/public/201807/20180729100059_n9hft44010.jpg', null, '106.121.14.208', '北京市', '电信', '2018-07-29 10:21:45', '1'), ('2766', '1', '1', 'opr.info.edit', '141', 'GWAC系统开机仪式', null, '106.121.14.208', '北京市', '电信', '2018-07-29 10:22:28', '1'), ('2767', '1', '1', 'opr.info.edit', '46', 'M170201_C00605晚型耀发', null, '106.121.14.208', '北京市', '电信', '2018-07-29 10:25:07', '1'), ('2768', '1', '1', 'login.logout', null, null, null, '106.121.14.208', '北京市', '电信', '2018-07-29 10:37:47', '2'), ('2769', '31', '1', 'login.success', null, null, null, '106.121.14.208', '北京市', '电信', '2018-07-29 10:38:05', '2'), ('2770', '31', '1', 'login.logout', null, null, null, '106.121.14.208', '北京市', '电信', '2018-07-29 10:38:48', '2'), ('2771', '41', '1', 'login.success', null, null, null, '106.121.14.208', '北京市', '电信', '2018-07-29 10:38:56', '2'), ('2772', '41', '1', 'login.logout', null, null, null, '106.121.14.208', '北京市', '电信', '2018-07-29 10:39:26', '2'), ('2773', '1', '1', 'login.success', null, null, null, '106.121.14.208', '北京市', '电信', '2018-07-29 10:39:36', '2'), ('2774', '1', '1', 'login.logout', null, null, null, '106.121.14.208', '北京市', '电信', '2018-07-29 10:41:19', '2'), ('2775', '1', '1', 'login.success', null, null, null, '106.121.14.208', '北京市', '电信', '2018-07-29 10:42:08', '2'), ('2776', '1', '1', 'opr.html.makeAll', '1', 'GWAC科学产品管理系统', null, '106.121.14.208', '北京市', '电信', '2018-07-29 10:42:24', '1'), ('2777', '1', '1', 'opr.info.edit', '141', 'GWAC系统开机仪式', null, '106.121.14.208', '北京市', '电信', '2018-07-29 11:12:42', '1'), ('2778', '1', '1', 'opr.info.edit', '141', 'GWAC系统开机仪式', null, '106.121.14.208', '北京市', '电信', '2018-07-29 11:13:44', '1'), ('2779', '1', '1', 'opr.webFile.delete', null, '/1/image/public/201807/20180729111215_xiv50s0lax.jpg', null, '106.121.14.208', '北京市', '电信', '2018-07-29 11:14:18', '1'), ('2780', '1', '1', 'opr.webFile.delete', null, '/1/image/public/201807/20180729111159_jdcc3q3los.jpg', null, '106.121.14.208', '北京市', '电信', '2018-07-29 11:14:22', '1'), ('2781', '1', '1', 'opr.webFile.delete', null, '/1/image/public/201807/20180729111134_judsoohim0.jpg', null, '106.121.14.208', '北京市', '电信', '2018-07-29 11:14:26', '1'), ('2782', '1', '1', 'opr.webFile.delete', null, '/1/image/public/201807/20180729111116_yaqpgdad8s.jpg', null, '106.121.14.208', '北京市', '电信', '2018-07-29 11:14:31', '1'), ('2783', '1', '1', 'opr.info.edit', '141', 'GWAC系统开机仪式', null, '106.121.14.208', '北京市', '电信', '2018-07-29 11:20:13', '1');
INSERT INTO `cms_operation_log` VALUES ('2784', '1', '1', 'opr.info.edit', '141', 'GWAC系统开机仪式', null, '106.121.14.208', '北京市', '电信', '2018-07-29 11:21:13', '1'), ('2787', '1', '1', 'login.success', null, null, null, '106.121.14.208', '北京市', '电信', '2018-07-29 14:02:48', '2'), ('2788', '1', '1', 'opr.info.add', '281', '国内望远镜特写', null, '106.121.14.208', '北京市', '电信', '2018-07-29 14:18:34', '1'), ('2789', '1', '1', 'opr.node.edit', '1', '首页', null, '106.121.14.208', '北京市', '电信', '2018-07-29 14:19:29', '1'), ('2790', '1', '1', 'login.logout', null, null, null, '106.121.14.208', '北京市', '电信', '2018-07-29 14:19:31', '2'), ('2791', '31', '1', 'login.success', null, null, null, '106.121.14.208', '北京市', '电信', '2018-07-29 14:23:04', '2'), ('2792', '31', '1', 'login.logout', null, null, null, '106.121.14.208', '北京市', '电信', '2018-07-29 14:23:39', '2'), ('2797', '1', '1', 'login.success', null, null, null, '106.121.14.208', '北京市', '电信', '2018-07-29 15:14:37', '2'), ('2798', '1', '1', 'opr.node.edit', '1', '首页', null, '106.121.14.208', '北京市', '电信', '2018-07-29 15:15:53', '1'), ('2799', '1', '1', 'opr.memberGroup.edit', '0', '游客组', null, '106.121.14.208', '北京市', '电信', '2018-07-29 15:16:16', '1'), ('2800', '1', '1', 'login.logout', null, null, null, '106.121.14.208', '北京市', '电信', '2018-07-29 15:19:50', '2'), ('2801', '0', '1', 'login.failure', null, 'admin:xyag1234', null, '106.121.14.208', '北京市', '电信', '2018-07-29 17:38:04', '2'), ('2802', '0', '1', 'login.failure', null, 'admin:gwac1234', null, '106.121.14.208', '北京市', '电信', '2018-07-29 17:38:08', '2'), ('2803', '0', '1', 'login.failure', null, 'admin:gwac134', null, '106.121.14.208', '北京市', '电信', '2018-07-29 17:38:19', '2'), ('2804', '1', '1', 'login.success', null, null, null, '106.121.14.208', '北京市', '电信', '2018-07-29 17:38:28', '2'), ('2805', '1', '1', 'opr.specialCategory.batchEdit', '1', '科学新发现', null, '106.121.14.208', '北京市', '电信', '2018-07-29 17:44:21', '1'), ('2806', '1', '1', 'opr.specialCategory.batchEdit', '2', 'GWAC工程', null, '106.121.14.208', '北京市', '电信', '2018-07-29 17:44:21', '1'), ('2807', '1', '1', 'opr.specialCategory.batchEdit', '5', '国际', null, '106.121.14.208', '北京市', '电信', '2018-07-29 17:44:21', '1'), ('2808', '1', '1', 'opr.specialCategory.batchEdit', '6', '国内', null, '106.121.14.208', '北京市', '电信', '2018-07-29 17:44:21', '1'), ('2809', '1', '1', 'opr.special.add', '45', '陪你去看流星雨', null, '106.121.14.208', '北京市', '电信', '2018-07-29 17:52:15', '1'), ('2810', '1', '1', 'opr.info.add', '291', '流星的自动识别', null, '106.121.14.208', '北京市', '电信', '2018-07-29 18:06:25', '1'), ('2811', '1', '1', 'opr.info.edit', '291', '流星的自动识别', null, '106.121.14.208', '北京市', '电信', '2018-07-29 18:14:31', '1'), ('2812', '1', '1', 'opr.info.edit', '241', 'Probing the nature of high-z short GRB 090426 with its early optical and X-ray afterglows', null, '106.121.14.208', '北京市', '电信', '2018-07-29 18:19:59', '1'), ('2813', '1', '1', 'opr.special.delete', '35', 'GWAC新发现', null, '106.121.14.208', '北京市', '电信', '2018-07-29 18:20:20', '1'), ('2814', '1', '1', 'opr.special.edit', '12', 'GWAC新发现', null, '106.121.14.208', '北京市', '电信', '2018-07-29 18:20:37', '1'), ('2815', '1', '1', 'opr.info.edit', '291', '流星的自动识别', null, '106.121.14.208', '北京市', '电信', '2018-07-29 18:21:12', '1'), ('2816', '1', '1', 'opr.special.delete', '45', '陪你去看流星雨', null, '106.121.14.208', '北京市', '电信', '2018-07-29 18:21:29', '1'), ('2817', '1', '1', 'opr.special.edit', '10', '陪你去看流星雨', null, '106.121.14.208', '北京市', '电信', '2018-07-29 18:21:36', '1'), ('2818', '1', '1', 'opr.special.edit', '8', '兴隆GWAC圆顶网络', null, '106.121.14.208', '北京市', '电信', '2018-07-29 18:24:30', '1'), ('2819', '1', '1', 'opr.special.edit', '13', 'GWAC转台', null, '106.121.14.208', '北京市', '电信', '2018-07-29 18:25:13', '1'), ('2820', '1', '1', 'opr.special.edit', '8', '兴隆GWAC圆顶网络', null, '106.121.14.208', '北京市', '电信', '2018-07-29 18:25:40', '1'), ('2821', '1', '1', 'opr.special.edit', '11', '月基望远镜', null, '106.121.14.208', '北京市', '电信', '2018-07-29 18:26:28', '1'), ('2822', '1', '1', 'opr.special.edit', '10', '陪你去看流星雨', null, '106.121.14.208', '北京市', '电信', '2018-07-29 18:28:02', '1'), ('2823', '1', '1', 'opr.special.edit', '25', '科普', null, '106.121.14.208', '北京市', '电信', '2018-07-29 18:28:28', '1'), ('2824', '1', '1', 'opr.special.edit', '12', 'GWAC新发现', null, '106.121.14.208', '北京市', '电信', '2018-07-29 18:29:20', '1'), ('2825', '1', '1', 'opr.info.add', '292', '你所不知道的相机镜头', null, '106.121.14.208', '北京市', '电信', '2018-07-29 18:46:45', '1'), ('2826', '1', '1', 'opr.node.edit', '78', 'GWAC数据', null, '106.121.14.208', '北京市', '电信', '2018-07-29 18:50:34', '1'), ('2827', '1', '1', 'opr.role.edit', '1', '超级管理员', null, '106.121.14.208', '北京市', '电信', '2018-07-29 18:52:23', '1'), ('2828', '1', '1', 'opr.role.edit', '1', '超级管理员', null, '106.121.14.208', '北京市', '电信', '2018-07-29 18:52:52', '1'), ('2829', '1', '1', 'opr.html.makeHome', '1', '首页', null, '106.121.14.208', '北京市', '电信', '2018-07-29 18:53:14', '1'), ('2830', '1', '1', 'opr.html.makeAll', '1', 'GWAC科学产品管理系统', null, '106.121.14.208', '北京市', '电信', '2018-07-29 18:53:17', '1'), ('2831', '1', '1', 'opr.user.edit', '1', 'admin', null, '106.121.14.208', '北京市', '电信', '2018-07-29 18:55:09', '1'), ('2832', '1', '1', 'login.logout', null, null, null, '106.121.14.208', '北京市', '电信', '2018-07-29 18:55:28', '2'), ('2833', '41', '1', 'login.success', null, null, null, '106.121.14.208', '北京市', '电信', '2018-07-29 18:55:37', '2'), ('2834', '41', '1', 'login.logout', null, null, null, '106.121.14.208', '北京市', '电信', '2018-07-29 18:56:26', '2'), ('2835', '1', '1', 'login.success', null, null, null, '106.121.14.208', '北京市', '电信', '2018-07-29 18:56:37', '2'), ('2836', '1', '1', 'opr.node.edit', '49', '下载', null, '106.121.14.208', '北京市', '电信', '2018-07-29 18:57:08', '1'), ('2837', '1', '1', 'opr.html.makeHome', '1', '首页', null, '106.121.14.208', '北京市', '电信', '2018-07-29 18:57:46', '1'), ('2838', '1', '1', 'opr.node.edit', '49', '下载', null, '106.121.14.208', '北京市', '电信', '2018-07-29 18:58:12', '1'), ('2839', '1', '1', 'opr.html.makeHome', '1', '首页', null, '106.121.14.208', '北京市', '电信', '2018-07-29 18:58:15', '1'), ('2840', '1', '1', 'opr.node.edit', '49', '下载', null, '106.121.14.208', '北京市', '电信', '2018-07-29 18:58:41', '1'), ('2841', '0', '1', 'login.failure', null, 'admin:gwac1234', null, '10.0.97.11', '局域网', '对方和您在同一内部网', '2018-07-30 07:33:46', '2'), ('2842', '1', '1', 'login.success', null, null, null, '10.0.97.11', '局域网', '对方和您在同一内部网', '2018-07-30 07:33:50', '2'), ('2847', '1', '1', 'login.success', null, null, null, '127.0.0.1', 'LAN', 'LAN', '2018-07-30 01:17:16', '2'), ('2848', '1', '1', 'opr.info.edit', '141', 'GWAC系统开机仪式', null, '127.0.0.1', 'LAN', 'LAN', '2018-07-30 01:28:25', '1'), ('2849', '1', '1', 'opr.info.edit', '141', 'GWAC系统开机仪式', null, '127.0.0.1', 'LAN', 'LAN', '2018-07-30 01:29:05', '1'), ('2850', '1', '1', 'opr.info.edit', '141', 'GWAC系统开机仪式', null, '127.0.0.1', 'LAN', 'LAN', '2018-07-30 01:29:36', '1'), ('2851', '1', '1', 'opr.info.edit', '141', 'GWAC系统开机仪式', null, '127.0.0.1', 'LAN', 'LAN', '2018-07-30 01:30:33', '1'), ('2852', '1', '1', 'opr.info.delete', '143', '全能锋霸梅西的“七种武器”', null, '127.0.0.1', 'LAN', 'LAN', '2018-07-30 01:30:51', '1'), ('2853', '1', '1', 'opr.info.delete', '165', '2014年那些令人难忘的戎装丽人', null, '127.0.0.1', 'LAN', 'LAN', '2018-07-30 01:30:54', '1'), ('2854', '1', '1', 'opr.info.edit', '141', 'GWAC系统开机仪式', null, '127.0.0.1', 'LAN', 'LAN', '2018-07-30 01:31:44', '1'), ('2855', '1', '1', 'opr.info.delete', '164', '盘点2014年地球上任性的土豪们', null, '127.0.0.1', 'LAN', 'LAN', '2018-07-30 01:32:21', '1'), ('2856', '1', '1', 'opr.info.edit', '142', '孤独星球公布世界十大必看奇迹', null, '127.0.0.1', 'LAN', 'LAN', '2018-07-30 01:32:37', '1'), ('2857', '1', '1', 'opr.info.delete', '81', '两会上靓丽的礼仪小姐', null, '127.0.0.1', 'LAN', 'LAN', '2018-07-30 01:33:18', '1'), ('2858', '1', '1', 'opr.info.delete', '80', '第十二届全运会礼仪小姐训练实拍', null, '127.0.0.1', 'LAN', 'LAN', '2018-07-30 01:33:22', '1'), ('2859', '1', '1', 'opr.info.delete', '127', '最高检:严查以贿赂等手段破坏选举犯罪', null, '127.0.0.1', 'LAN', 'LAN', '2018-07-30 01:34:06', '1'), ('2860', '1', '1', 'opr.info.delete', '126', '以房养老拟在北上广汉试点 初次贷款不超500万', null, '127.0.0.1', 'LAN', 'LAN', '2018-07-30 01:34:06', '1'), ('2861', '1', '1', 'opr.info.delete', '128', '中方在南印度洋发现疑似MH370黑匣子信号', null, '127.0.0.1', 'LAN', 'LAN', '2018-07-30 01:34:06', '1'), ('2862', '1', '1', 'opr.info.delete', '35', '31省市最理想伴侣地图出炉：男性最想娶川妹子', null, '127.0.0.1', 'LAN', 'LAN', '2018-07-30 01:34:06', '1'), ('2863', '1', '1', 'opr.info.delete', '36', '调查称逾九成被调查者对中国人身份感到自豪', null, '127.0.0.1', 'LAN', 'LAN', '2018-07-30 01:34:06', '1'), ('2864', '1', '1', 'opr.info.delete', '28', '七夕前夜英仙座流星雨助兴 我国处于最佳观测区', null, '127.0.0.1', 'LAN', 'LAN', '2018-07-30 01:34:06', '1'), ('2865', '1', '1', 'opr.info.delete', '34', '市民未插卡取款机吐出一万元 不受诱惑忙报警', null, '127.0.0.1', 'LAN', 'LAN', '2018-07-30 01:34:06', '1'), ('2866', '1', '1', 'opr.info.delete', '33', '汽车高速爆胎致车祸 鉴定机构回避轮胎质量问题', null, '127.0.0.1', 'LAN', 'LAN', '2018-07-30 01:34:06', '1'), ('2867', '1', '1', 'opr.info.delete', '54', 'WSJ：中国正在重蹈美国金融危机覆辙', null, '127.0.0.1', 'LAN', 'LAN', '2018-07-30 01:34:06', '1'), ('2868', '1', '1', 'opr.info.delete', '52', '尚德宣布可转债违约 成大陆首家公司债违约企业', null, '127.0.0.1', 'LAN', 'LAN', '2018-07-30 01:34:06', '1'), ('2869', '1', '1', 'opr.info.edit', '27', '聚划算成清仓专用 问题产品充斥', null, '127.0.0.1', 'LAN', 'LAN', '2018-07-30 01:34:32', '1'), ('2870', '1', '1', 'opr.info.edit', '25', '北京警方捣毁侵害公民信息团伙 抓获299人', null, '127.0.0.1', 'LAN', 'LAN', '2018-07-30 01:35:23', '1'), ('2871', '1', '1', 'opr.info.delete', '100', '英国派军舰赴地中海演习 西班牙称是恐吓行为', null, '127.0.0.1', 'LAN', 'LAN', '2018-07-30 01:36:23', '1'), ('2872', '1', '1', 'opr.info.delete', '99', '美官方统计：为避税放弃美国国籍人数1年暴增5倍', null, '127.0.0.1', 'LAN', 'LAN', '2018-07-30 01:36:23', '1'), ('2873', '1', '1', 'opr.info.edit', '27', '聚划算成清仓专用 问题产品充斥', null, '127.0.0.1', 'LAN', 'LAN', '2018-07-30 01:39:43', '1'), ('2874', '1', '1', 'opr.info.delete', '73', '杨钰莹再谈与赖文峰恋情 面对爱情并不后悔', null, '127.0.0.1', 'LAN', 'LAN', '2018-07-30 01:40:13', '1'), ('2875', '1', '1', 'opr.info.delete', '45', '专访杨幂：“事业有成”离我很远 不着急完婚', null, '127.0.0.1', 'LAN', 'LAN', '2018-07-30 01:40:13', '1'), ('2876', '1', '1', 'opr.info.delete', '26', '北京发布雷电黄色预警 傍晚至夜间将有大到暴雨', null, '127.0.0.1', 'LAN', 'LAN', '2018-07-30 01:40:40', '1'), ('2877', '1', '1', 'opr.info.delete', '50', '西媒：巴萨巴黎巅峰对决 皇马上签穆帅会老友', null, '127.0.0.1', 'LAN', 'LAN', '2018-07-30 01:40:40', '1'), ('2878', '1', '1', 'opr.info.delete', '49', '足协或罚武汉暴力后卫停赛2场 格隆停赛不变', null, '127.0.0.1', 'LAN', 'LAN', '2018-07-30 01:40:40', '1'), ('2879', '1', '1', 'opr.info.delete', '48', '热火不败继续称霸实力榜 湖人升至第9火箭第11', null, '127.0.0.1', 'LAN', 'LAN', '2018-07-30 01:40:40', '1'), ('2880', '1', '1', 'opr.info.delete', '47', '足协曾忧王迪成\"定时炸弹\" 两次漏判国安点球', null, '127.0.0.1', 'LAN', 'LAN', '2018-07-30 01:40:40', '1'), ('2881', '1', '1', 'opr.special.edit', '27', '美国航空航天局（NASA）', null, '127.0.0.1', 'LAN', 'LAN', '2018-07-30 01:44:36', '1'), ('2882', '1', '1', 'opr.info.edit', '141', 'GWAC系统开机仪式', null, '127.0.0.1', 'LAN', 'LAN', '2018-07-30 01:46:28', '1'), ('2883', '1', '1', 'opr.info.edit', '281', '国内望远镜特写', null, '127.0.0.1', 'LAN', 'LAN', '2018-07-30 01:47:30', '1'), ('2884', '1', '1', 'opr.info.edit', '46', 'M170201_C00605晚型耀发', null, '127.0.0.1', 'LAN', 'LAN', '2018-07-30 01:48:50', '1'), ('2885', '1', '1', 'opr.info.edit', '46', 'M170201_C00605晚型耀发', null, '127.0.0.1', 'LAN', 'LAN', '2018-07-30 01:49:55', '1'), ('2886', '1', '1', 'opr.info.delete', '44', '羽泉同乐会为海泉庆生 9月开唱回馈歌迷', null, '127.0.0.1', 'LAN', 'LAN', '2018-07-30 01:50:04', '1'), ('2887', '1', '1', 'opr.info.delete', '43', '凤凰传奇赚1亿 人气搭档怎么分钱', null, '127.0.0.1', 'LAN', 'LAN', '2018-07-30 01:50:04', '1'), ('2888', '1', '1', 'opr.html.makeHome', '1', '首页', null, '127.0.0.1', 'LAN', 'LAN', '2018-07-30 01:50:26', '1'), ('2889', '1', '1', 'opr.info.delete', '87', '台南资讯月曾甜热舞', null, '127.0.0.1', 'LAN', 'LAN', '2018-07-30 01:51:14', '1'), ('2890', '1', '1', 'opr.info.delete', '174', '四十九日祭', null, '127.0.0.1', 'LAN', 'LAN', '2018-07-30 01:51:14', '1'), ('2891', '1', '1', 'opr.info.delete', '173', '台南资讯月钢管舞', null, '127.0.0.1', 'LAN', 'LAN', '2018-07-30 01:51:14', '1'), ('2892', '1', '1', 'opr.info.delete', '172', '台南资讯月XL ARMY热舞', null, '127.0.0.1', 'LAN', 'LAN', '2018-07-30 01:51:14', '1'), ('2893', '1', '1', 'opr.info.delete', '166', '维多利亚的秘密2014大秀', null, '127.0.0.1', 'LAN', 'LAN', '2018-07-30 01:51:14', '1');
INSERT INTO `cms_operation_log` VALUES ('2894', '1', '1', 'opr.info.delete', '168', '猩球崛起2：黎明之战', null, '127.0.0.1', 'LAN', 'LAN', '2018-07-30 01:51:14', '1'), ('2895', '1', '1', 'opr.info.delete', '170', '妖怪名单：灵异校园中的恋情', null, '127.0.0.1', 'LAN', 'LAN', '2018-07-30 01:51:14', '1'), ('2896', '1', '1', 'opr.info.delete', '167', '两岸秘史（一）北平无战事​', null, '127.0.0.1', 'LAN', 'LAN', '2018-07-30 01:51:14', '1'), ('2897', '1', '1', 'opr.info.delete', '151', '江湖时尚：郭采洁隔空示爱杨幂', null, '127.0.0.1', 'LAN', 'LAN', '2018-07-30 01:51:14', '1'), ('2898', '1', '1', 'opr.info.delete', '169', '搞怪3宝：狂飙记', null, '127.0.0.1', 'LAN', 'LAN', '2018-07-30 01:51:14', '1'), ('2899', '1', '1', 'opr.info.delete', '140', '来自星星的你', null, '127.0.0.1', 'LAN', 'LAN', '2018-07-30 01:51:18', '1'), ('2900', '1', '1', 'opr.info.delete', '137', '警察故事2013', null, '127.0.0.1', 'LAN', 'LAN', '2018-07-30 01:51:18', '1'), ('2901', '1', '1', 'opr.info.delete', '139', '爸爸去哪儿 第一季', null, '127.0.0.1', 'LAN', 'LAN', '2018-07-30 01:51:18', '1'), ('2902', '1', '1', 'opr.info.delete', '138', '私人订制', null, '127.0.0.1', 'LAN', 'LAN', '2018-07-30 01:51:18', '1'), ('2903', '1', '1', 'opr.info.edit', '25', 'NASA发现系外类地行星', null, '127.0.0.1', 'LAN', 'LAN', '2018-07-30 01:53:01', '1'), ('2904', '1', '1', 'opr.info.auditPass', '25', 'NASA发现系外类地行星', null, '127.0.0.1', 'LAN', 'LAN', '2018-07-30 01:53:04', '1'), ('2905', '1', '1', 'opr.special.edit', '10', '陪你去看流星雨', null, '127.0.0.1', 'LAN', 'LAN', '2018-07-30 01:54:29', '1'), ('2906', '1', '1', 'login.success', null, null, null, '127.0.0.1', 'LAN', 'LAN', '2018-07-30 04:14:31', '2'), ('2907', '1', '1', 'opr.html.makeAll', '1', 'GWAC科学产品管理系统', null, '127.0.0.1', 'LAN', 'LAN', '2018-07-30 05:00:28', '1'), ('2917', '1', '1', 'login.success', null, null, null, '127.0.0.1', 'LAN', 'LAN', '2018-07-30 05:13:39', '2'), ('2918', '1', '1', 'opr.info.edit', '281', '国内望远镜特写', null, '127.0.0.1', 'LAN', 'LAN', '2018-07-30 05:23:20', '1'), ('2919', '1', '1', 'opr.info.edit', '141', 'GWAC系统开机仪式', null, '127.0.0.1', 'LAN', 'LAN', '2018-07-30 05:26:01', '1'), ('2920', '1', '1', 'opr.special.edit', '27', '美国航空航天局（NASA）', null, '127.0.0.1', 'LAN', 'LAN', '2018-07-30 05:27:15', '1'), ('2921', '1', '1', 'opr.info.edit', '25', 'NASA发现系外类地行星', null, '127.0.0.1', 'LAN', 'LAN', '2018-07-30 05:29:02', '1'), ('2922', '1', '1', 'opr.info.delete', '27', '聚划算成清仓专用 问题产品充斥', null, '127.0.0.1', 'LAN', 'LAN', '2018-07-30 05:29:07', '1'), ('2923', '1', '1', 'opr.info.delete', '53', '俄媒：苏联为买军火曾贿赂罗斯福', null, '127.0.0.1', 'LAN', 'LAN', '2018-07-30 05:29:43', '1'), ('2924', '1', '1', 'opr.info.edit', '46', 'M170201_C00605晚型耀发', null, '127.0.0.1', 'LAN', 'LAN', '2018-07-30 05:30:46', '1'), ('2925', '1', '1', 'login.logout', null, null, null, '127.0.0.1', 'LAN', 'LAN', '2018-07-30 05:32:03', '2');
COMMIT;

-- ----------------------------
-- Table structure for cms_org
-- ----------------------------
DROP TABLE IF EXISTS `cms_org`;
CREATE TABLE `cms_org` (
`f_org_id`  int(11) NOT NULL ,
`f_parent_id`  int(11) NULL DEFAULT NULL COMMENT '上级组织' ,
`f_name`  varchar(150) CHARACTER SET utf8 COLLATE utf8_general_ci NOT NULL COMMENT '名称' ,
`f_full_name`  varchar(150) CHARACTER SET utf8 COLLATE utf8_general_ci NULL DEFAULT NULL COMMENT '全称' ,
`f_description`  varchar(255) CHARACTER SET utf8 COLLATE utf8_general_ci NULL DEFAULT NULL COMMENT '描述' ,
`f_contacts`  varchar(100) CHARACTER SET utf8 COLLATE utf8_general_ci NULL DEFAULT NULL COMMENT '联系人' ,
`f_number`  varchar(100) CHARACTER SET utf8 COLLATE utf8_general_ci NULL DEFAULT NULL COMMENT '编码' ,
`f_phone`  varchar(100) CHARACTER SET utf8 COLLATE utf8_general_ci NULL DEFAULT NULL COMMENT '电话' ,
`f_fax`  varchar(100) CHARACTER SET utf8 COLLATE utf8_general_ci NULL DEFAULT NULL COMMENT '传真' ,
`f_address`  varchar(255) CHARACTER SET utf8 COLLATE utf8_general_ci NULL DEFAULT NULL COMMENT '地址' ,
`f_tree_number`  varchar(100) CHARACTER SET utf8 COLLATE utf8_general_ci NOT NULL DEFAULT '0000' COMMENT '树编码' ,
`f_tree_level`  int(11) NOT NULL DEFAULT 0 COMMENT '树级别' ,
`f_tree_max`  varchar(10) CHARACTER SET utf8 COLLATE utf8_general_ci NOT NULL DEFAULT '0000' COMMENT '树子节点最大编码' ,
PRIMARY KEY (`f_org_id`),
FOREIGN KEY (`f_parent_id`) REFERENCES `cms_org` (`f_org_id`) ON DELETE RESTRICT ON UPDATE RESTRICT,
INDEX `fk_cms_org_parent` (`f_parent_id`) USING BTREE 
)
ENGINE=InnoDB
DEFAULT CHARACTER SET=utf8 COLLATE=utf8_general_ci
COMMENT='组织表'

;

-- ----------------------------
-- Records of cms_org
-- ----------------------------
BEGIN;
INSERT INTO `cms_org` VALUES ('1', null, 'GWAC', null, null, null, '001', null, null, null, '0000', '0', '0005'), ('15', '1', '上海天文台', null, null, null, null, null, null, null, '0000-0001', '1', '0000'), ('16', '1', '云南天文台', null, null, null, null, null, null, null, '0000-0002', '1', '0000'), ('25', null, '广西大学', null, null, null, '002', null, null, null, '0001', '0', '0000'), ('35', '1', '国家天文台', null, null, null, null, null, null, null, '0000-0000', '1', '0000'), ('36', '1', '广西大学', null, null, null, null, null, null, null, '0000-0003', '1', '0000'), ('37', '1', '淮北师范大学', null, null, null, null, null, null, null, '0000-0004', '1', '0000');
COMMIT;

-- ----------------------------
-- Table structure for cms_publish_point
-- ----------------------------
DROP TABLE IF EXISTS `cms_publish_point`;
CREATE TABLE `cms_publish_point` (
`f_publishpoint_id`  int(11) NOT NULL ,
`f_global_id`  int(11) NOT NULL ,
`f_name`  varchar(100) CHARACTER SET utf8 COLLATE utf8_general_ci NOT NULL COMMENT '名称' ,
`f_description`  varchar(255) CHARACTER SET utf8 COLLATE utf8_general_ci NULL DEFAULT NULL COMMENT '描述' ,
`f_store_path`  varchar(255) CHARACTER SET utf8 COLLATE utf8_general_ci NULL DEFAULT NULL COMMENT '保存路径' ,
`f_display_path`  varchar(255) CHARACTER SET utf8 COLLATE utf8_general_ci NULL DEFAULT NULL COMMENT '显示路径' ,
`f_ftp_hostname`  varchar(100) CHARACTER SET utf8 COLLATE utf8_general_ci NULL DEFAULT NULL COMMENT 'ftp服务器' ,
`f_ftp_port`  int(11) NULL DEFAULT NULL COMMENT 'ftp端口' ,
`f_ftp_username`  varchar(100) CHARACTER SET utf8 COLLATE utf8_general_ci NULL DEFAULT NULL COMMENT 'ftp用户名' ,
`f_ftp_password`  varchar(100) CHARACTER SET utf8 COLLATE utf8_general_ci NULL DEFAULT NULL COMMENT 'ftp密码' ,
`f_seq`  int(11) NOT NULL DEFAULT 2147483647 COMMENT '排列顺序' ,
`f_method`  int(11) NOT NULL DEFAULT 1 COMMENT '方式(1:文件系统,2:FTP)' ,
`f_type`  int(11) NOT NULL DEFAULT 1 COMMENT '类型(1:HTML发布,2:附件发布)' ,
PRIMARY KEY (`f_publishpoint_id`),
FOREIGN KEY (`f_global_id`) REFERENCES `cms_global` (`f_global_id`) ON DELETE RESTRICT ON UPDATE RESTRICT,
INDEX `fk_cms_publishpoint_global` (`f_global_id`) USING BTREE 
)
ENGINE=InnoDB
DEFAULT CHARACTER SET=utf8 COLLATE=utf8_general_ci
COMMENT='发布点表'

;

-- ----------------------------
-- Records of cms_publish_point
-- ----------------------------
BEGIN;
INSERT INTO `cms_publish_point` VALUES ('1', '1', '附件默认发布点', null, '/uploads', '/uploads', null, null, null, null, '2147483647', '1', '2'), ('2', '1', 'HTML默认发布点', null, null, null, null, null, null, null, '2147483647', '1', '1');
COMMIT;

-- ----------------------------
-- Table structure for cms_question
-- ----------------------------
DROP TABLE IF EXISTS `cms_question`;
CREATE TABLE `cms_question` (
`f_question_id`  int(11) NOT NULL ,
`f_site_id`  int(11) NOT NULL COMMENT '站点ID' ,
`f_title`  varchar(150) CHARACTER SET utf8 COLLATE utf8_general_ci NOT NULL COMMENT '标题' ,
`f_description`  varchar(255) CHARACTER SET utf8 COLLATE utf8_general_ci NULL DEFAULT NULL COMMENT '描述' ,
`f_begin_date`  datetime NULL DEFAULT NULL COMMENT '开始日期' ,
`f_end_date`  datetime NULL DEFAULT NULL COMMENT '结束日期' ,
`f_creation_date`  datetime NOT NULL COMMENT '创建日期' ,
`f_mode`  int(11) NOT NULL DEFAULT 1 COMMENT '模式(1:独立访客,2:独立IP,3:独立用户)' ,
`f_interval`  int(11) NOT NULL DEFAULT 0 COMMENT '间隔时间（天）' ,
`f_total`  int(11) NOT NULL DEFAULT 0 COMMENT '总票数' ,
`f_status`  int(11) NOT NULL DEFAULT 0 COMMENT '状态(0:启用,1:禁用)' ,
PRIMARY KEY (`f_question_id`),
FOREIGN KEY (`f_site_id`) REFERENCES `cms_site` (`f_site_id`) ON DELETE RESTRICT ON UPDATE RESTRICT,
INDEX `fk_cms_question_site` (`f_site_id`) USING BTREE 
)
ENGINE=InnoDB
DEFAULT CHARACTER SET=utf8 COLLATE=utf8_general_ci
COMMENT='调查问卷表'

;

-- ----------------------------
-- Records of cms_question
-- ----------------------------
BEGIN;
INSERT INTO `cms_question` VALUES ('1', '1', '广州恒大再夺亚冠，你怎么看', '在刚刚结束的2015赛季亚冠决赛次回合比赛中，广州恒大凭借埃尔克森的进球， 1-0战胜迪拜阿赫利，总比分1-0获得本赛季亚冠联赛冠军，同时这也是恒大3年内两夺亚冠。', null, null, '2015-12-05 22:32:54', '1', '0', '4', '0'), ('2', '1', '南方供暖已成各界共识，你对江西供暖怎么看？', '近年来，每逢供暖期，呼吁“南方集中供暖”的话题都会成为热点。清华大学建筑节能研究中心的调研报告显示，并非所有南方城市有供暖需求，真正需要的是国家划定的“夏热冬冷”地区，包括上海、重庆、湖北、湖南、安徽、江西、江苏、浙江、四川等。这些省份冬季室温远低于北方城市集中供热时的室内温度。作为一个江西人，你对江西供暖怎么看？', null, null, '2015-12-01 16:38:50', '1', '0', '0', '0');
COMMIT;

-- ----------------------------
-- Table structure for cms_question_item
-- ----------------------------
DROP TABLE IF EXISTS `cms_question_item`;
CREATE TABLE `cms_question_item` (
`f_questionitem_id`  int(11) NOT NULL ,
`f_question_id`  int(11) NOT NULL ,
`f_title`  varchar(150) CHARACTER SET utf8 COLLATE utf8_general_ci NOT NULL ,
`f_max_selected`  int(11) NOT NULL DEFAULT 1 COMMENT '最多可选几项(0不限制)' ,
`f_seq`  int(11) NOT NULL DEFAULT 2147483647 COMMENT '排序' ,
`f_is_essay`  char(1) CHARACTER SET utf8 COLLATE utf8_general_ci NOT NULL DEFAULT '0' COMMENT '是否问答题' ,
PRIMARY KEY (`f_questionitem_id`),
FOREIGN KEY (`f_question_id`) REFERENCES `cms_question` (`f_question_id`) ON DELETE RESTRICT ON UPDATE RESTRICT,
INDEX `fk_cms_questionitem_question` (`f_question_id`) USING BTREE 
)
ENGINE=InnoDB
DEFAULT CHARACTER SET=utf8 COLLATE=utf8_general_ci
COMMENT='调查问卷项表'

;

-- ----------------------------
-- Records of cms_question_item
-- ----------------------------
BEGIN;
INSERT INTO `cms_question_item` VALUES ('1', '1', '广州恒大再夺亚冠主要原因是什么?', '0', '0', '0'), ('2', '1', '恒大本场决赛最佳球员是谁?', '1', '1', '0'), ('4', '2', '你支持江西供暖吗？', '1', '0', '0'), ('5', '2', '你觉得“集中供暖”和“分散供暖”哪个模式比较好？', '1', '1', '0'), ('6', '2', '如果采取供暖，你比较担心以下哪些问题？', '1', '2', '0'), ('7', '2', '您有什么建议？', '1', '3', '1');
COMMIT;

-- ----------------------------
-- Table structure for cms_question_item_rec
-- ----------------------------
DROP TABLE IF EXISTS `cms_question_item_rec`;
CREATE TABLE `cms_question_item_rec` (
`f_questionrecord_id`  int(11) NOT NULL ,
`f_questionitem_id`  int(11) NOT NULL ,
`f_answer`  mediumtext CHARACTER SET utf8 COLLATE utf8_general_ci NULL COMMENT '回答' ,
FOREIGN KEY (`f_questionitem_id`) REFERENCES `cms_question_item` (`f_questionitem_id`) ON DELETE RESTRICT ON UPDATE RESTRICT,
FOREIGN KEY (`f_questionrecord_id`) REFERENCES `cms_question_record` (`f_questionrecord_id`) ON DELETE RESTRICT ON UPDATE RESTRICT,
INDEX `fk_cms_questionitemrec_item` (`f_questionitem_id`) USING BTREE ,
INDEX `fk_cms_questionitemrec_rec` (`f_questionrecord_id`) USING BTREE 
)
ENGINE=InnoDB
DEFAULT CHARACTER SET=utf8 COLLATE=utf8_general_ci
COMMENT='调查问卷项与调查问卷记录关联表'

;

-- ----------------------------
-- Records of cms_question_item_rec
-- ----------------------------
BEGIN;
COMMIT;

-- ----------------------------
-- Table structure for cms_question_opt_rec
-- ----------------------------
DROP TABLE IF EXISTS `cms_question_opt_rec`;
CREATE TABLE `cms_question_opt_rec` (
`f_questionrecord_id`  int(11) NOT NULL ,
`f_questionoption_id`  int(11) NOT NULL ,
FOREIGN KEY (`f_questionoption_id`) REFERENCES `cms_question_option` (`f_questionoption_id`) ON DELETE RESTRICT ON UPDATE RESTRICT,
FOREIGN KEY (`f_questionrecord_id`) REFERENCES `cms_question_record` (`f_questionrecord_id`) ON DELETE RESTRICT ON UPDATE RESTRICT,
INDEX `fk_cms_questionoptrec_opt` (`f_questionoption_id`) USING BTREE ,
INDEX `fk_cms_questionoptrec_rec` (`f_questionrecord_id`) USING BTREE 
)
ENGINE=InnoDB
DEFAULT CHARACTER SET=utf8 COLLATE=utf8_general_ci
COMMENT='调查问卷选项与调查问卷记录关联表'

;

-- ----------------------------
-- Records of cms_question_opt_rec
-- ----------------------------
BEGIN;
INSERT INTO `cms_question_opt_rec` VALUES ('3', '1'), ('3', '2'), ('3', '7'), ('4', '5'), ('4', '7');
COMMIT;

-- ----------------------------
-- Table structure for cms_question_option
-- ----------------------------
DROP TABLE IF EXISTS `cms_question_option`;
CREATE TABLE `cms_question_option` (
`f_questionoption_id`  int(11) NOT NULL ,
`f_questionitem_id`  int(11) NOT NULL ,
`f_title`  varchar(150) CHARACTER SET utf8 COLLATE utf8_general_ci NULL DEFAULT NULL COMMENT '标题' ,
`f_is_input`  char(1) CHARACTER SET utf8 COLLATE utf8_general_ci NOT NULL DEFAULT '0' COMMENT '是否输入框' ,
`f_count`  int(11) NOT NULL DEFAULT 0 COMMENT '得票数' ,
`f_seq`  int(11) NOT NULL DEFAULT 2147483647 COMMENT '排序' ,
PRIMARY KEY (`f_questionoption_id`),
FOREIGN KEY (`f_questionitem_id`) REFERENCES `cms_question_item` (`f_questionitem_id`) ON DELETE RESTRICT ON UPDATE RESTRICT,
INDEX `fk_cms_questionoption_item` (`f_questionitem_id`) USING BTREE 
)
ENGINE=InnoDB
DEFAULT CHARACTER SET=utf8 COLLATE=utf8_general_ci
COMMENT='调查问卷选项表'

;

-- ----------------------------
-- Records of cms_question_option
-- ----------------------------
BEGIN;
INSERT INTO `cms_question_option` VALUES ('1', '1', '斯科拉里中途上任，对球队调教有方', '0', '1', '0'), ('2', '1', '高拉特、保利尼奥加盟，成功补强球队', '0', '1', '1'), ('3', '2', '埃尔克森', '0', '1', '0'), ('4', '2', '郑龙', '0', '0', '1'), ('5', '1', '郑智、黄博文、冯潇霆等国内球员给力', '0', '2', '2'), ('6', '1', '其他', '0', '0', '3'), ('7', '2', '金英权', '0', '2', '2'), ('8', '2', '其他', '0', '1', '3'), ('9', '4', '支持', '0', '0', '0'), ('10', '4', '不支持', '0', '0', '1'), ('11', '4', '无所谓', '0', '0', '2'), ('12', '5', '集中供暖比较好', '0', '0', '0'), ('13', '5', '分散供暖比较好', '0', '0', '1'), ('14', '5', '无所谓', '0', '0', '2'), ('15', '6', '花销', '0', '0', '0'), ('16', '6', '环境污染', '0', '0', '1'), ('17', '6', '冷热不均', '0', '0', '2'), ('18', '6', '生活习惯改变引起身体不适', '0', '0', '3');
COMMIT;

-- ----------------------------
-- Table structure for cms_question_record
-- ----------------------------
DROP TABLE IF EXISTS `cms_question_record`;
CREATE TABLE `cms_question_record` (
`f_questionrecord_id`  int(11) NOT NULL ,
`f_user_id`  int(11) NULL DEFAULT NULL COMMENT '用户ID' ,
`f_question_id`  int(11) NOT NULL COMMENT '调查问卷ID' ,
`f_date`  datetime NOT NULL COMMENT '日期' ,
`f_ip`  varchar(100) CHARACTER SET utf8 COLLATE utf8_general_ci NOT NULL COMMENT 'IP' ,
`f_cookie`  varchar(100) CHARACTER SET utf8 COLLATE utf8_general_ci NOT NULL COMMENT 'Cookie' ,
PRIMARY KEY (`f_questionrecord_id`),
FOREIGN KEY (`f_question_id`) REFERENCES `cms_question` (`f_question_id`) ON DELETE RESTRICT ON UPDATE RESTRICT,
FOREIGN KEY (`f_user_id`) REFERENCES `cms_user` (`f_user_id`) ON DELETE RESTRICT ON UPDATE RESTRICT,
INDEX `fk_cms_questionrecord_question` (`f_question_id`) USING BTREE ,
INDEX `fk_cms_questionrecord_user` (`f_user_id`) USING BTREE 
)
ENGINE=InnoDB
DEFAULT CHARACTER SET=utf8 COLLATE=utf8_general_ci
COMMENT='调查问卷记录表'

;

-- ----------------------------
-- Records of cms_question_record
-- ----------------------------
BEGIN;
INSERT INTO `cms_question_record` VALUES ('3', '1', '1', '2015-12-08 16:12:28', '127.0.0.1', '2dde68cd95f54781b2fde279de89cb2d'), ('4', null, '1', '2016-03-22 17:39:56', '127.0.0.1', 'c76e26ec3ed749e0b9bf4782ae50e4f5');
COMMIT;

-- ----------------------------
-- Table structure for cms_role
-- ----------------------------
DROP TABLE IF EXISTS `cms_role`;
CREATE TABLE `cms_role` (
`f_role_id`  int(11) NOT NULL ,
`f_site_id`  int(11) NOT NULL COMMENT '站点' ,
`f_name`  varchar(100) CHARACTER SET utf8 COLLATE utf8_general_ci NOT NULL COMMENT '名称' ,
`f_description`  varchar(255) CHARACTER SET utf8 COLLATE utf8_general_ci NULL DEFAULT NULL COMMENT '描述' ,
`f_rank`  int(11) NOT NULL DEFAULT 999 COMMENT '等级' ,
`f_seq`  int(11) NOT NULL DEFAULT 2147483647 COMMENT '排序' ,
`f_perms`  mediumtext CHARACTER SET utf8 COLLATE utf8_general_ci NULL COMMENT '功能权限' ,
`f_is_all_perm`  char(1) CHARACTER SET utf8 COLLATE utf8_general_ci NOT NULL DEFAULT '1' COMMENT '是否拥有所有功能权限' ,
`f_is_all_info_perm`  char(1) CHARACTER SET utf8 COLLATE utf8_general_ci NOT NULL DEFAULT '1' COMMENT '是否拥有所有文档权限' ,
`f_is_all_node_perm`  char(1) CHARACTER SET utf8 COLLATE utf8_general_ci NOT NULL DEFAULT '1' COMMENT '是否拥有所有栏目权限' ,
`f_is_info_final_perm`  char(1) CHARACTER SET utf8 COLLATE utf8_general_ci NOT NULL DEFAULT '0' COMMENT '是否拥有文档终审权限' ,
`f_info_perm_type`  int(11) NOT NULL DEFAULT 1 COMMENT '文档权限类型(1:所有;2:组织;3:自身)' ,
PRIMARY KEY (`f_role_id`),
FOREIGN KEY (`f_site_id`) REFERENCES `cms_site` (`f_site_id`) ON DELETE RESTRICT ON UPDATE RESTRICT,
INDEX `fk_cms_role_site` (`f_site_id`) USING BTREE 
)
ENGINE=InnoDB
DEFAULT CHARACTER SET=utf8 COLLATE=utf8_general_ci
COMMENT='角色表'

;

-- ----------------------------
-- Records of cms_role
-- ----------------------------
BEGIN;
INSERT INTO `cms_role` VALUES ('1', '1', '超级管理员', null, '1', '0', null, '1', '1', '1', '1', '1'), ('17', '1', '管理员', '普通管理员', '999', '1', 'index,container,nav_homepage,core:homepage:welcome,core:homepage:welcome,core:nav,core:homepage:welcome,core:homepage:notification:list,core:homepage:notification:delete,core:homepage:message:list,core:homepage:message:send:form,core:homepage:message:send,core:homepage:message:delete,core:homepage:mail_inbox:list,core:homepage:mail_inbox:show,core:homepage:mail_inbox:delete,core:homepage:personal:edit,core:homepage:personal:update,nav_content,core:info:list,core:info:left,core:info:create,core:info:copy,core:info:edit,core:info:move_form,core:info:mass_weixin_form,core:info:status,core:info:save,commons:img_crop,core:upload,core:info:update,commons:img_crop,core:upload,core:info:logic_delete,core:info:delete,core:info:recall,core:info:audit_pass,core:info:audit_reject,core:info:audit_return,core:info:move_submit,core:info:mass_weixin,core:info:make_html', '0', '0', '0', '0', '3');
COMMIT;

-- ----------------------------
-- Table structure for cms_schedule_job
-- ----------------------------
DROP TABLE IF EXISTS `cms_schedule_job`;
CREATE TABLE `cms_schedule_job` (
`f_schedulejob_id`  int(11) NOT NULL ,
`f_site_id`  int(11) NOT NULL ,
`f_user_id`  int(11) NOT NULL ,
`f_name`  varchar(100) CHARACTER SET utf8 COLLATE utf8_general_ci NOT NULL COMMENT '任务名称' ,
`f_group`  varchar(100) CHARACTER SET utf8 COLLATE utf8_general_ci NULL DEFAULT NULL COMMENT '任务组' ,
`f_code`  varchar(100) CHARACTER SET utf8 COLLATE utf8_general_ci NOT NULL COMMENT '任务代码' ,
`f_data`  mediumtext CHARACTER SET utf8 COLLATE utf8_general_ci NULL COMMENT '任务数据' ,
`f_description`  varchar(255) CHARACTER SET utf8 COLLATE utf8_general_ci NULL DEFAULT NULL COMMENT '任务描述' ,
`f_cron_expression`  varchar(100) CHARACTER SET utf8 COLLATE utf8_general_ci NULL DEFAULT NULL COMMENT 'Cron表达式' ,
`f_start_time`  datetime NULL DEFAULT NULL COMMENT '开始时间' ,
`f_end_time`  datetime NULL DEFAULT NULL COMMENT '结束时间' ,
`f_start_delay`  bigint(20) NULL DEFAULT NULL COMMENT '首次延迟时间(分钟)' ,
`f_repeat_interval`  bigint(20) NULL DEFAULT NULL COMMENT '间隔时间' ,
`f_unit`  int(11) NULL DEFAULT NULL COMMENT '时间单位(1:毫秒,2:秒,3:分,4:时,5:天,6:周,7:月,8:年)' ,
`f_cycle`  int(11) NOT NULL DEFAULT 1 COMMENT '执行周期(1:cron,2:simple)' ,
`f_status`  int(11) NOT NULL DEFAULT 0 COMMENT '状态(0:启用;1:禁用)' ,
PRIMARY KEY (`f_schedulejob_id`),
FOREIGN KEY (`f_site_id`) REFERENCES `cms_site` (`f_site_id`) ON DELETE RESTRICT ON UPDATE RESTRICT,
FOREIGN KEY (`f_user_id`) REFERENCES `cms_user` (`f_user_id`) ON DELETE RESTRICT ON UPDATE RESTRICT,
INDEX `fk_cms_schedulejob_site` (`f_site_id`) USING BTREE ,
INDEX `fk_cms_schedulejob_user` (`f_user_id`) USING BTREE 
)
ENGINE=InnoDB
DEFAULT CHARACTER SET=utf8 COLLATE=utf8_general_ci
COMMENT='定时任务表'

;

-- ----------------------------
-- Records of cms_schedule_job
-- ----------------------------
BEGIN;
COMMIT;

-- ----------------------------
-- Table structure for cms_score_board
-- ----------------------------
DROP TABLE IF EXISTS `cms_score_board`;
CREATE TABLE `cms_score_board` (
`f_scoreboard_id`  int(11) NOT NULL ,
`f_scoreitem_id`  int(11) NOT NULL COMMENT '记分项' ,
`f_ftype`  varchar(50) CHARACTER SET utf8 COLLATE utf8_general_ci NOT NULL COMMENT '外表标识' ,
`f_fid`  int(11) NOT NULL COMMENT '外表ID' ,
`f_votes`  int(11) NOT NULL DEFAULT 0 COMMENT '投票次数' ,
PRIMARY KEY (`f_scoreboard_id`),
FOREIGN KEY (`f_scoreitem_id`) REFERENCES `cms_score_item` (`f_scoreitem_id`) ON DELETE RESTRICT ON UPDATE RESTRICT,
INDEX `fk_cms_scoreboard_scoreitem` (`f_scoreitem_id`) USING BTREE 
)
ENGINE=InnoDB
DEFAULT CHARACTER SET=utf8 COLLATE=utf8_general_ci
COMMENT='计分牌表'

;

-- ----------------------------
-- Records of cms_score_board
-- ----------------------------
BEGIN;
INSERT INTO `cms_score_board` VALUES ('1', '1', 'InfoScore', '97', '1'), ('2', '1', 'InfoScore', '28', '1'), ('3', '13', 'InfoScore', '94', '4'), ('4', '11', 'InfoScore', '95', '1'), ('5', '13', 'InfoScore', '93', '1'), ('6', '2', 'InfoScore', '55', '1'), ('7', '12', 'InfoScore', '93', '1'), ('8', '10', 'InfoScore', '98', '1'), ('9', '13', 'InfoScore', '97', '1'), ('10', '3', 'InfoScore', '87', '1'), ('11', '4', 'InfoScore', '87', '1'), ('12', '5', 'InfoScore', '28', '1'), ('13', '8', 'InfoScore', '126', '1'), ('14', '2', 'InfoScore', '32', '1'), ('15', '10', 'InfoScore', '94', '3'), ('16', '9', 'InfoScore', '94', '16'), ('17', '12', 'InfoScore', '94', '2'), ('18', '11', 'InfoScore', '94', '2'), ('19', '12', 'InfoScore', '130', '1'), ('20', '13', 'InfoScore', '130', '1'), ('21', '10', 'InfoScore', '97', '1'), ('22', '6', 'InfoScore', '126', '1'), ('23', '6', 'InfoScore', '127', '3'), ('24', '5', 'InfoScore', '127', '3'), ('25', '4', 'InfoScore', '127', '1'), ('26', '7', 'InfoScore', '127', '1'), ('27', '11', 'InfoScore', '132', '1'), ('39', '1', 'InfoScore', '127', '1');
COMMIT;

-- ----------------------------
-- Table structure for cms_score_group
-- ----------------------------
DROP TABLE IF EXISTS `cms_score_group`;
CREATE TABLE `cms_score_group` (
`f_scoregroup_id`  int(11) NOT NULL ,
`f_site_id`  int(11) NOT NULL COMMENT '站点' ,
`f_name`  varchar(100) CHARACTER SET utf8 COLLATE utf8_general_ci NOT NULL COMMENT '名称' ,
`f_number`  varchar(100) CHARACTER SET utf8 COLLATE utf8_general_ci NULL DEFAULT NULL COMMENT '代码' ,
`f_description`  varchar(255) CHARACTER SET utf8 COLLATE utf8_general_ci NULL DEFAULT NULL COMMENT '描述' ,
`f_seq`  int(11) NOT NULL DEFAULT 2147483647 COMMENT '排序' ,
PRIMARY KEY (`f_scoregroup_id`),
FOREIGN KEY (`f_site_id`) REFERENCES `cms_site` (`f_site_id`) ON DELETE RESTRICT ON UPDATE RESTRICT,
INDEX `fk_cms_scoregroup_site` (`f_site_id`) USING BTREE 
)
ENGINE=InnoDB
DEFAULT CHARACTER SET=utf8 COLLATE=utf8_general_ci
COMMENT='计分组表'

;

-- ----------------------------
-- Records of cms_score_group
-- ----------------------------
BEGIN;
INSERT INTO `cms_score_group` VALUES ('1', '1', '心情评分', 'mood', null, '0'), ('2', '1', '星级评分', 'star', null, '1');
COMMIT;

-- ----------------------------
-- Table structure for cms_score_item
-- ----------------------------
DROP TABLE IF EXISTS `cms_score_item`;
CREATE TABLE `cms_score_item` (
`f_scoreitem_id`  int(11) NOT NULL ,
`f_scoregroup_id`  int(11) NOT NULL COMMENT '计分组' ,
`f_site_id`  int(11) NOT NULL COMMENT '站点' ,
`f_name`  varchar(100) CHARACTER SET utf8 COLLATE utf8_general_ci NOT NULL COMMENT '名称' ,
`f_score`  int(11) NOT NULL DEFAULT 1 COMMENT '分值' ,
`f_icon`  varchar(255) CHARACTER SET utf8 COLLATE utf8_general_ci NULL DEFAULT NULL COMMENT '图标' ,
`f_seq`  int(11) NOT NULL DEFAULT 2147483647 COMMENT '排序' ,
PRIMARY KEY (`f_scoreitem_id`),
FOREIGN KEY (`f_scoregroup_id`) REFERENCES `cms_score_group` (`f_scoregroup_id`) ON DELETE RESTRICT ON UPDATE RESTRICT,
FOREIGN KEY (`f_site_id`) REFERENCES `cms_site` (`f_site_id`) ON DELETE RESTRICT ON UPDATE RESTRICT,
INDEX `fk_cms_scoreitem_scoregroup` (`f_scoregroup_id`) USING BTREE ,
INDEX `fk_cms_scoreitem_site` (`f_site_id`) USING BTREE 
)
ENGINE=InnoDB
DEFAULT CHARACTER SET=utf8 COLLATE=utf8_general_ci
COMMENT='计分项表'

;

-- ----------------------------
-- Records of cms_score_item
-- ----------------------------
BEGIN;
INSERT INTO `cms_score_item` VALUES ('1', '1', '1', '感动', '1', '/mood/0.gif', '0'), ('2', '1', '1', '路过', '1', '/mood/1.gif', '1'), ('3', '1', '1', '高兴', '1', '/mood/2.gif', '2'), ('4', '1', '1', '难过', '1', '/mood/3.gif', '3'), ('5', '1', '1', '搞笑', '1', '/mood/4.gif', '4'), ('6', '1', '1', '无聊', '1', '/mood/5.gif', '5'), ('7', '1', '1', '愤怒', '1', '/mood/6.gif', '6'), ('8', '1', '1', '同情', '1', '/mood/7.gif', '7'), ('9', '2', '1', '一星', '1', null, '0'), ('10', '2', '1', '二星', '2', null, '1'), ('11', '2', '1', '三星', '3', null, '2'), ('12', '2', '1', '四星', '4', null, '3'), ('13', '2', '1', '五星', '5', null, '4');
COMMIT;

-- ----------------------------
-- Table structure for cms_sensitive_word
-- ----------------------------
DROP TABLE IF EXISTS `cms_sensitive_word`;
CREATE TABLE `cms_sensitive_word` (
`f_sensitiveword_id`  int(11) NOT NULL ,
`f_name`  varchar(100) CHARACTER SET utf8 COLLATE utf8_general_ci NOT NULL COMMENT '敏感词' ,
`f_replacement`  varchar(100) CHARACTER SET utf8 COLLATE utf8_general_ci NULL DEFAULT NULL COMMENT '替换词' ,
`f_status`  int(11) NOT NULL DEFAULT 0 COMMENT '状态(0:启用,1:禁用)' ,
PRIMARY KEY (`f_sensitiveword_id`)
)
ENGINE=InnoDB
DEFAULT CHARACTER SET=utf8 COLLATE=utf8_general_ci
COMMENT='敏感词表'

;

-- ----------------------------
-- Records of cms_sensitive_word
-- ----------------------------
BEGIN;
COMMIT;

-- ----------------------------
-- Table structure for cms_site
-- ----------------------------
DROP TABLE IF EXISTS `cms_site`;
CREATE TABLE `cms_site` (
`f_site_id`  int(11) NOT NULL ,
`f_global_id`  int(11) NOT NULL COMMENT '全局' ,
`f_org_id`  int(11) NOT NULL COMMENT '组织' ,
`f_html_publishpoint_id`  int(11) NOT NULL COMMENT 'HTML发布点' ,
`f_mobile_publishpoint_id`  int(11) NULL DEFAULT NULL COMMENT '手机端发布点' ,
`f_parent_id`  int(11) NULL DEFAULT NULL COMMENT '上级站点' ,
`f_name`  varchar(100) CHARACTER SET utf8 COLLATE utf8_general_ci NOT NULL COMMENT '名称' ,
`f_number`  varchar(100) CHARACTER SET utf8 COLLATE utf8_general_ci NOT NULL COMMENT '代码' ,
`f_full_name`  varchar(100) CHARACTER SET utf8 COLLATE utf8_general_ci NULL DEFAULT NULL COMMENT '完整名称' ,
`f_no_picture`  varchar(255) CHARACTER SET utf8 COLLATE utf8_general_ci NOT NULL DEFAULT '/img/no_picture.jpg' COMMENT '暂无图片' ,
`f_template_theme`  varchar(100) CHARACTER SET utf8 COLLATE utf8_general_ci NOT NULL DEFAULT 'default' COMMENT '模板主题' ,
`f_domain`  varchar(100) CHARACTER SET utf8 COLLATE utf8_general_ci NOT NULL DEFAULT 'localhost' COMMENT '域名' ,
`f_is_identify_domain`  char(1) CHARACTER SET utf8 COLLATE utf8_general_ci NOT NULL DEFAULT '0' COMMENT '是否识别域名' ,
`f_is_static_home`  char(1) CHARACTER SET utf8 COLLATE utf8_general_ci NOT NULL DEFAULT '0' COMMENT '是否静态首页' ,
`f_mobile_theme`  varchar(100) CHARACTER SET utf8 COLLATE utf8_general_ci NULL DEFAULT 'default' COMMENT '手机端模板主题' ,
`f_mobile_domain`  varchar(100) CHARACTER SET utf8 COLLATE utf8_general_ci NULL DEFAULT NULL COMMENT '手机端域名' ,
`f_status`  int(11) NOT NULL DEFAULT 0 COMMENT '状态(0:正常,1:禁用)' ,
`f_tree_number`  varchar(100) CHARACTER SET utf8 COLLATE utf8_general_ci NOT NULL DEFAULT '0000' COMMENT '树编码' ,
`f_tree_level`  int(11) NOT NULL DEFAULT 0 COMMENT '树级别' ,
`f_tree_max`  varchar(10) CHARACTER SET utf8 COLLATE utf8_general_ci NOT NULL DEFAULT '0000' COMMENT '树子节点最大编码' ,
PRIMARY KEY (`f_site_id`),
FOREIGN KEY (`f_global_id`) REFERENCES `cms_global` (`f_global_id`) ON DELETE RESTRICT ON UPDATE RESTRICT,
FOREIGN KEY (`f_org_id`) REFERENCES `cms_org` (`f_org_id`) ON DELETE RESTRICT ON UPDATE RESTRICT,
FOREIGN KEY (`f_parent_id`) REFERENCES `cms_site` (`f_site_id`) ON DELETE RESTRICT ON UPDATE RESTRICT,
FOREIGN KEY (`f_html_publishpoint_id`) REFERENCES `cms_publish_point` (`f_publishpoint_id`) ON DELETE RESTRICT ON UPDATE RESTRICT,
FOREIGN KEY (`f_mobile_publishpoint_id`) REFERENCES `cms_publish_point` (`f_publishpoint_id`) ON DELETE RESTRICT ON UPDATE RESTRICT,
UNIQUE INDEX `ak_number` (`f_number`) USING BTREE ,
INDEX `fk_cms_site_global` (`f_global_id`) USING BTREE ,
INDEX `fk_cms_site_org` (`f_org_id`) USING BTREE ,
INDEX `fk_cms_site_parent` (`f_parent_id`) USING BTREE ,
INDEX `fk_cms_site_publishpoint` (`f_html_publishpoint_id`) USING BTREE ,
INDEX `fk_cms_site_publishpoint_m` (`f_mobile_publishpoint_id`) USING BTREE 
)
ENGINE=InnoDB
DEFAULT CHARACTER SET=utf8 COLLATE=utf8_general_ci
COMMENT='站点表'

;

-- ----------------------------
-- Records of cms_site
-- ----------------------------
BEGIN;
INSERT INTO `cms_site` VALUES ('1', '1', '1', '2', '2', null, 'GWAC科学产品管理系统', '1', 'GWAC科学产品管理系统', '/img/gwac_logo.png', 'default', 'gwac.top', '0', '0', 'm', 'gwac.top', '0', '0000', '0', '0000');
COMMIT;

-- ----------------------------
-- Table structure for cms_site_clob
-- ----------------------------
DROP TABLE IF EXISTS `cms_site_clob`;
CREATE TABLE `cms_site_clob` (
`f_site_id`  int(11) NOT NULL ,
`f_key`  varchar(50) CHARACTER SET utf8 COLLATE utf8_general_ci NOT NULL COMMENT '键' ,
`f_value`  mediumtext CHARACTER SET utf8 COLLATE utf8_general_ci NULL COMMENT '值' ,
FOREIGN KEY (`f_site_id`) REFERENCES `cms_site` (`f_site_id`) ON DELETE RESTRICT ON UPDATE RESTRICT,
INDEX `fk_cms_siteclob_site` (`f_site_id`) USING BTREE 
)
ENGINE=InnoDB
DEFAULT CHARACTER SET=utf8 COLLATE=utf8_general_ci
COMMENT='站点大字段表'

;

-- ----------------------------
-- Records of cms_site_clob
-- ----------------------------
BEGIN;
COMMIT;

-- ----------------------------
-- Table structure for cms_site_custom
-- ----------------------------
DROP TABLE IF EXISTS `cms_site_custom`;
CREATE TABLE `cms_site_custom` (
`f_site_id`  int(11) NOT NULL ,
`f_key`  varchar(50) CHARACTER SET utf8 COLLATE utf8_general_ci NOT NULL COMMENT '键' ,
`f_value`  varchar(2000) CHARACTER SET utf8 COLLATE utf8_general_ci NULL DEFAULT NULL COMMENT '值' ,
FOREIGN KEY (`f_site_id`) REFERENCES `cms_site` (`f_site_id`) ON DELETE RESTRICT ON UPDATE RESTRICT,
INDEX `fk_cms_sitecustom_site` (`f_site_id`) USING BTREE 
)
ENGINE=InnoDB
DEFAULT CHARACTER SET=utf8 COLLATE=utf8_general_ci
COMMENT='站点自定义表'

;

-- ----------------------------
-- Records of cms_site_custom
-- ----------------------------
BEGIN;
INSERT INTO `cms_site_custom` VALUES ('1', 'company', '国家天文台'), ('1', 'icp', '京ICP备05002854号'), ('1', 'sys_watermark_mode', '0'), ('1', 'sys_watermark_alpha', '50'), ('1', 'sys_watermark_padding_x', '20'), ('1', 'sys_watermark_image', '/img/watermark.png'), ('1', 'sys_watermark_min_height', '300'), ('1', 'sys_watermark_padding_y', '20'), ('1', 'sys_watermark_position', '9'), ('1', 'sys_watermark_min_width', '300'), ('1', 'sys_comment_captchaMode', '3'), ('1', 'sys_comment_auditMode', '0'), ('1', 'sys_comment_maxLength', '2147483647'), ('1', 'sys_comment_mode', '1'), ('1', 'sys_guestbook_mode', '1'), ('1', 'sys_guestbook_auditMode', '0'), ('1', 'sys_guestbook_captchaMode', '3'), ('1', 'sys_guestbook_maxLength', '2147483647');
COMMIT;

-- ----------------------------
-- Table structure for cms_special
-- ----------------------------
DROP TABLE IF EXISTS `cms_special`;
CREATE TABLE `cms_special` (
`f_special_id`  int(11) NOT NULL ,
`f_creator_id`  int(11) NOT NULL COMMENT '创建者' ,
`f_model_id`  int(11) NOT NULL COMMENT '模型' ,
`f_site_id`  int(11) NOT NULL COMMENT '站点' ,
`f_speccate_id`  int(11) NOT NULL COMMENT '专题类别' ,
`f_creation_date`  datetime NOT NULL COMMENT '创建日期' ,
`f_title`  varchar(150) CHARACTER SET utf8 COLLATE utf8_general_ci NOT NULL COMMENT '标题' ,
`f_meta_keywords`  varchar(150) CHARACTER SET utf8 COLLATE utf8_general_ci NULL DEFAULT NULL COMMENT '关键字' ,
`f_meta_description`  varchar(450) CHARACTER SET utf8 COLLATE utf8_general_ci NULL DEFAULT NULL COMMENT '描述' ,
`f_special_template`  varchar(255) CHARACTER SET utf8 COLLATE utf8_general_ci NULL DEFAULT NULL COMMENT '专题模板' ,
`f_small_image`  varchar(255) CHARACTER SET utf8 COLLATE utf8_general_ci NULL DEFAULT NULL COMMENT '小图' ,
`f_large_image`  varchar(255) CHARACTER SET utf8 COLLATE utf8_general_ci NULL DEFAULT NULL COMMENT '大图' ,
`f_video`  varchar(255) CHARACTER SET utf8 COLLATE utf8_general_ci NULL DEFAULT NULL COMMENT '视频' ,
`f_video_name`  varchar(255) CHARACTER SET utf8 COLLATE utf8_general_ci NULL DEFAULT NULL COMMENT '视频名称' ,
`f_video_length`  bigint(20) NULL DEFAULT NULL COMMENT '视频长度' ,
`f_video_time`  varchar(100) CHARACTER SET utf8 COLLATE utf8_general_ci NULL DEFAULT NULL COMMENT '视频时间' ,
`f_refers`  int(11) NOT NULL DEFAULT 0 COMMENT '文档数量' ,
`f_views`  int(11) NOT NULL DEFAULT 0 COMMENT '浏览总数' ,
`f_is_with_image`  char(1) CHARACTER SET utf8 COLLATE utf8_general_ci NOT NULL DEFAULT '0' COMMENT '是否有图片' ,
`f_is_recommend`  char(1) CHARACTER SET utf8 COLLATE utf8_general_ci NOT NULL DEFAULT '0' COMMENT '是否推荐' ,
PRIMARY KEY (`f_special_id`),
FOREIGN KEY (`f_creator_id`) REFERENCES `cms_user` (`f_user_id`) ON DELETE RESTRICT ON UPDATE RESTRICT,
FOREIGN KEY (`f_model_id`) REFERENCES `cms_model` (`f_model_id`) ON DELETE RESTRICT ON UPDATE RESTRICT,
FOREIGN KEY (`f_site_id`) REFERENCES `cms_site` (`f_site_id`) ON DELETE RESTRICT ON UPDATE RESTRICT,
FOREIGN KEY (`f_speccate_id`) REFERENCES `cms_special_category` (`f_speccate_id`) ON DELETE RESTRICT ON UPDATE RESTRICT,
INDEX `fk_cms_special_creator` (`f_creator_id`) USING BTREE ,
INDEX `fk_cms_special_model` (`f_model_id`) USING BTREE ,
INDEX `fk_cms_special_site` (`f_site_id`) USING BTREE ,
INDEX `fk_cms_special_speccate` (`f_speccate_id`) USING BTREE 
)
ENGINE=InnoDB
DEFAULT CHARACTER SET=utf8 COLLATE=utf8_general_ci
COMMENT='专题表'

;

-- ----------------------------
-- Records of cms_special
-- ----------------------------
BEGIN;
INSERT INTO `cms_special` VALUES ('2', '1', '17', '1', '5', '2018-07-27 23:45:28', 'LSST', null, null, null, null, null, null, null, null, null, '8', '0', '0', '0'), ('8', '1', '17', '1', '2', '2018-07-27 23:45:19', '兴隆GWAC圆顶网络', null, null, null, '/uploads/1/image/public/201807/20180729182425_p969kaaold.jpg', '/uploads/1/image/public/201807/20180729182538_qkagx3xw3a.jpg', null, null, null, null, '5', '3', '1', '1'), ('10', '1', '17', '1', '1', '2018-07-27 23:45:09', '陪你去看流星雨', null, 'M170626_C00090\r\ne60cm的后随结果显示\r\n目标亮度为R～12.2\r\nUSNO给出的是 B～13.5    R～19.3   \r\n重新查了USNO B2.0 星表， B2: 13.61 mag, R2 ~ 12.15 mag，与e60观测的亮度相当。\r\n2MaSS给出的是J～11.31  K～10.82  \r\n在观测的时间范围内没有明显的变化。', null, '/uploads/1/image/public/201807/20180730095410_elkl0o228d.jpeg', '/uploads/1/image/public/201807/20180730095426_2df4t1ncvi.jpeg', null, null, null, null, '6', '8', '1', '1'), ('11', '1', '17', '1', '6', '2018-07-27 23:45:01', '月基望远镜', null, null, null, '/uploads/1/image/public/201807/20180729182609_9jff1tugo3.jpg', '/uploads/1/image/public/201807/20180729182624_5mpy0lfi06.jpg', null, null, null, null, '2', '1', '1', '1'), ('12', '1', '17', '1', '1', '2018-07-27 23:44:50', 'GWAC新发现', null, '观测时间：20170626\r\n目标： M170626_C00090\r\nsimbad上对应源 ，UCAC4 481-063956 -- High proper-motion Star，\r\n若干篇文献已将其收录为近邻的M型矮星。', null, '/uploads/1/image/public/201807/20180729182853_k5jrmbeye5.jpg', '/uploads/1/image/public/201807/20180729182916_fi9a46d9rs.jpg', null, null, null, null, '3', '2', '1', '1'), ('13', '1', '17', '1', '2', '2018-07-27 23:44:35', 'GWAC转台', null, null, null, '/uploads/1/image/public/201807/20180729182500_4tsehiy96r.jpg', '/uploads/1/image/public/201807/20180729182509_dmu7mbfycq.jpg', null, null, null, null, '2', '0', '1', '1'), ('25', '1', '17', '1', '6', '2018-07-27 23:43:58', '科普', null, null, null, null, null, null, null, null, null, '0', '0', '0', '1'), ('26', '1', '17', '1', '6', '2018-07-27 23:46:08', '郭守敬望远镜（LAMOST）', null, null, null, null, null, null, null, null, null, '0', '0', '0', '0'), ('27', '1', '17', '1', '5', '2018-07-27 23:48:39', '美国航空航天局（NASA）', null, null, null, '/uploads/1/image/public/201807/20180730132711_fq27tpvtqy.jpg', '/uploads/1/image/public/201807/20180730132655_he0rkc3tg0.jpg', null, null, null, null, '0', '2', '1', '0');
COMMIT;

-- ----------------------------
-- Table structure for cms_special_category
-- ----------------------------
DROP TABLE IF EXISTS `cms_special_category`;
CREATE TABLE `cms_special_category` (
`f_speccate_id`  int(11) NOT NULL ,
`f_site_id`  int(11) NOT NULL COMMENT '站点' ,
`f_name`  varchar(50) CHARACTER SET utf8 COLLATE utf8_general_ci NOT NULL COMMENT '名称' ,
`f_seq`  int(11) NOT NULL DEFAULT 2147483647 COMMENT '排序' ,
`f_views`  int(11) NOT NULL DEFAULT 0 COMMENT '浏览总数' ,
`f_meta_keywords`  varchar(150) CHARACTER SET utf8 COLLATE utf8_general_ci NULL DEFAULT NULL COMMENT '关键字' ,
`f_meta_description`  varchar(450) CHARACTER SET utf8 COLLATE utf8_general_ci NULL DEFAULT NULL COMMENT '描述' ,
`f_creation_date`  datetime NOT NULL COMMENT '创建日期' ,
PRIMARY KEY (`f_speccate_id`),
FOREIGN KEY (`f_site_id`) REFERENCES `cms_site` (`f_site_id`) ON DELETE RESTRICT ON UPDATE RESTRICT,
INDEX `fk_cms_speccategory_site` (`f_site_id`) USING BTREE 
)
ENGINE=InnoDB
DEFAULT CHARACTER SET=utf8 COLLATE=utf8_general_ci
COMMENT='专题类别表'

;

-- ----------------------------
-- Records of cms_special_category
-- ----------------------------
BEGIN;
INSERT INTO `cms_special_category` VALUES ('1', '1', '科学新发现', '0', '0', null, null, '2013-02-28 17:09:49'), ('2', '1', 'GWAC工程', '1', '0', null, null, '2013-03-18 02:22:45'), ('5', '1', '国际', '2', '0', null, null, '2014-11-27 20:47:03'), ('6', '1', '国内', '3', '0', null, null, '2014-11-27 20:47:09');
COMMIT;

-- ----------------------------
-- Table structure for cms_special_clob
-- ----------------------------
DROP TABLE IF EXISTS `cms_special_clob`;
CREATE TABLE `cms_special_clob` (
`f_special_id`  int(11) NOT NULL ,
`f_key`  varchar(50) CHARACTER SET utf8 COLLATE utf8_general_ci NOT NULL COMMENT '键' ,
`f_value`  mediumtext CHARACTER SET utf8 COLLATE utf8_general_ci NULL COMMENT '值' ,
FOREIGN KEY (`f_special_id`) REFERENCES `cms_special` (`f_special_id`) ON DELETE RESTRICT ON UPDATE RESTRICT,
INDEX `fk_cms_specialclob_special` (`f_special_id`) USING BTREE 
)
ENGINE=InnoDB
DEFAULT CHARACTER SET=utf8 COLLATE=utf8_general_ci
COMMENT='专题大字段表'

;

-- ----------------------------
-- Records of cms_special_clob
-- ----------------------------
BEGIN;
COMMIT;

-- ----------------------------
-- Table structure for cms_special_custom
-- ----------------------------
DROP TABLE IF EXISTS `cms_special_custom`;
CREATE TABLE `cms_special_custom` (
`f_special_id`  int(11) NOT NULL ,
`f_key`  varchar(50) CHARACTER SET utf8 COLLATE utf8_general_ci NULL DEFAULT NULL COMMENT '键' ,
`f_value`  varchar(2000) CHARACTER SET utf8 COLLATE utf8_general_ci NULL DEFAULT NULL COMMENT '值' ,
FOREIGN KEY (`f_special_id`) REFERENCES `cms_special` (`f_special_id`) ON DELETE RESTRICT ON UPDATE RESTRICT,
INDEX `fk_cms_specialcustom_special` (`f_special_id`) USING BTREE 
)
ENGINE=InnoDB
DEFAULT CHARACTER SET=utf8 COLLATE=utf8_general_ci
COMMENT='专题自定义表'

;

-- ----------------------------
-- Records of cms_special_custom
-- ----------------------------
BEGIN;
COMMIT;

-- ----------------------------
-- Table structure for cms_special_file
-- ----------------------------
DROP TABLE IF EXISTS `cms_special_file`;
CREATE TABLE `cms_special_file` (
`f_special_id`  int(11) NOT NULL ,
`f_name`  varchar(150) CHARACTER SET utf8 COLLATE utf8_general_ci NOT NULL COMMENT '文件名称' ,
`f_length`  bigint(20) NOT NULL DEFAULT 0 COMMENT '文件长度' ,
`f_file`  varchar(255) CHARACTER SET utf8 COLLATE utf8_general_ci NOT NULL COMMENT '文件地址' ,
`f_index`  int(11) NOT NULL DEFAULT 0 COMMENT '文件序号' ,
`f_downloads`  int(11) NOT NULL DEFAULT 0 COMMENT '下载次数' ,
FOREIGN KEY (`f_special_id`) REFERENCES `cms_special` (`f_special_id`) ON DELETE RESTRICT ON UPDATE RESTRICT,
INDEX `fk_cms_specialfile_special` (`f_special_id`) USING BTREE 
)
ENGINE=InnoDB
DEFAULT CHARACTER SET=utf8 COLLATE=utf8_general_ci
COMMENT='专题附件集表'

;

-- ----------------------------
-- Records of cms_special_file
-- ----------------------------
BEGIN;
COMMIT;

-- ----------------------------
-- Table structure for cms_special_image
-- ----------------------------
DROP TABLE IF EXISTS `cms_special_image`;
CREATE TABLE `cms_special_image` (
`f_special_id`  int(11) NOT NULL ,
`f_name`  varchar(150) CHARACTER SET utf8 COLLATE utf8_general_ci NULL DEFAULT NULL COMMENT '图片名称' ,
`f_image`  varchar(255) CHARACTER SET utf8 COLLATE utf8_general_ci NULL DEFAULT NULL COMMENT '图片地址' ,
`f_index`  int(11) NOT NULL DEFAULT 0 COMMENT '图片序号' ,
`f_text`  mediumtext CHARACTER SET utf8 COLLATE utf8_general_ci NULL COMMENT '图片正文' ,
FOREIGN KEY (`f_special_id`) REFERENCES `cms_special` (`f_special_id`) ON DELETE RESTRICT ON UPDATE RESTRICT,
INDEX `fk_cms_specialimage_special` (`f_special_id`) USING BTREE 
)
ENGINE=InnoDB
DEFAULT CHARACTER SET=utf8 COLLATE=utf8_general_ci
COMMENT='专题图片集表'

;

-- ----------------------------
-- Records of cms_special_image
-- ----------------------------
BEGIN;
COMMIT;

-- ----------------------------
-- Table structure for cms_tag
-- ----------------------------
DROP TABLE IF EXISTS `cms_tag`;
CREATE TABLE `cms_tag` (
`f_tag_id`  int(11) NOT NULL ,
`f_site_id`  int(11) NOT NULL COMMENT '站点' ,
`f_name`  varchar(150) CHARACTER SET utf8 COLLATE utf8_general_ci NOT NULL COMMENT '名称' ,
`f_creation_date`  datetime NOT NULL COMMENT '创建日期' ,
`f_refers`  int(11) NOT NULL DEFAULT 0 COMMENT '文档数量' ,
PRIMARY KEY (`f_tag_id`),
FOREIGN KEY (`f_site_id`) REFERENCES `cms_site` (`f_site_id`) ON DELETE RESTRICT ON UPDATE RESTRICT,
INDEX `fk_cms_tag_site` (`f_site_id`) USING BTREE 
)
ENGINE=InnoDB
DEFAULT CHARACTER SET=utf8 COLLATE=utf8_general_ci
COMMENT='TAG表'

;

-- ----------------------------
-- Records of cms_tag
-- ----------------------------
BEGIN;
INSERT INTO `cms_tag` VALUES ('56', '1', '中国', '2013-03-11 12:00:12', '2'), ('57', '1', '美国', '2013-03-11 12:00:12', '0'), ('58', '1', '中兴', '2013-03-19 02:08:21', '1'), ('59', '1', '蒙古国', '2013-03-19 02:08:21', '1'), ('60', '1', '反贪局', '2013-03-19 02:08:21', '1'), ('61', '1', '逮捕', '2013-03-19 02:08:21', '1'), ('62', '1', '金融危机', '2013-03-19 02:08:58', '0'), ('63', '1', '苏联', '2013-03-19 02:09:23', '0'), ('64', '1', '军火', '2013-03-19 02:09:23', '0'), ('65', '1', '贿赂', '2013-03-19 02:09:23', '0'), ('66', '1', '罗斯福', '2013-03-19 02:09:23', '0'), ('67', '1', '可转债', '2013-03-19 02:10:00', '0'), ('68', '1', '违约', '2013-03-19 02:10:00', '0'), ('69', '1', '首家', '2013-03-19 02:10:00', '0'), ('70', '1', '公司债', '2013-03-19 02:10:00', '0'), ('71', '1', '近地目标', '2013-03-19 02:27:44', '1'), ('72', '1', '超新星', '2013-03-19 02:27:44', '1'), ('73', '1', '流星', '2013-03-19 02:27:44', '2'), ('78', '1', '机器学习', '2014-03-31 15:03:17', '2'), ('79', '1', '天文大数据', '2014-03-31 15:03:17', '1'), ('80', '1', '微引力透镜', '2014-03-31 15:03:18', '1'), ('81', '1', '变星', '2014-06-14 10:27:25', '0'), ('82', '1', '耀发', '2014-06-14 10:27:26', '0'), ('83', '1', '引力波', '2014-06-14 10:27:26', '0'), ('84', '1', '暂现源', '2014-12-16 15:25:53', '0'), ('96', '1', 'galaxies: ISM', '2018-07-28 03:22:31', '1'), ('97', '1', ' gamma-ray burst: general', '2018-07-28 03:22:31', '1'), ('98', '1', ' methods: statistical', '2018-07-28 03:22:31', '1'), ('99', '1', 'Cross match', '2018-07-28 03:25:54', '1'), ('100', '1', 'Zone Parallel', '2018-07-28 03:25:54', '1'), ('101', '1', 'OpenMP ', '2018-07-28 03:25:54', '1'), ('102', '1', ' 地基广角相机阵', '2018-07-28 03:27:10', '1'), ('103', '1', ' 交流伺服系统', '2018-07-28 03:27:10', '1'), ('104', '1', ' 关键技术指标', '2018-07-28 03:27:10', '1'), ('105', '1', ' 对CCD的干扰', '2018-07-28 03:27:10', '1'), ('106', '1', 'stars: neutron', '2018-07-28 03:29:03', '1'), ('107', '1', ' supernovae: general', '2018-07-28 03:29:04', '1'), ('108', '1', '图像清晰度', '2018-07-28 03:30:07', '2'), ('109', '1', ' 广角望远镜', '2018-07-28 03:30:07', '2'), ('110', '1', ' 自动调焦', '2018-07-28 03:30:07', '2'), ('111', '1', ' 能量集中度', '2018-07-28 03:30:07', '2'), ('112', '1', ' 点扩散函数', '2018-07-28 03:35:32', '1'), ('113', '1', ' 随机森林', '2018-07-28 03:36:08', '1'), ('114', '1', ' 瞬变源自动搜寻', '2018-07-28 03:36:08', '1'), ('115', '1', ' 星像轮廓', '2018-07-28 03:36:08', '1'), ('116', '1', ' 等光度测光', '2018-07-28 03:36:08', '1'), ('117', '1', '天文数据库', '2018-07-28 03:36:47', '1'), ('118', '1', ' 架构设计', '2018-07-28 03:36:47', '1'), ('119', '1', ' Monet DB', '2018-07-28 03:36:47', '1'), ('120', '1', ' 实时分析', '2018-07-28 03:36:47', '1'), ('121', '1', ' 交叉认证', '2018-07-28 03:36:47', '1'), ('122', '1', 'gamma-ray burst: general', '2018-07-28 03:38:01', '1'), ('123', '1', ' gamma-ray burst: individual: GRB 140512A', '2018-07-28 03:38:01', '1'), ('124', '1', ' methods: observational', '2018-07-28 03:38:01', '1'), ('125', '1', ' radiation mechanisms: non-thermal', '2018-07-28 03:38:01', '1'), ('126', '1', '图像处理', '2018-07-29 18:06:24', '1'), ('127', '1', '镜头', '2018-07-29 18:46:45', '1');
COMMIT;

-- ----------------------------
-- Table structure for cms_task
-- ----------------------------
DROP TABLE IF EXISTS `cms_task`;
CREATE TABLE `cms_task` (
`f_task_id`  int(11) NOT NULL ,
`f_user_id`  int(11) NOT NULL ,
`f_site_id`  int(11) NOT NULL ,
`f_name`  varchar(150) CHARACTER SET utf8 COLLATE utf8_general_ci NOT NULL COMMENT '名称' ,
`f_description`  mediumtext CHARACTER SET utf8 COLLATE utf8_general_ci NULL COMMENT '描述' ,
`f_begin_time`  datetime NOT NULL COMMENT '开始时间' ,
`f_end_time`  datetime NULL DEFAULT NULL COMMENT '结束时间' ,
`f_total`  int(11) NOT NULL DEFAULT 0 COMMENT '总完成数量' ,
`f_type`  int(11) NOT NULL DEFAULT 1 COMMENT '类型(1:栏目HTML生成,2:文档HTML生成,3:全文索引生成)' ,
`f_status`  int(11) NOT NULL DEFAULT 0 COMMENT '状态(0:运行中,1:完成,2:中止,3:停止)' ,
PRIMARY KEY (`f_task_id`),
FOREIGN KEY (`f_site_id`) REFERENCES `cms_site` (`f_site_id`) ON DELETE RESTRICT ON UPDATE RESTRICT,
FOREIGN KEY (`f_user_id`) REFERENCES `cms_user` (`f_user_id`) ON DELETE RESTRICT ON UPDATE RESTRICT,
INDEX `fk_cms_task_site` (`f_site_id`) USING BTREE ,
INDEX `fk_cms_task_user` (`f_user_id`) USING BTREE 
)
ENGINE=InnoDB
DEFAULT CHARACTER SET=utf8 COLLATE=utf8_general_ci
COMMENT='任务表'

;

-- ----------------------------
-- Records of cms_task
-- ----------------------------
BEGIN;
INSERT INTO `cms_task` VALUES ('37', '1', '1', 'Site: GWAC科学产品管理系统', null, '2018-07-29 10:42:24', '2018-07-29 10:42:24', '0', '1', '1'), ('47', '1', '1', 'Site: GWAC科学产品管理系统', null, '2018-07-29 18:53:17', '2018-07-29 18:53:17', '0', '1', '1'), ('57', '1', '1', 'Site: GWAC科学产品管理系统', null, '2018-07-30 05:00:28', '2018-07-30 05:00:29', '0', '1', '1');
COMMIT;

-- ----------------------------
-- Table structure for cms_user
-- ----------------------------
DROP TABLE IF EXISTS `cms_user`;
CREATE TABLE `cms_user` (
`f_user_id`  int(11) NOT NULL ,
`f_org_id`  int(11) NOT NULL COMMENT '组织' ,
`f_membergroup_id`  int(11) NOT NULL COMMENT '会员组' ,
`f_global_id`  int(11) NOT NULL COMMENT '全局' ,
`f_username`  varchar(50) CHARACTER SET utf8 COLLATE utf8_general_ci NOT NULL COMMENT '用户名' ,
`f_password`  varchar(128) CHARACTER SET utf8 COLLATE utf8_general_ci NULL DEFAULT NULL COMMENT '密码' ,
`f_salt`  varchar(32) CHARACTER SET utf8 COLLATE utf8_general_ci NULL DEFAULT NULL COMMENT '加密混淆码' ,
`f_email`  varchar(100) CHARACTER SET utf8 COLLATE utf8_general_ci NULL DEFAULT NULL COMMENT '电子邮箱' ,
`f_mobile`  varchar(100) CHARACTER SET utf8 COLLATE utf8_general_ci NULL DEFAULT NULL COMMENT '手机' ,
`f_real_name`  varchar(100) CHARACTER SET utf8 COLLATE utf8_general_ci NULL DEFAULT NULL COMMENT '用户实名' ,
`f_gender`  char(1) CHARACTER SET utf8 COLLATE utf8_general_ci NULL DEFAULT NULL COMMENT '性别' ,
`f_birth_date`  datetime NULL DEFAULT NULL COMMENT '出生年月' ,
`f_validation_type`  varchar(50) CHARACTER SET utf8 COLLATE utf8_general_ci NULL DEFAULT NULL COMMENT '验证类型(用户激活,重置密码,邮箱激活)' ,
`f_validation_key`  varchar(100) CHARACTER SET utf8 COLLATE utf8_general_ci NULL DEFAULT NULL COMMENT '验证KEY' ,
`f_rank`  int(11) NOT NULL DEFAULT 99999 COMMENT '等级' ,
`f_type`  int(11) NOT NULL DEFAULT 0 COMMENT '类型(0:会员,1:管理员)' ,
`f_status`  int(11) NOT NULL DEFAULT 0 COMMENT '状态(0:正常,1:锁定,2:待验证)' ,
`f_qq_openid`  varchar(64) CHARACTER SET utf8 COLLATE utf8_general_ci NULL DEFAULT NULL COMMENT 'qq openid' ,
`f_weibo_uid`  varchar(64) CHARACTER SET utf8 COLLATE utf8_general_ci NULL DEFAULT NULL COMMENT 'weibo uid' ,
`f_weixin_openid`  varchar(64) CHARACTER SET utf8 COLLATE utf8_general_ci NULL DEFAULT NULL COMMENT 'weixin openid' ,
PRIMARY KEY (`f_user_id`),
FOREIGN KEY (`f_global_id`) REFERENCES `cms_global` (`f_global_id`) ON DELETE RESTRICT ON UPDATE RESTRICT,
FOREIGN KEY (`f_membergroup_id`) REFERENCES `cms_member_group` (`f_membergroup_id`) ON DELETE RESTRICT ON UPDATE RESTRICT,
FOREIGN KEY (`f_org_id`) REFERENCES `cms_org` (`f_org_id`) ON DELETE RESTRICT ON UPDATE RESTRICT,
UNIQUE INDEX `ak_username` (`f_username`) USING BTREE ,
INDEX `fk_cms_user_global` (`f_global_id`) USING BTREE ,
INDEX `fk_cms_user_membergroup` (`f_membergroup_id`) USING BTREE ,
INDEX `fk_cms_user_org` (`f_org_id`) USING BTREE 
)
ENGINE=InnoDB
DEFAULT CHARACTER SET=utf8 COLLATE=utf8_general_ci
COMMENT='用户表'

;

-- ----------------------------
-- Records of cms_user
-- ----------------------------
BEGIN;
INSERT INTO `cms_user` VALUES ('0', '1', '1', '1', 'anonymous', null, null, null, null, null, 'M', null, null, null, '1', '1', '1', null, null, null), ('1', '1', '13', '1', 'admin', 'e65a0ac246c70f31f95f20fd1ac239d94f64b3ef', '2581602854907e68', null, null, '管理员', null, null, null, null, '0', '1', '0', null, null, null), ('31', '1', '13', '1', 'xyag', 'f9bffefc0fbebf6000984ec422eff99090b5e58a', '5b4b017f724cfff7', 'xyag.902@163.com', null, null, null, null, null, null, '1', '1', '0', null, null, null), ('41', '1', '1', '1', 'xyag1', '8586852880b37a5b3dc066559997c675c8b22c13', '08a2ff095160e308', null, null, null, null, null, null, null, '99999', '0', '0', null, null, null);
COMMIT;

-- ----------------------------
-- Table structure for cms_user_clob
-- ----------------------------
DROP TABLE IF EXISTS `cms_user_clob`;
CREATE TABLE `cms_user_clob` (
`f_user_id`  int(11) NULL DEFAULT NULL ,
`f_key`  varchar(50) CHARACTER SET utf8 COLLATE utf8_general_ci NOT NULL COMMENT '键' ,
`f_value`  mediumtext CHARACTER SET utf8 COLLATE utf8_general_ci NULL COMMENT '值' ,
FOREIGN KEY (`f_user_id`) REFERENCES `cms_user` (`f_user_id`) ON DELETE RESTRICT ON UPDATE RESTRICT,
INDEX `fk_cms_userclob_user` (`f_user_id`) USING BTREE 
)
ENGINE=InnoDB
DEFAULT CHARACTER SET=utf8 COLLATE=utf8_general_ci
COMMENT='用户大字段表'

;

-- ----------------------------
-- Records of cms_user_clob
-- ----------------------------
BEGIN;
COMMIT;

-- ----------------------------
-- Table structure for cms_user_custom
-- ----------------------------
DROP TABLE IF EXISTS `cms_user_custom`;
CREATE TABLE `cms_user_custom` (
`f_user_id`  int(11) NULL DEFAULT NULL ,
`f_key`  varchar(50) CHARACTER SET utf8 COLLATE utf8_general_ci NOT NULL COMMENT '键' ,
`f_value`  varchar(2000) CHARACTER SET utf8 COLLATE utf8_general_ci NULL DEFAULT NULL COMMENT '值' ,
FOREIGN KEY (`f_user_id`) REFERENCES `cms_user` (`f_user_id`) ON DELETE RESTRICT ON UPDATE RESTRICT,
INDEX `fk_cms_usercustom_user` (`f_user_id`) USING BTREE 
)
ENGINE=InnoDB
DEFAULT CHARACTER SET=utf8 COLLATE=utf8_general_ci
COMMENT='用户自定义表'

;

-- ----------------------------
-- Records of cms_user_custom
-- ----------------------------
BEGIN;
COMMIT;

-- ----------------------------
-- Table structure for cms_user_detail
-- ----------------------------
DROP TABLE IF EXISTS `cms_user_detail`;
CREATE TABLE `cms_user_detail` (
`f_user_id`  int(11) NOT NULL ,
`f_validation_date`  datetime NULL DEFAULT NULL COMMENT '验证生成时间' ,
`f_login_error_date`  datetime NULL DEFAULT NULL COMMENT '登录错误时间' ,
`f_login_error_count`  int(11) NOT NULL DEFAULT 0 COMMENT '登录错误次数' ,
`f_prev_login_date`  datetime NULL DEFAULT NULL COMMENT '上次登录日期' ,
`f_prev_login_ip`  varchar(100) CHARACTER SET utf8 COLLATE utf8_general_ci NULL DEFAULT NULL COMMENT '上次登录IP' ,
`f_last_login_date`  datetime NULL DEFAULT NULL COMMENT '最后登录日期' ,
`f_last_login_ip`  varchar(100) CHARACTER SET utf8 COLLATE utf8_general_ci NULL DEFAULT NULL COMMENT '最后登录IP' ,
`f_creation_date`  datetime NOT NULL COMMENT '加入日期' ,
`f_creation_ip`  varchar(100) CHARACTER SET utf8 COLLATE utf8_general_ci NOT NULL COMMENT '加入IP' ,
`f_logins`  int(11) NOT NULL DEFAULT 0 COMMENT '登录次数' ,
`f_is_with_avatar`  char(1) CHARACTER SET utf8 COLLATE utf8_general_ci NOT NULL DEFAULT '0' COMMENT '是否有头像' ,
`f_bio`  varchar(255) CHARACTER SET utf8 COLLATE utf8_general_ci NULL DEFAULT NULL COMMENT '自我介绍' ,
`f_come_from`  varchar(100) CHARACTER SET utf8 COLLATE utf8_general_ci NULL DEFAULT NULL COMMENT '来自' ,
`f_qq`  varchar(100) CHARACTER SET utf8 COLLATE utf8_general_ci NULL DEFAULT NULL COMMENT 'QQ' ,
`f_msn`  varchar(100) CHARACTER SET utf8 COLLATE utf8_general_ci NULL DEFAULT NULL COMMENT 'MSN' ,
`f_weixin`  varchar(100) CHARACTER SET utf8 COLLATE utf8_general_ci NULL DEFAULT NULL COMMENT '微信' ,
PRIMARY KEY (`f_user_id`),
FOREIGN KEY (`f_user_id`) REFERENCES `cms_user` (`f_user_id`) ON DELETE RESTRICT ON UPDATE RESTRICT
)
ENGINE=InnoDB
DEFAULT CHARACTER SET=utf8 COLLATE=utf8_general_ci
COMMENT='用户详细信息表'

;

-- ----------------------------
-- Records of cms_user_detail
-- ----------------------------
BEGIN;
INSERT INTO `cms_user_detail` VALUES ('0', null, null, '0', null, null, null, null, '2013-03-09 22:18:56', '127.0.0.1', '0', '0', null, null, null, null, null), ('1', '2015-04-12 10:27:43', null, '0', '2018-07-30 04:14:31', '127.0.0.1', '2018-07-30 05:13:39', '127.0.0.1', '2013-02-21 20:59:27', '127.0.0.1', '710', '1', null, null, null, null, null), ('31', null, null, '0', '2018-07-29 10:38:05', '106.121.14.208', '2018-07-29 14:23:04', '106.121.14.208', '2018-07-27 03:32:52', '127.0.0.1', '8', '0', null, null, null, null, null), ('41', null, null, '0', '2018-07-29 10:38:56', '106.121.14.208', '2018-07-29 18:55:37', '106.121.14.208', '2018-07-27 05:46:08', '127.0.0.1', '5', '0', null, null, null, null, null);
COMMIT;

-- ----------------------------
-- Table structure for cms_user_membergroup
-- ----------------------------
DROP TABLE IF EXISTS `cms_user_membergroup`;
CREATE TABLE `cms_user_membergroup` (
`f_user_id`  int(11) NOT NULL ,
`f_membergroup_id`  int(11) NOT NULL ,
`f_group_index`  int(11) NULL DEFAULT 0 COMMENT '会员组排列顺序' ,
FOREIGN KEY (`f_membergroup_id`) REFERENCES `cms_member_group` (`f_membergroup_id`) ON DELETE RESTRICT ON UPDATE RESTRICT,
FOREIGN KEY (`f_user_id`) REFERENCES `cms_user` (`f_user_id`) ON DELETE RESTRICT ON UPDATE RESTRICT,
INDEX `fk_cms_usermgroup_mgroup` (`f_membergroup_id`) USING BTREE ,
INDEX `fk_cms_usermgroup_user` (`f_user_id`) USING BTREE 
)
ENGINE=InnoDB
DEFAULT CHARACTER SET=utf8 COLLATE=utf8_general_ci
COMMENT='用户与会员组关联表'

;

-- ----------------------------
-- Records of cms_user_membergroup
-- ----------------------------
BEGIN;
INSERT INTO `cms_user_membergroup` VALUES ('0', '1', '0'), ('41', '1', '0'), ('31', '13', '0'), ('1', '13', '0');
COMMIT;

-- ----------------------------
-- Table structure for cms_user_org
-- ----------------------------
DROP TABLE IF EXISTS `cms_user_org`;
CREATE TABLE `cms_user_org` (
`f_user_id`  int(11) NOT NULL ,
`f_org_id`  int(11) NOT NULL ,
`f_org_index`  int(11) NULL DEFAULT 0 COMMENT '组织顺序' ,
FOREIGN KEY (`f_org_id`) REFERENCES `cms_org` (`f_org_id`) ON DELETE RESTRICT ON UPDATE RESTRICT,
FOREIGN KEY (`f_user_id`) REFERENCES `cms_user` (`f_user_id`) ON DELETE RESTRICT ON UPDATE RESTRICT,
INDEX `fk_cms_userorg_org` (`f_org_id`) USING BTREE ,
INDEX `fk_cms_userorg_user` (`f_user_id`) USING BTREE 
)
ENGINE=InnoDB
DEFAULT CHARACTER SET=utf8 COLLATE=utf8_general_ci
COMMENT='用户与组织关联表'

;

-- ----------------------------
-- Records of cms_user_org
-- ----------------------------
BEGIN;
INSERT INTO `cms_user_org` VALUES ('1', '1', '0'), ('0', '1', '0'), ('31', '1', '0'), ('31', '35', '1'), ('41', '1', '0');
COMMIT;

-- ----------------------------
-- Table structure for cms_user_role
-- ----------------------------
DROP TABLE IF EXISTS `cms_user_role`;
CREATE TABLE `cms_user_role` (
`f_user_id`  int(11) NOT NULL ,
`f_role_id`  int(11) NOT NULL ,
`f_role_index`  int(11) NULL DEFAULT 0 COMMENT '角色顺序' ,
FOREIGN KEY (`f_role_id`) REFERENCES `cms_role` (`f_role_id`) ON DELETE RESTRICT ON UPDATE RESTRICT,
FOREIGN KEY (`f_user_id`) REFERENCES `cms_user` (`f_user_id`) ON DELETE RESTRICT ON UPDATE RESTRICT,
INDEX `fk_cms_userrole_role` (`f_role_id`) USING BTREE ,
INDEX `fk_cms_userrole_user` (`f_user_id`) USING BTREE 
)
ENGINE=InnoDB
DEFAULT CHARACTER SET=utf8 COLLATE=utf8_general_ci
COMMENT='用户与角色关联表'

;

-- ----------------------------
-- Records of cms_user_role
-- ----------------------------
BEGIN;
INSERT INTO `cms_user_role` VALUES ('1', '1', '0'), ('31', '17', '0');
COMMIT;

-- ----------------------------
-- Table structure for cms_visit_log
-- ----------------------------
DROP TABLE IF EXISTS `cms_visit_log`;
CREATE TABLE `cms_visit_log` (
`f_visitlog_id`  int(11) NOT NULL ,
`f_site_id`  int(11) NOT NULL ,
`f_user_id`  int(11) NULL DEFAULT NULL COMMENT '访问用户' ,
`f_url`  varchar(255) CHARACTER SET utf8 COLLATE utf8_general_ci NOT NULL COMMENT '页面URL' ,
`f_referrer`  varchar(255) CHARACTER SET utf8 COLLATE utf8_general_ci NULL DEFAULT NULL COMMENT '来源URL' ,
`f_source`  varchar(100) CHARACTER SET utf8 COLLATE utf8_general_ci NULL DEFAULT NULL COMMENT '来源域名' ,
`f_ip`  varchar(100) CHARACTER SET utf8 COLLATE utf8_general_ci NULL DEFAULT NULL COMMENT 'IP地址' ,
`f_cookie`  varchar(100) CHARACTER SET utf8 COLLATE utf8_general_ci NULL DEFAULT NULL COMMENT 'COOKIE值' ,
`f_user_agent`  varchar(450) CHARACTER SET utf8 COLLATE utf8_general_ci NULL DEFAULT NULL COMMENT '用户代理' ,
`f_browser`  varchar(100) CHARACTER SET utf8 COLLATE utf8_general_ci NULL DEFAULT NULL COMMENT '浏览器' ,
`f_os`  varchar(100) CHARACTER SET utf8 COLLATE utf8_general_ci NULL DEFAULT NULL COMMENT '操作系统' ,
`f_device`  varchar(100) CHARACTER SET utf8 COLLATE utf8_general_ci NULL DEFAULT NULL COMMENT '设备(COMPUTER,MOBILE,TABLET,等)' ,
`f_country`  varchar(100) CHARACTER SET utf8 COLLATE utf8_general_ci NULL DEFAULT NULL COMMENT '国家' ,
`f_area`  varchar(100) CHARACTER SET utf8 COLLATE utf8_general_ci NULL DEFAULT NULL COMMENT '地区' ,
`f_time_string`  char(14) CHARACTER SET utf8 COLLATE utf8_general_ci NOT NULL COMMENT '访问时间（字符串格式yyyyMMddHHmmss）' ,
`f_time`  datetime NOT NULL COMMENT '访问时间' ,
PRIMARY KEY (`f_visitlog_id`),
FOREIGN KEY (`f_site_id`) REFERENCES `cms_site` (`f_site_id`) ON DELETE RESTRICT ON UPDATE RESTRICT,
FOREIGN KEY (`f_user_id`) REFERENCES `cms_user` (`f_user_id`) ON DELETE RESTRICT ON UPDATE RESTRICT,
INDEX `fk_cms_visitlog_site` (`f_site_id`) USING BTREE ,
INDEX `fk_cms_visitlog_user` (`f_user_id`) USING BTREE 
)
ENGINE=InnoDB
DEFAULT CHARACTER SET=utf8 COLLATE=utf8_general_ci
COMMENT='访问日志表'

;

-- ----------------------------
-- Records of cms_visit_log
-- ----------------------------
BEGIN;
INSERT INTO `cms_visit_log` VALUES ('4576', '1', null, 'http://localhost:8080/', '', 'DIRECT', '127.0.0.1', '857a157d63ed4d4faddd9f61c45e34c8', 'Mozilla/5.0 (Windows NT 6.1; WOW64) AppleWebKit/537.36 (KHTML, like Gecko) Chrome/64.0.3282.140 Safari/537.36', 'CHROME', 'WINDOWS_7', 'COMPUTER', 'LAN', 'LAN', '20180727112959', '2018-07-27 03:30:00'), ('4577', '1', '1', 'http://localhost:8080/', 'http://localhost:8080/register_message?username=xyag&email=xyag.902@163.com&verifyMode=0', 'DIRECT', '127.0.0.1', '857a157d63ed4d4faddd9f61c45e34c8', 'Mozilla/5.0 (Windows NT 6.1; WOW64) AppleWebKit/537.36 (KHTML, like Gecko) Chrome/64.0.3282.140 Safari/537.36', 'CHROME', 'WINDOWS_7', 'COMPUTER', 'LAN', 'LAN', '20180727113257', '2018-07-27 03:32:58'), ('4578', '1', null, 'http://localhost:8080/', 'http://localhost:8080/my/contribution', 'DIRECT', '127.0.0.1', '857a157d63ed4d4faddd9f61c45e34c8', 'Mozilla/5.0 (Windows NT 6.1; WOW64) AppleWebKit/537.36 (KHTML, like Gecko) Chrome/64.0.3282.140 Safari/537.36', 'CHROME', 'WINDOWS_7', 'COMPUTER', 'LAN', 'LAN', '20180727113342', '2018-07-27 03:33:43'), ('4579', '1', '31', 'http://localhost:8080/', 'http://localhost:8080/login?fallbackUrl=%2F', 'DIRECT', '127.0.0.1', '857a157d63ed4d4faddd9f61c45e34c8', 'Mozilla/5.0 (Windows NT 6.1; WOW64) AppleWebKit/537.36 (KHTML, like Gecko) Chrome/64.0.3282.140 Safari/537.36', 'CHROME', 'WINDOWS_7', 'COMPUTER', 'LAN', 'LAN', '20180727113350', '2018-07-27 03:33:51'), ('4580', '1', '1', 'http://localhost:8080/', '', 'DIRECT', '127.0.0.1', '857a157d63ed4d4faddd9f61c45e34c8', 'Mozilla/5.0 (Windows NT 6.1; WOW64) AppleWebKit/537.36 (KHTML, like Gecko) Chrome/64.0.3282.140 Safari/537.36', 'CHROME', 'WINDOWS_7', 'COMPUTER', 'LAN', 'LAN', '20180727114021', '2018-07-27 03:40:22'), ('4581', '1', '1', 'http://localhost:8080/info/221', 'http://localhost:8080/my/contribution', 'DIRECT', '127.0.0.1', '857a157d63ed4d4faddd9f61c45e34c8', 'Mozilla/5.0 (Windows NT 6.1; WOW64) AppleWebKit/537.36 (KHTML, like Gecko) Chrome/64.0.3282.140 Safari/537.36', 'CHROME', 'WINDOWS_7', 'COMPUTER', 'LAN', 'LAN', '20180727114319', '2018-07-27 03:43:19'), ('4582', '1', '1', 'http://localhost:8080/', 'http://localhost:8080/my/contribution', 'DIRECT', '127.0.0.1', '857a157d63ed4d4faddd9f61c45e34c8', 'Mozilla/5.0 (Windows NT 6.1; WOW64) AppleWebKit/537.36 (KHTML, like Gecko) Chrome/64.0.3282.140 Safari/537.36', 'CHROME', 'WINDOWS_7', 'COMPUTER', 'LAN', 'LAN', '20180727114405', '2018-07-27 03:44:06'), ('4583', '1', '1', 'http://localhost:8080/sitemap', 'http://localhost:8080/', 'DIRECT', '127.0.0.1', '857a157d63ed4d4faddd9f61c45e34c8', 'Mozilla/5.0 (Windows NT 6.1; WOW64) AppleWebKit/537.36 (KHTML, like Gecko) Chrome/64.0.3282.140 Safari/537.36', 'CHROME', 'WINDOWS_7', 'COMPUTER', 'LAN', 'LAN', '20180727114408', '2018-07-27 03:44:09'), ('4584', '1', '1', 'http://localhost:8080/node/49', 'http://localhost:8080/sitemap', 'DIRECT', '127.0.0.1', '857a157d63ed4d4faddd9f61c45e34c8', 'Mozilla/5.0 (Windows NT 6.1; WOW64) AppleWebKit/537.36 (KHTML, like Gecko) Chrome/64.0.3282.140 Safari/537.36', 'CHROME', 'WINDOWS_7', 'COMPUTER', 'LAN', 'LAN', '20180727114411', '2018-07-27 03:44:11'), ('4585', '1', '1', 'http://localhost:8080/node/36', 'http://localhost:8080/node/49', 'DIRECT', '127.0.0.1', '857a157d63ed4d4faddd9f61c45e34c8', 'Mozilla/5.0 (Windows NT 6.1; WOW64) AppleWebKit/537.36 (KHTML, like Gecko) Chrome/64.0.3282.140 Safari/537.36', 'CHROME', 'WINDOWS_7', 'COMPUTER', 'LAN', 'LAN', '20180727114838', '2018-07-27 03:48:39'), ('4586', '1', '1', 'http://localhost:8080/node/48', 'http://localhost:8080/node/36', 'DIRECT', '127.0.0.1', '857a157d63ed4d4faddd9f61c45e34c8', 'Mozilla/5.0 (Windows NT 6.1; WOW64) AppleWebKit/537.36 (KHTML, like Gecko) Chrome/64.0.3282.140 Safari/537.36', 'CHROME', 'WINDOWS_7', 'COMPUTER', 'LAN', 'LAN', '20180727114843', '2018-07-27 03:48:44'), ('4587', '1', '1', 'http://localhost:8080/node/51', 'http://localhost:8080/node/48', 'DIRECT', '127.0.0.1', '857a157d63ed4d4faddd9f61c45e34c8', 'Mozilla/5.0 (Windows NT 6.1; WOW64) AppleWebKit/537.36 (KHTML, like Gecko) Chrome/64.0.3282.140 Safari/537.36', 'CHROME', 'WINDOWS_7', 'COMPUTER', 'LAN', 'LAN', '20180727114852', '2018-07-27 03:48:53'), ('4588', '1', '1', 'http://localhost:8080/info/170', 'http://localhost:8080/node/51', 'DIRECT', '127.0.0.1', '857a157d63ed4d4faddd9f61c45e34c8', 'Mozilla/5.0 (Windows NT 6.1; WOW64) AppleWebKit/537.36 (KHTML, like Gecko) Chrome/64.0.3282.140 Safari/537.36', 'CHROME', 'WINDOWS_7', 'COMPUTER', 'LAN', 'LAN', '20180727114901', '2018-07-27 03:49:01'), ('4589', '1', '1', 'http://localhost:8080/info/170', 'http://localhost:8080/node/51', 'DIRECT', '127.0.0.1', '857a157d63ed4d4faddd9f61c45e34c8', 'Mozilla/5.0 (Windows NT 6.1; WOW64) AppleWebKit/537.36 (KHTML, like Gecko) Chrome/64.0.3282.140 Safari/537.36', 'CHROME', 'WINDOWS_7', 'COMPUTER', 'LAN', 'LAN', '20180727114904', '2018-07-27 03:49:04'), ('4590', '1', null, 'http://localhost:8080/', 'http://localhost:8080/my/contribution', 'DIRECT', '127.0.0.1', '857a157d63ed4d4faddd9f61c45e34c8', 'Mozilla/5.0 (Windows NT 6.1; WOW64) AppleWebKit/537.36 (KHTML, like Gecko) Chrome/64.0.3282.140 Safari/537.36', 'CHROME', 'WINDOWS_7', 'COMPUTER', 'LAN', 'LAN', '20180727115237', '2018-07-27 03:52:38'), ('4591', '1', '31', 'http://localhost:8080/', 'http://localhost:8080/my/contribution', 'DIRECT', '127.0.0.1', '857a157d63ed4d4faddd9f61c45e34c8', 'Mozilla/5.0 (Windows NT 6.1; WOW64) AppleWebKit/537.36 (KHTML, like Gecko) Chrome/64.0.3282.140 Safari/537.36', 'CHROME', 'WINDOWS_7', 'COMPUTER', 'LAN', 'LAN', '20180727120004', '2018-07-27 04:00:05'), ('4626', '1', null, 'http://localhost:8080/', '', 'DIRECT', '127.0.0.1', '857a157d63ed4d4faddd9f61c45e34c8', 'Mozilla/5.0 (Windows NT 6.1; WOW64) AppleWebKit/537.36 (KHTML, like Gecko) Chrome/64.0.3282.140 Safari/537.36', 'CHROME', 'WINDOWS_7', 'COMPUTER', 'LAN', 'LAN', '20180727133246', '2018-07-27 05:32:47'), ('4627', '1', '1', 'http://localhost:8080/', 'http://localhost:8080/my/contribution', 'DIRECT', '127.0.0.1', '857a157d63ed4d4faddd9f61c45e34c8', 'Mozilla/5.0 (Windows NT 6.1; WOW64) AppleWebKit/537.36 (KHTML, like Gecko) Chrome/64.0.3282.140 Safari/537.36', 'CHROME', 'WINDOWS_7', 'COMPUTER', 'LAN', 'LAN', '20180727133839', '2018-07-27 05:38:39'), ('4628', '1', '41', 'http://localhost:8080/', 'http://localhost:8080/my/contribution', 'DIRECT', '127.0.0.1', '857a157d63ed4d4faddd9f61c45e34c8', 'Mozilla/5.0 (Windows NT 6.1; WOW64) AppleWebKit/537.36 (KHTML, like Gecko) Chrome/64.0.3282.140 Safari/537.36', 'CHROME', 'WINDOWS_7', 'COMPUTER', 'LAN', 'LAN', '20180727140548', '2018-07-27 06:05:48'), ('4629', '1', '41', 'http://localhost:8080/info/127', 'http://localhost:8080/', 'DIRECT', '127.0.0.1', '857a157d63ed4d4faddd9f61c45e34c8', 'Mozilla/5.0 (Windows NT 6.1; WOW64) AppleWebKit/537.36 (KHTML, like Gecko) Chrome/64.0.3282.140 Safari/537.36', 'CHROME', 'WINDOWS_7', 'COMPUTER', 'LAN', 'LAN', '20180727140553', '2018-07-27 06:05:53'), ('4630', '1', '41', 'http://localhost:8080/', '', 'DIRECT', '127.0.0.1', '857a157d63ed4d4faddd9f61c45e34c8', 'Mozilla/5.0 (Windows NT 6.1; WOW64) AppleWebKit/537.36 (KHTML, like Gecko) Chrome/64.0.3282.140 Safari/537.36', 'CHROME', 'WINDOWS_7', 'COMPUTER', 'LAN', 'LAN', '20180727140625', '2018-07-27 06:06:25'), ('4631', '1', null, 'http://localhost:8080/', '', 'DIRECT', '127.0.0.1', '857a157d63ed4d4faddd9f61c45e34c8', 'Mozilla/5.0 (Windows NT 6.1; WOW64) AppleWebKit/537.36 (KHTML, like Gecko) Chrome/64.0.3282.140 Safari/537.36', 'CHROME', 'WINDOWS_7', 'COMPUTER', 'LAN', 'LAN', '20180727140704', '2018-07-27 06:07:04'), ('4632', '1', null, 'http://localhost:8080/', '', 'DIRECT', '127.0.0.1', '857a157d63ed4d4faddd9f61c45e34c8', 'Mozilla/5.0 (Windows NT 6.1; WOW64) AppleWebKit/537.36 (KHTML, like Gecko) Chrome/64.0.3282.140 Safari/537.36', 'CHROME', 'WINDOWS_7', 'COMPUTER', 'LAN', 'LAN', '20180727140705', '2018-07-27 06:07:06'), ('4633', '1', '1', 'http://localhost:8080/', 'http://localhost:8080/my', 'DIRECT', '127.0.0.1', '857a157d63ed4d4faddd9f61c45e34c8', 'Mozilla/5.0 (Windows NT 6.1; WOW64) AppleWebKit/537.36 (KHTML, like Gecko) Chrome/64.0.3282.140 Safari/537.36', 'CHROME', 'WINDOWS_7', 'COMPUTER', 'LAN', 'LAN', '20180727165817', '2018-07-27 08:58:18'), ('4634', '1', '1', 'http://localhost:8080/guestbook', 'http://localhost:8080/', 'DIRECT', '127.0.0.1', '857a157d63ed4d4faddd9f61c45e34c8', 'Mozilla/5.0 (Windows NT 6.1; WOW64) AppleWebKit/537.36 (KHTML, like Gecko) Chrome/64.0.3282.140 Safari/537.36', 'CHROME', 'WINDOWS_7', 'COMPUTER', 'LAN', 'LAN', '20180727170509', '2018-07-27 09:05:09'), ('4635', '1', '1', 'http://localhost:8080/node/69', 'http://localhost:8080/guestbook', 'DIRECT', '127.0.0.1', '857a157d63ed4d4faddd9f61c45e34c8', 'Mozilla/5.0 (Windows NT 6.1; WOW64) AppleWebKit/537.36 (KHTML, like Gecko) Chrome/64.0.3282.140 Safari/537.36', 'CHROME', 'WINDOWS_7', 'COMPUTER', 'LAN', 'LAN', '20180727170511', '2018-07-27 09:05:11'), ('4636', '1', '1', 'http://localhost:8080/guestbook', 'http://localhost:8080/node/69', 'DIRECT', '127.0.0.1', '857a157d63ed4d4faddd9f61c45e34c8', 'Mozilla/5.0 (Windows NT 6.1; WOW64) AppleWebKit/537.36 (KHTML, like Gecko) Chrome/64.0.3282.140 Safari/537.36', 'CHROME', 'WINDOWS_7', 'COMPUTER', 'LAN', 'LAN', '20180727170513', '2018-07-27 09:05:14'), ('4637', '1', '1', 'http://localhost:8080/node/69', 'http://localhost:8080/guestbook', 'DIRECT', '127.0.0.1', '857a157d63ed4d4faddd9f61c45e34c8', 'Mozilla/5.0 (Windows NT 6.1; WOW64) AppleWebKit/537.36 (KHTML, like Gecko) Chrome/64.0.3282.140 Safari/537.36', 'CHROME', 'WINDOWS_7', 'COMPUTER', 'LAN', 'LAN', '20180727170556', '2018-07-27 09:05:56'), ('4638', '1', '1', 'http://localhost:8080/special_category', 'http://localhost:8080/node/69', 'DIRECT', '127.0.0.1', '857a157d63ed4d4faddd9f61c45e34c8', 'Mozilla/5.0 (Windows NT 6.1; WOW64) AppleWebKit/537.36 (KHTML, like Gecko) Chrome/64.0.3282.140 Safari/537.36', 'CHROME', 'WINDOWS_7', 'COMPUTER', 'LAN', 'LAN', '20180727170559', '2018-07-27 09:05:59'), ('4639', '1', '1', 'http://localhost:8080/node/92', 'http://localhost:8080/special_category', 'DIRECT', '127.0.0.1', '857a157d63ed4d4faddd9f61c45e34c8', 'Mozilla/5.0 (Windows NT 6.1; WOW64) AppleWebKit/537.36 (KHTML, like Gecko) Chrome/64.0.3282.140 Safari/537.36', 'CHROME', 'WINDOWS_7', 'COMPUTER', 'LAN', 'LAN', '20180727170602', '2018-07-27 09:06:03'), ('4640', '1', '1', 'http://localhost:8080/node/93', 'http://localhost:8080/node/92', 'DIRECT', '127.0.0.1', '857a157d63ed4d4faddd9f61c45e34c8', 'Mozilla/5.0 (Windows NT 6.1; WOW64) AppleWebKit/537.36 (KHTML, like Gecko) Chrome/64.0.3282.140 Safari/537.36', 'CHROME', 'WINDOWS_7', 'COMPUTER', 'LAN', 'LAN', '20180727170611', '2018-07-27 09:06:11'), ('4641', '1', '1', 'http://localhost:8080/node/94', 'http://localhost:8080/node/93', 'DIRECT', '127.0.0.1', '857a157d63ed4d4faddd9f61c45e34c8', 'Mozilla/5.0 (Windows NT 6.1; WOW64) AppleWebKit/537.36 (KHTML, like Gecko) Chrome/64.0.3282.140 Safari/537.36', 'CHROME', 'WINDOWS_7', 'COMPUTER', 'LAN', 'LAN', '20180727170612', '2018-07-27 09:06:12'), ('4642', '1', '1', 'http://localhost:8080/node/93', 'http://localhost:8080/node/94', 'DIRECT', '127.0.0.1', '857a157d63ed4d4faddd9f61c45e34c8', 'Mozilla/5.0 (Windows NT 6.1; WOW64) AppleWebKit/537.36 (KHTML, like Gecko) Chrome/64.0.3282.140 Safari/537.36', 'CHROME', 'WINDOWS_7', 'COMPUTER', 'LAN', 'LAN', '20180727170613', '2018-07-27 09:06:13'), ('4643', '1', '1', 'http://localhost:8080/node/49', 'http://localhost:8080/node/93', 'DIRECT', '127.0.0.1', '857a157d63ed4d4faddd9f61c45e34c8', 'Mozilla/5.0 (Windows NT 6.1; WOW64) AppleWebKit/537.36 (KHTML, like Gecko) Chrome/64.0.3282.140 Safari/537.36', 'CHROME', 'WINDOWS_7', 'COMPUTER', 'LAN', 'LAN', '20180727170618', '2018-07-27 09:06:18'), ('4644', '1', '1', 'http://localhost:8080/node/92', 'http://localhost:8080/node/49', 'DIRECT', '127.0.0.1', '857a157d63ed4d4faddd9f61c45e34c8', 'Mozilla/5.0 (Windows NT 6.1; WOW64) AppleWebKit/537.36 (KHTML, like Gecko) Chrome/64.0.3282.140 Safari/537.36', 'CHROME', 'WINDOWS_7', 'COMPUTER', 'LAN', 'LAN', '20180727170631', '2018-07-27 09:06:31'), ('4645', '1', '1', 'http://localhost:8080/node/49', 'http://localhost:8080/node/92', 'DIRECT', '127.0.0.1', '857a157d63ed4d4faddd9f61c45e34c8', 'Mozilla/5.0 (Windows NT 6.1; WOW64) AppleWebKit/537.36 (KHTML, like Gecko) Chrome/64.0.3282.140 Safari/537.36', 'CHROME', 'WINDOWS_7', 'COMPUTER', 'LAN', 'LAN', '20180727170633', '2018-07-27 09:06:33'), ('4646', '1', '1', 'http://localhost:8080/node/52', 'http://localhost:8080/node/49', 'DIRECT', '127.0.0.1', '857a157d63ed4d4faddd9f61c45e34c8', 'Mozilla/5.0 (Windows NT 6.1; WOW64) AppleWebKit/537.36 (KHTML, like Gecko) Chrome/64.0.3282.140 Safari/537.36', 'CHROME', 'WINDOWS_7', 'COMPUTER', 'LAN', 'LAN', '20180727170643', '2018-07-27 09:06:44'), ('4647', '1', '1', 'http://localhost:8080/node/49', 'http://localhost:8080/node/52', 'DIRECT', '127.0.0.1', '857a157d63ed4d4faddd9f61c45e34c8', 'Mozilla/5.0 (Windows NT 6.1; WOW64) AppleWebKit/537.36 (KHTML, like Gecko) Chrome/64.0.3282.140 Safari/537.36', 'CHROME', 'WINDOWS_7', 'COMPUTER', 'LAN', 'LAN', '20180727170917', '2018-07-27 09:09:18'), ('4648', '1', '1', 'http://localhost:8080/info/221', 'http://localhost:8080/node/49', 'DIRECT', '127.0.0.1', '857a157d63ed4d4faddd9f61c45e34c8', 'Mozilla/5.0 (Windows NT 6.1; WOW64) AppleWebKit/537.36 (KHTML, like Gecko) Chrome/64.0.3282.140 Safari/537.36', 'CHROME', 'WINDOWS_7', 'COMPUTER', 'LAN', 'LAN', '20180727170926', '2018-07-27 09:09:26'), ('4649', '1', '1', 'http://localhost:8080/', 'http://localhost:8080/info/221', 'DIRECT', '127.0.0.1', '857a157d63ed4d4faddd9f61c45e34c8', 'Mozilla/5.0 (Windows NT 6.1; WOW64) AppleWebKit/537.36 (KHTML, like Gecko) Chrome/64.0.3282.140 Safari/537.36', 'CHROME', 'WINDOWS_7', 'COMPUTER', 'LAN', 'LAN', '20180727171231', '2018-07-27 09:12:31'), ('4650', '1', '1', 'http://localhost:8080/guestbook', 'http://localhost:8080/', 'DIRECT', '127.0.0.1', '857a157d63ed4d4faddd9f61c45e34c8', 'Mozilla/5.0 (Windows NT 6.1; WOW64) AppleWebKit/537.36 (KHTML, like Gecko) Chrome/64.0.3282.140 Safari/537.36', 'CHROME', 'WINDOWS_7', 'COMPUTER', 'LAN', 'LAN', '20180727171334', '2018-07-27 09:13:34'), ('4651', '1', '1', 'http://localhost:8080/guestbook/create', 'http://localhost:8080/guestbook', 'DIRECT', '127.0.0.1', '857a157d63ed4d4faddd9f61c45e34c8', 'Mozilla/5.0 (Windows NT 6.1; WOW64) AppleWebKit/537.36 (KHTML, like Gecko) Chrome/64.0.3282.140 Safari/537.36', 'CHROME', 'WINDOWS_7', 'COMPUTER', 'LAN', 'LAN', '20180727171341', '2018-07-27 09:13:42'), ('4652', '1', '1', 'http://localhost:8080/node/49', 'http://localhost:8080/node/52', 'DIRECT', '127.0.0.1', '857a157d63ed4d4faddd9f61c45e34c8', 'Mozilla/5.0 (Windows NT 6.1; WOW64) AppleWebKit/537.36 (KHTML, like Gecko) Chrome/64.0.3282.140 Safari/537.36', 'CHROME', 'WINDOWS_7', 'COMPUTER', 'LAN', 'LAN', '20180727171524', '2018-07-27 09:15:25'), ('4653', '1', '1', 'http://localhost:8080/node/49', 'http://localhost:8080/node/52', 'DIRECT', '127.0.0.1', '857a157d63ed4d4faddd9f61c45e34c8', 'Mozilla/5.0 (Windows NT 6.1; WOW64) AppleWebKit/537.36 (KHTML, like Gecko) Chrome/64.0.3282.140 Safari/537.36', 'CHROME', 'WINDOWS_7', 'COMPUTER', 'LAN', 'LAN', '20180727171527', '2018-07-27 09:15:27'), ('4654', '1', '1', 'http://localhost:8080/guestbook/create', 'http://localhost:8080/guestbook', 'DIRECT', '127.0.0.1', '857a157d63ed4d4faddd9f61c45e34c8', 'Mozilla/5.0 (Windows NT 6.1; WOW64) AppleWebKit/537.36 (KHTML, like Gecko) Chrome/64.0.3282.140 Safari/537.36', 'CHROME', 'WINDOWS_7', 'COMPUTER', 'LAN', 'LAN', '20180727171533', '2018-07-27 09:15:33'), ('4655', '1', '1', 'http://localhost:8080/node/49', 'http://localhost:8080/node/52', 'DIRECT', '127.0.0.1', '857a157d63ed4d4faddd9f61c45e34c8', 'Mozilla/5.0 (Windows NT 6.1; WOW64) AppleWebKit/537.36 (KHTML, like Gecko) Chrome/64.0.3282.140 Safari/537.36', 'CHROME', 'WINDOWS_7', 'COMPUTER', 'LAN', 'LAN', '20180727171654', '2018-07-27 09:16:54'), ('4656', '1', '1', 'http://localhost:8080/node/49', 'http://localhost:8080/node/52', 'DIRECT', '127.0.0.1', '857a157d63ed4d4faddd9f61c45e34c8', 'Mozilla/5.0 (Windows NT 6.1; WOW64) AppleWebKit/537.36 (KHTML, like Gecko) Chrome/64.0.3282.140 Safari/537.36', 'CHROME', 'WINDOWS_7', 'COMPUTER', 'LAN', 'LAN', '20180727171656', '2018-07-27 09:16:56'), ('4657', '1', '1', 'http://localhost:8080/', '', 'DIRECT', '127.0.0.1', '857a157d63ed4d4faddd9f61c45e34c8', 'Mozilla/5.0 (Windows NT 6.1; WOW64) AppleWebKit/537.36 (KHTML, like Gecko) Chrome/64.0.3282.140 Safari/537.36', 'CHROME', 'WINDOWS_7', 'COMPUTER', 'LAN', 'LAN', '20180727175244', '2018-07-27 09:52:45'), ('4658', '1', '1', 'http://localhost:8080/', 'http://localhost:8080/', 'DIRECT', '127.0.0.1', '857a157d63ed4d4faddd9f61c45e34c8', 'Mozilla/5.0 (Windows NT 6.1; WOW64) AppleWebKit/537.36 (KHTML, like Gecko) Chrome/64.0.3282.140 Safari/537.36', 'CHROME', 'WINDOWS_7', 'COMPUTER', 'LAN', 'LAN', '20180727175247', '2018-07-27 09:52:47'), ('4659', '1', '1', 'http://localhost:8080/node/36', 'http://localhost:8080/', 'DIRECT', '127.0.0.1', '857a157d63ed4d4faddd9f61c45e34c8', 'Mozilla/5.0 (Windows NT 6.1; WOW64) AppleWebKit/537.36 (KHTML, like Gecko) Chrome/64.0.3282.140 Safari/537.36', 'CHROME', 'WINDOWS_7', 'COMPUTER', 'LAN', 'LAN', '20180727175319', '2018-07-27 09:53:19'), ('4660', '1', '1', 'http://localhost:8080/node/36', 'http://localhost:8080/node/36', 'DIRECT', '127.0.0.1', '857a157d63ed4d4faddd9f61c45e34c8', 'Mozilla/5.0 (Windows NT 6.1; WOW64) AppleWebKit/537.36 (KHTML, like Gecko) Chrome/64.0.3282.140 Safari/537.36', 'CHROME', 'WINDOWS_7', 'COMPUTER', 'LAN', 'LAN', '20180727175432', '2018-07-27 09:54:32'), ('4661', '1', '1', 'http://localhost:8080/node/48', 'http://localhost:8080/node/36', 'DIRECT', '127.0.0.1', '857a157d63ed4d4faddd9f61c45e34c8', 'Mozilla/5.0 (Windows NT 6.1; WOW64) AppleWebKit/537.36 (KHTML, like Gecko) Chrome/64.0.3282.140 Safari/537.36', 'CHROME', 'WINDOWS_7', 'COMPUTER', 'LAN', 'LAN', '20180727175452', '2018-07-27 09:54:53'), ('4662', '1', '1', 'http://localhost:8080/node/51', 'http://localhost:8080/node/48', 'DIRECT', '127.0.0.1', '857a157d63ed4d4faddd9f61c45e34c8', 'Mozilla/5.0 (Windows NT 6.1; WOW64) AppleWebKit/537.36 (KHTML, like Gecko) Chrome/64.0.3282.140 Safari/537.36', 'CHROME', 'WINDOWS_7', 'COMPUTER', 'LAN', 'LAN', '20180727175455', '2018-07-27 09:54:56'), ('4663', '1', '1', 'http://localhost:8080/node/36', 'http://localhost:8080/node/51', 'DIRECT', '127.0.0.1', '857a157d63ed4d4faddd9f61c45e34c8', 'Mozilla/5.0 (Windows NT 6.1; WOW64) AppleWebKit/537.36 (KHTML, like Gecko) Chrome/64.0.3282.140 Safari/537.36', 'CHROME', 'WINDOWS_7', 'COMPUTER', 'LAN', 'LAN', '20180727175500', '2018-07-27 09:55:01'), ('4664', '1', '1', 'http://localhost:8080/', 'http://localhost:8080/my', 'DIRECT', '127.0.0.1', '857a157d63ed4d4faddd9f61c45e34c8', 'Mozilla/5.0 (Windows NT 6.1; WOW64) AppleWebKit/537.36 (KHTML, like Gecko) Chrome/64.0.3282.140 Safari/537.36', 'CHROME', 'WINDOWS_7', 'COMPUTER', 'LAN', 'LAN', '20180727175942', '2018-07-27 09:59:42'), ('4665', '1', '1', 'http://localhost:8080/', 'http://localhost:8080/my', 'DIRECT', '127.0.0.1', '857a157d63ed4d4faddd9f61c45e34c8', 'Mozilla/5.0 (Windows NT 6.1; WOW64) AppleWebKit/537.36 (KHTML, like Gecko) Chrome/64.0.3282.140 Safari/537.36', 'CHROME', 'WINDOWS_7', 'COMPUTER', 'LAN', 'LAN', '20180727175944', '2018-07-27 09:59:44'), ('4666', '1', '1', 'http://localhost:8080/', 'http://localhost:8080/my', 'DIRECT', '127.0.0.1', '857a157d63ed4d4faddd9f61c45e34c8', 'Mozilla/5.0 (Windows NT 6.1; WOW64) AppleWebKit/537.36 (KHTML, like Gecko) Chrome/64.0.3282.140 Safari/537.36', 'CHROME', 'WINDOWS_7', 'COMPUTER', 'LAN', 'LAN', '20180727175958', '2018-07-27 09:59:58'), ('4667', '1', '1', 'http://localhost:8080/node/52', 'http://localhost:8080/', 'DIRECT', '127.0.0.1', '857a157d63ed4d4faddd9f61c45e34c8', 'Mozilla/5.0 (Windows NT 6.1; WOW64) AppleWebKit/537.36 (KHTML, like Gecko) Chrome/64.0.3282.140 Safari/537.36', 'CHROME', 'WINDOWS_7', 'COMPUTER', 'LAN', 'LAN', '20180727180010', '2018-07-27 10:00:10'), ('4668', '1', '1', 'http://localhost:8080/node/92', 'http://localhost:8080/node/52', 'DIRECT', '127.0.0.1', '857a157d63ed4d4faddd9f61c45e34c8', 'Mozilla/5.0 (Windows NT 6.1; WOW64) AppleWebKit/537.36 (KHTML, like Gecko) Chrome/64.0.3282.140 Safari/537.36', 'CHROME', 'WINDOWS_7', 'COMPUTER', 'LAN', 'LAN', '20180727180019', '2018-07-27 10:00:19'), ('4669', '1', '1', 'http://localhost:8080/node/36', 'http://localhost:8080/node/92', 'DIRECT', '127.0.0.1', '857a157d63ed4d4faddd9f61c45e34c8', 'Mozilla/5.0 (Windows NT 6.1; WOW64) AppleWebKit/537.36 (KHTML, like Gecko) Chrome/64.0.3282.140 Safari/537.36', 'CHROME', 'WINDOWS_7', 'COMPUTER', 'LAN', 'LAN', '20180727180029', '2018-07-27 10:00:30'), ('4670', '1', '1', 'http://localhost:8080/special_category', 'http://localhost:8080/node/36', 'DIRECT', '127.0.0.1', '857a157d63ed4d4faddd9f61c45e34c8', 'Mozilla/5.0 (Windows NT 6.1; WOW64) AppleWebKit/537.36 (KHTML, like Gecko) Chrome/64.0.3282.140 Safari/537.36', 'CHROME', 'WINDOWS_7', 'COMPUTER', 'LAN', 'LAN', '20180727180046', '2018-07-27 10:00:47'), ('4671', '1', '1', 'http://localhost:8080/node/92', 'http://localhost:8080/special_category', 'DIRECT', '127.0.0.1', '857a157d63ed4d4faddd9f61c45e34c8', 'Mozilla/5.0 (Windows NT 6.1; WOW64) AppleWebKit/537.36 (KHTML, like Gecko) Chrome/64.0.3282.140 Safari/537.36', 'CHROME', 'WINDOWS_7', 'COMPUTER', 'LAN', 'LAN', '20180727180054', '2018-07-27 10:00:54'), ('4672', '1', '1', 'http://localhost:8080/node/36', 'http://localhost:8080/node/92', 'DIRECT', '127.0.0.1', '857a157d63ed4d4faddd9f61c45e34c8', 'Mozilla/5.0 (Windows NT 6.1; WOW64) AppleWebKit/537.36 (KHTML, like Gecko) Chrome/64.0.3282.140 Safari/537.36', 'CHROME', 'WINDOWS_7', 'COMPUTER', 'LAN', 'LAN', '20180727180059', '2018-07-27 10:01:00'), ('4673', '1', '1', 'http://localhost:8080/node/36', 'http://localhost:8080/node/92', 'DIRECT', '127.0.0.1', '857a157d63ed4d4faddd9f61c45e34c8', 'Mozilla/5.0 (Windows NT 6.1; WOW64) AppleWebKit/537.36 (KHTML, like Gecko) Chrome/64.0.3282.140 Safari/537.36', 'CHROME', 'WINDOWS_7', 'COMPUTER', 'LAN', 'LAN', '20180727180202', '2018-07-27 10:02:03'), ('4674', '1', '1', 'http://localhost:8080/node/36', 'http://localhost:8080/node/36', 'DIRECT', '127.0.0.1', '857a157d63ed4d4faddd9f61c45e34c8', 'Mozilla/5.0 (Windows NT 6.1; WOW64) AppleWebKit/537.36 (KHTML, like Gecko) Chrome/64.0.3282.140 Safari/537.36', 'CHROME', 'WINDOWS_7', 'COMPUTER', 'LAN', 'LAN', '20180727180212', '2018-07-27 10:02:13'), ('4675', '1', '1', 'http://localhost:8080/node/48', 'http://localhost:8080/node/36', 'DIRECT', '127.0.0.1', '857a157d63ed4d4faddd9f61c45e34c8', 'Mozilla/5.0 (Windows NT 6.1; WOW64) AppleWebKit/537.36 (KHTML, like Gecko) Chrome/64.0.3282.140 Safari/537.36', 'CHROME', 'WINDOWS_7', 'COMPUTER', 'LAN', 'LAN', '20180727180213', '2018-07-27 10:02:14'), ('4676', '1', '1', 'http://localhost:8080/node/92', 'http://localhost:8080/node/48', 'DIRECT', '127.0.0.1', '857a157d63ed4d4faddd9f61c45e34c8', 'Mozilla/5.0 (Windows NT 6.1; WOW64) AppleWebKit/537.36 (KHTML, like Gecko) Chrome/64.0.3282.140 Safari/537.36', 'CHROME', 'WINDOWS_7', 'COMPUTER', 'LAN', 'LAN', '20180727180217', '2018-07-27 10:02:17'), ('4677', '1', '1', 'http://localhost:8080/node/36', 'http://localhost:8080/node/92', 'DIRECT', '127.0.0.1', '857a157d63ed4d4faddd9f61c45e34c8', 'Mozilla/5.0 (Windows NT 6.1; WOW64) AppleWebKit/537.36 (KHTML, like Gecko) Chrome/64.0.3282.140 Safari/537.36', 'CHROME', 'WINDOWS_7', 'COMPUTER', 'LAN', 'LAN', '20180727180219', '2018-07-27 10:02:19'), ('4678', '1', '1', 'http://localhost:8080/', 'http://localhost:8080/node/36', 'DIRECT', '127.0.0.1', '857a157d63ed4d4faddd9f61c45e34c8', 'Mozilla/5.0 (Windows NT 6.1; WOW64) AppleWebKit/537.36 (KHTML, like Gecko) Chrome/64.0.3282.140 Safari/537.36', 'CHROME', 'WINDOWS_7', 'COMPUTER', 'LAN', 'LAN', '20180727180233', '2018-07-27 10:02:34'), ('4679', '1', '1', 'http://localhost:8080/', 'http://localhost:8080/node/36', 'DIRECT', '127.0.0.1', '857a157d63ed4d4faddd9f61c45e34c8', 'Mozilla/5.0 (Windows NT 6.1; WOW64) AppleWebKit/537.36 (KHTML, like Gecko) Chrome/64.0.3282.140 Safari/537.36', 'CHROME', 'WINDOWS_7', 'COMPUTER', 'LAN', 'LAN', '20180727180322', '2018-07-27 10:03:22'), ('4680', '1', '1', 'http://localhost:8080/', 'http://localhost:8080/node/36', 'DIRECT', '127.0.0.1', '857a157d63ed4d4faddd9f61c45e34c8', 'Mozilla/5.0 (Windows NT 6.1; WOW64) AppleWebKit/537.36 (KHTML, like Gecko) Chrome/64.0.3282.140 Safari/537.36', 'CHROME', 'WINDOWS_7', 'COMPUTER', 'LAN', 'LAN', '20180727182701', '2018-07-27 10:27:01'), ('4681', '1', '1', 'http://localhost:8080/node/92', 'http://localhost:8080/', 'DIRECT', '127.0.0.1', '857a157d63ed4d4faddd9f61c45e34c8', 'Mozilla/5.0 (Windows NT 6.1; WOW64) AppleWebKit/537.36 (KHTML, like Gecko) Chrome/64.0.3282.140 Safari/537.36', 'CHROME', 'WINDOWS_7', 'COMPUTER', 'LAN', 'LAN', '20180727182709', '2018-07-27 10:27:09'), ('4682', '1', '1', 'http://localhost:8080/node/36', 'http://localhost:8080/node/92', 'DIRECT', '127.0.0.1', '857a157d63ed4d4faddd9f61c45e34c8', 'Mozilla/5.0 (Windows NT 6.1; WOW64) AppleWebKit/537.36 (KHTML, like Gecko) Chrome/64.0.3282.140 Safari/537.36', 'CHROME', 'WINDOWS_7', 'COMPUTER', 'LAN', 'LAN', '20180727182712', '2018-07-27 10:27:13'), ('4683', '1', '1', 'http://localhost:8080/', 'http://localhost:8080/node/36', 'DIRECT', '127.0.0.1', '857a157d63ed4d4faddd9f61c45e34c8', 'Mozilla/5.0 (Windows NT 6.1; WOW64) AppleWebKit/537.36 (KHTML, like Gecko) Chrome/64.0.3282.140 Safari/537.36', 'CHROME', 'WINDOWS_7', 'COMPUTER', 'LAN', 'LAN', '20180727182747', '2018-07-27 10:27:48'), ('4684', '1', '1', 'http://localhost:8080/node/36', 'http://localhost:8080/', 'DIRECT', '127.0.0.1', '857a157d63ed4d4faddd9f61c45e34c8', 'Mozilla/5.0 (Windows NT 6.1; WOW64) AppleWebKit/537.36 (KHTML, like Gecko) Chrome/64.0.3282.140 Safari/537.36', 'CHROME', 'WINDOWS_7', 'COMPUTER', 'LAN', 'LAN', '20180727182749', '2018-07-27 10:27:50'), ('4685', '1', '1', 'http://localhost:8080/node/69', 'http://localhost:8080/node/36', 'DIRECT', '127.0.0.1', '857a157d63ed4d4faddd9f61c45e34c8', 'Mozilla/5.0 (Windows NT 6.1; WOW64) AppleWebKit/537.36 (KHTML, like Gecko) Chrome/64.0.3282.140 Safari/537.36', 'CHROME', 'WINDOWS_7', 'COMPUTER', 'LAN', 'LAN', '20180727182853', '2018-07-27 10:28:54'), ('4686', '1', '1', 'http://localhost:8080/info/146', 'http://localhost:8080/node/69', 'DIRECT', '127.0.0.1', '857a157d63ed4d4faddd9f61c45e34c8', 'Mozilla/5.0 (Windows NT 6.1; WOW64) AppleWebKit/537.36 (KHTML, like Gecko) Chrome/64.0.3282.140 Safari/537.36', 'CHROME', 'WINDOWS_7', 'COMPUTER', 'LAN', 'LAN', '20180727182857', '2018-07-27 10:28:58'), ('4687', '1', '1', 'http://localhost:8080/guestbook', 'http://localhost:8080/info/146', 'DIRECT', '127.0.0.1', '857a157d63ed4d4faddd9f61c45e34c8', 'Mozilla/5.0 (Windows NT 6.1; WOW64) AppleWebKit/537.36 (KHTML, like Gecko) Chrome/64.0.3282.140 Safari/537.36', 'CHROME', 'WINDOWS_7', 'COMPUTER', 'LAN', 'LAN', '20180727183000', '2018-07-27 10:30:00'), ('4688', '1', '1', 'http://localhost:8080/', 'http://localhost:8080/guestbook', 'DIRECT', '127.0.0.1', '857a157d63ed4d4faddd9f61c45e34c8', 'Mozilla/5.0 (Windows NT 6.1; WOW64) AppleWebKit/537.36 (KHTML, like Gecko) Chrome/64.0.3282.140 Safari/537.36', 'CHROME', 'WINDOWS_7', 'COMPUTER', 'LAN', 'LAN', '20180727183003', '2018-07-27 10:30:03'), ('4689', '1', '1', 'http://localhost:8080/', 'http://localhost:8080/guestbook', 'DIRECT', '127.0.0.1', '857a157d63ed4d4faddd9f61c45e34c8', 'Mozilla/5.0 (Windows NT 6.1; WOW64) AppleWebKit/537.36 (KHTML, like Gecko) Chrome/64.0.3282.140 Safari/537.36', 'CHROME', 'WINDOWS_7', 'COMPUTER', 'LAN', 'LAN', '20180727183232', '2018-07-27 10:32:32'), ('4690', '1', '1', 'http://localhost:8080/', 'http://localhost:8080/guestbook', 'DIRECT', '127.0.0.1', '857a157d63ed4d4faddd9f61c45e34c8', 'Mozilla/5.0 (Windows NT 6.1; WOW64) AppleWebKit/537.36 (KHTML, like Gecko) Chrome/64.0.3282.140 Safari/537.36', 'CHROME', 'WINDOWS_7', 'COMPUTER', 'LAN', 'LAN', '20180727183321', '2018-07-27 10:33:22'), ('4691', '1', '1', 'http://localhost:8080/', 'http://localhost:8080/guestbook', 'DIRECT', '127.0.0.1', '857a157d63ed4d4faddd9f61c45e34c8', 'Mozilla/5.0 (Windows NT 6.1; WOW64) AppleWebKit/537.36 (KHTML, like Gecko) Chrome/64.0.3282.140 Safari/537.36', 'CHROME', 'WINDOWS_7', 'COMPUTER', 'LAN', 'LAN', '20180727183409', '2018-07-27 10:34:10'), ('4692', '1', '1', 'http://localhost:8080/', 'http://localhost:8080/guestbook', 'DIRECT', '127.0.0.1', '857a157d63ed4d4faddd9f61c45e34c8', 'Mozilla/5.0 (Windows NT 6.1; WOW64) AppleWebKit/537.36 (KHTML, like Gecko) Chrome/64.0.3282.140 Safari/537.36', 'CHROME', 'WINDOWS_7', 'COMPUTER', 'LAN', 'LAN', '20180727183439', '2018-07-27 10:34:39'), ('4693', '1', '1', 'http://localhost:8080/special_category', 'http://localhost:8080/', 'DIRECT', '127.0.0.1', '857a157d63ed4d4faddd9f61c45e34c8', 'Mozilla/5.0 (Windows NT 6.1; WOW64) AppleWebKit/537.36 (KHTML, like Gecko) Chrome/64.0.3282.140 Safari/537.36', 'CHROME', 'WINDOWS_7', 'COMPUTER', 'LAN', 'LAN', '20180727183449', '2018-07-27 10:34:49'), ('4694', '1', '1', 'http://localhost:8080/special_category', 'http://localhost:8080/special_category', 'DIRECT', '127.0.0.1', '857a157d63ed4d4faddd9f61c45e34c8', 'Mozilla/5.0 (Windows NT 6.1; WOW64) AppleWebKit/537.36 (KHTML, like Gecko) Chrome/64.0.3282.140 Safari/537.36', 'CHROME', 'WINDOWS_7', 'COMPUTER', 'LAN', 'LAN', '20180727183520', '2018-07-27 10:35:21'), ('4695', '1', '1', 'http://localhost:8080/special_category', 'http://localhost:8080/special_category', 'DIRECT', '127.0.0.1', '857a157d63ed4d4faddd9f61c45e34c8', 'Mozilla/5.0 (Windows NT 6.1; WOW64) AppleWebKit/537.36 (KHTML, like Gecko) Chrome/64.0.3282.140 Safari/537.36', 'CHROME', 'WINDOWS_7', 'COMPUTER', 'LAN', 'LAN', '20180727183552', '2018-07-27 10:35:53'), ('4696', '1', '1', 'http://localhost:8080/node/36', 'http://localhost:8080/special_category', 'DIRECT', '127.0.0.1', '857a157d63ed4d4faddd9f61c45e34c8', 'Mozilla/5.0 (Windows NT 6.1; WOW64) AppleWebKit/537.36 (KHTML, like Gecko) Chrome/64.0.3282.140 Safari/537.36', 'CHROME', 'WINDOWS_7', 'COMPUTER', 'LAN', 'LAN', '20180727183611', '2018-07-27 10:36:12'), ('4697', '1', '1', 'http://localhost:8080/node/48', 'http://localhost:8080/node/36', 'DIRECT', '127.0.0.1', '857a157d63ed4d4faddd9f61c45e34c8', 'Mozilla/5.0 (Windows NT 6.1; WOW64) AppleWebKit/537.36 (KHTML, like Gecko) Chrome/64.0.3282.140 Safari/537.36', 'CHROME', 'WINDOWS_7', 'COMPUTER', 'LAN', 'LAN', '20180727183613', '2018-07-27 10:36:13'), ('4698', '1', '1', 'http://localhost:8080/node/52', 'http://localhost:8080/node/48', 'DIRECT', '127.0.0.1', '857a157d63ed4d4faddd9f61c45e34c8', 'Mozilla/5.0 (Windows NT 6.1; WOW64) AppleWebKit/537.36 (KHTML, like Gecko) Chrome/64.0.3282.140 Safari/537.36', 'CHROME', 'WINDOWS_7', 'COMPUTER', 'LAN', 'LAN', '20180727183614', '2018-07-27 10:36:14'), ('4699', '1', '1', 'http://localhost:8080/node/49', 'http://localhost:8080/node/52', 'DIRECT', '127.0.0.1', '857a157d63ed4d4faddd9f61c45e34c8', 'Mozilla/5.0 (Windows NT 6.1; WOW64) AppleWebKit/537.36 (KHTML, like Gecko) Chrome/64.0.3282.140 Safari/537.36', 'CHROME', 'WINDOWS_7', 'COMPUTER', 'LAN', 'LAN', '20180727183625', '2018-07-27 10:36:26'), ('4700', '1', '1', 'http://localhost:8080/node/92', 'http://localhost:8080/node/49', 'DIRECT', '127.0.0.1', '857a157d63ed4d4faddd9f61c45e34c8', 'Mozilla/5.0 (Windows NT 6.1; WOW64) AppleWebKit/537.36 (KHTML, like Gecko) Chrome/64.0.3282.140 Safari/537.36', 'CHROME', 'WINDOWS_7', 'COMPUTER', 'LAN', 'LAN', '20180727183627', '2018-07-27 10:36:28'), ('4701', '1', '1', 'http://localhost:8080/node/69', 'http://localhost:8080/node/92', 'DIRECT', '127.0.0.1', '857a157d63ed4d4faddd9f61c45e34c8', 'Mozilla/5.0 (Windows NT 6.1; WOW64) AppleWebKit/537.36 (KHTML, like Gecko) Chrome/64.0.3282.140 Safari/537.36', 'CHROME', 'WINDOWS_7', 'COMPUTER', 'LAN', 'LAN', '20180727183631', '2018-07-27 10:36:31'), ('4702', '1', '1', 'http://localhost:8080/guestbook', 'http://localhost:8080/node/69', 'DIRECT', '127.0.0.1', '857a157d63ed4d4faddd9f61c45e34c8', 'Mozilla/5.0 (Windows NT 6.1; WOW64) AppleWebKit/537.36 (KHTML, like Gecko) Chrome/64.0.3282.140 Safari/537.36', 'CHROME', 'WINDOWS_7', 'COMPUTER', 'LAN', 'LAN', '20180727183635', '2018-07-27 10:36:35'), ('4703', '1', '1', 'http://localhost:8080/', 'http://localhost:8080/guestbook', 'DIRECT', '127.0.0.1', '857a157d63ed4d4faddd9f61c45e34c8', 'Mozilla/5.0 (Windows NT 6.1; WOW64) AppleWebKit/537.36 (KHTML, like Gecko) Chrome/64.0.3282.140 Safari/537.36', 'CHROME', 'WINDOWS_7', 'COMPUTER', 'LAN', 'LAN', '20180727184012', '2018-07-27 10:40:13'), ('4704', '1', '1', 'http://localhost:8080/', 'http://localhost:8080/guestbook', 'DIRECT', '127.0.0.1', '857a157d63ed4d4faddd9f61c45e34c8', 'Mozilla/5.0 (Windows NT 6.1; WOW64) AppleWebKit/537.36 (KHTML, like Gecko) Chrome/64.0.3282.140 Safari/537.36', 'CHROME', 'WINDOWS_7', 'COMPUTER', 'LAN', 'LAN', '20180727184014', '2018-07-27 10:40:14'), ('4705', '1', '1', 'http://localhost:8080/', 'http://localhost:8080/guestbook', 'DIRECT', '127.0.0.1', '857a157d63ed4d4faddd9f61c45e34c8', 'Mozilla/5.0 (Windows NT 6.1; WOW64) AppleWebKit/537.36 (KHTML, like Gecko) Chrome/64.0.3282.140 Safari/537.36', 'CHROME', 'WINDOWS_7', 'COMPUTER', 'LAN', 'LAN', '20180727184042', '2018-07-27 10:40:43'), ('4706', '1', '1', 'http://localhost:8080/node/36', 'http://localhost:8080/', 'DIRECT', '127.0.0.1', '857a157d63ed4d4faddd9f61c45e34c8', 'Mozilla/5.0 (Windows NT 6.1; WOW64) AppleWebKit/537.36 (KHTML, like Gecko) Chrome/64.0.3282.140 Safari/537.36', 'CHROME', 'WINDOWS_7', 'COMPUTER', 'LAN', 'LAN', '20180727184117', '2018-07-27 10:41:18'), ('4707', '1', '1', 'http://localhost:8080/node/69', 'http://localhost:8080/node/36', 'DIRECT', '127.0.0.1', '857a157d63ed4d4faddd9f61c45e34c8', 'Mozilla/5.0 (Windows NT 6.1; WOW64) AppleWebKit/537.36 (KHTML, like Gecko) Chrome/64.0.3282.140 Safari/537.36', 'CHROME', 'WINDOWS_7', 'COMPUTER', 'LAN', 'LAN', '20180727184120', '2018-07-27 10:41:21'), ('4708', '1', '1', 'http://localhost:8080/node/36', 'http://localhost:8080/node/69', 'DIRECT', '127.0.0.1', '857a157d63ed4d4faddd9f61c45e34c8', 'Mozilla/5.0 (Windows NT 6.1; WOW64) AppleWebKit/537.36 (KHTML, like Gecko) Chrome/64.0.3282.140 Safari/537.36', 'CHROME', 'WINDOWS_7', 'COMPUTER', 'LAN', 'LAN', '20180727184409', '2018-07-27 10:44:09'), ('4709', '1', '1', 'http://localhost:8080/search?q=%E6%96%B0%E5%8F%91%E7%8E%B0', 'http://localhost:8080/node/36', 'DIRECT', '127.0.0.1', '857a157d63ed4d4faddd9f61c45e34c8', 'Mozilla/5.0 (Windows NT 6.1; WOW64) AppleWebKit/537.36 (KHTML, like Gecko) Chrome/64.0.3282.140 Safari/537.36', 'CHROME', 'WINDOWS_7', 'COMPUTER', 'LAN', 'LAN', '20180727184415', '2018-07-27 10:44:15');
INSERT INTO `cms_visit_log` VALUES ('4710', '1', '1', 'http://localhost:8080/', 'http://localhost:8080/node/36', 'DIRECT', '127.0.0.1', '857a157d63ed4d4faddd9f61c45e34c8', 'Mozilla/5.0 (Windows NT 6.1; WOW64) AppleWebKit/537.36 (KHTML, like Gecko) Chrome/64.0.3282.140 Safari/537.36', 'CHROME', 'WINDOWS_7', 'COMPUTER', 'LAN', 'LAN', '20180727184433', '2018-07-27 10:44:33'), ('4711', '1', null, 'http://localhost:8080/', 'http://localhost:8080/', 'DIRECT', '127.0.0.1', '857a157d63ed4d4faddd9f61c45e34c8', 'Mozilla/5.0 (Windows NT 6.1; WOW64) AppleWebKit/537.36 (KHTML, like Gecko) Chrome/64.0.3282.140 Safari/537.36', 'CHROME', 'WINDOWS_7', 'COMPUTER', 'LAN', 'LAN', '20180727184838', '2018-07-27 10:48:38'), ('4712', '1', null, 'http://localhost:8080/', 'http://localhost:8080/', 'DIRECT', '127.0.0.1', '857a157d63ed4d4faddd9f61c45e34c8', 'Mozilla/5.0 (Windows NT 6.1; WOW64) AppleWebKit/537.36 (KHTML, like Gecko) Chrome/64.0.3282.140 Safari/537.36', 'CHROME', 'WINDOWS_7', 'COMPUTER', 'LAN', 'LAN', '20180727184844', '2018-07-27 10:48:44'), ('4713', '1', null, 'http://localhost:8080/', 'http://localhost:8080/', 'DIRECT', '127.0.0.1', '857a157d63ed4d4faddd9f61c45e34c8', 'Mozilla/5.0 (Windows NT 6.1; WOW64) AppleWebKit/537.36 (KHTML, like Gecko) Chrome/64.0.3282.140 Safari/537.36', 'CHROME', 'WINDOWS_7', 'COMPUTER', 'LAN', 'LAN', '20180727194711', '2018-07-27 11:47:12'), ('4714', '1', '1', 'http://localhost:8080/', 'http://localhost:8080/', 'DIRECT', '127.0.0.1', '857a157d63ed4d4faddd9f61c45e34c8', 'Mozilla/5.0 (Windows NT 6.1; WOW64) AppleWebKit/537.36 (KHTML, like Gecko) Chrome/64.0.3282.140 Safari/537.36', 'CHROME', 'WINDOWS_7', 'COMPUTER', 'LAN', 'LAN', '20180727194731', '2018-07-27 11:47:32'), ('4715', '1', '1', 'http://localhost:8080/node/92', 'http://localhost:8080/', 'DIRECT', '127.0.0.1', '857a157d63ed4d4faddd9f61c45e34c8', 'Mozilla/5.0 (Windows NT 6.1; WOW64) AppleWebKit/537.36 (KHTML, like Gecko) Chrome/64.0.3282.140 Safari/537.36', 'CHROME', 'WINDOWS_7', 'COMPUTER', 'LAN', 'LAN', '20180727194732', '2018-07-27 11:47:33'), ('4716', '1', '1', 'http://localhost:8080/node/69', 'http://localhost:8080/node/92', 'DIRECT', '127.0.0.1', '857a157d63ed4d4faddd9f61c45e34c8', 'Mozilla/5.0 (Windows NT 6.1; WOW64) AppleWebKit/537.36 (KHTML, like Gecko) Chrome/64.0.3282.140 Safari/537.36', 'CHROME', 'WINDOWS_7', 'COMPUTER', 'LAN', 'LAN', '20180727194736', '2018-07-27 11:47:36'), ('4717', '1', '1', 'http://localhost:8080/info/146', 'http://localhost:8080/node/69', 'DIRECT', '127.0.0.1', '857a157d63ed4d4faddd9f61c45e34c8', 'Mozilla/5.0 (Windows NT 6.1; WOW64) AppleWebKit/537.36 (KHTML, like Gecko) Chrome/64.0.3282.140 Safari/537.36', 'CHROME', 'WINDOWS_7', 'COMPUTER', 'LAN', 'LAN', '20180727194750', '2018-07-27 11:47:50'), ('4718', '1', '1', 'http://localhost:8080/resume?post=%E8%BD%AF%E4%BB%B6%E6%B5%8B%E8%AF%95%E5%B7%A5%E7%A8%8B%E5%B8%88', 'http://localhost:8080/info/146', 'DIRECT', '127.0.0.1', '857a157d63ed4d4faddd9f61c45e34c8', 'Mozilla/5.0 (Windows NT 6.1; WOW64) AppleWebKit/537.36 (KHTML, like Gecko) Chrome/64.0.3282.140 Safari/537.36', 'CHROME', 'WINDOWS_7', 'COMPUTER', 'LAN', 'LAN', '20180727194754', '2018-07-27 11:47:55'), ('4719', '1', '1', 'http://localhost:8080/node/92', 'http://localhost:8080/node/69', 'DIRECT', '127.0.0.1', '857a157d63ed4d4faddd9f61c45e34c8', 'Mozilla/5.0 (Windows NT 6.1; WOW64) AppleWebKit/537.36 (KHTML, like Gecko) Chrome/64.0.3282.140 Safari/537.36', 'CHROME', 'WINDOWS_7', 'COMPUTER', 'LAN', 'LAN', '20180727195449', '2018-07-27 11:54:50'), ('4720', '1', '1', 'http://localhost:8080/', 'http://localhost:8080/node/92', 'DIRECT', '127.0.0.1', '857a157d63ed4d4faddd9f61c45e34c8', 'Mozilla/5.0 (Windows NT 6.1; WOW64) AppleWebKit/537.36 (KHTML, like Gecko) Chrome/64.0.3282.140 Safari/537.36', 'CHROME', 'WINDOWS_7', 'COMPUTER', 'LAN', 'LAN', '20180727201649', '2018-07-27 12:16:50'), ('4721', '1', '1', 'http://localhost:8080/node/49', 'http://localhost:8080/', 'DIRECT', '127.0.0.1', '857a157d63ed4d4faddd9f61c45e34c8', 'Mozilla/5.0 (Windows NT 6.1; WOW64) AppleWebKit/537.36 (KHTML, like Gecko) Chrome/64.0.3282.140 Safari/537.36', 'CHROME', 'WINDOWS_7', 'COMPUTER', 'LAN', 'LAN', '20180727201701', '2018-07-27 12:17:02'), ('4722', '1', '1', 'http://localhost:8080/node/49', 'http://localhost:8080/', 'DIRECT', '127.0.0.1', '857a157d63ed4d4faddd9f61c45e34c8', 'Mozilla/5.0 (Windows NT 6.1; WOW64) AppleWebKit/537.36 (KHTML, like Gecko) Chrome/64.0.3282.140 Safari/537.36', 'CHROME', 'WINDOWS_7', 'COMPUTER', 'LAN', 'LAN', '20180727202100', '2018-07-27 12:21:01'), ('4723', '1', '1', 'http://localhost:8080/', 'http://localhost:8080/node/49', 'DIRECT', '127.0.0.1', '857a157d63ed4d4faddd9f61c45e34c8', 'Mozilla/5.0 (Windows NT 6.1; WOW64) AppleWebKit/537.36 (KHTML, like Gecko) Chrome/64.0.3282.140 Safari/537.36', 'CHROME', 'WINDOWS_7', 'COMPUTER', 'LAN', 'LAN', '20180727202107', '2018-07-27 12:21:07'), ('4724', '1', '1', 'http://localhost:8080/node/52', 'http://localhost:8080/', 'DIRECT', '127.0.0.1', '857a157d63ed4d4faddd9f61c45e34c8', 'Mozilla/5.0 (Windows NT 6.1; WOW64) AppleWebKit/537.36 (KHTML, like Gecko) Chrome/64.0.3282.140 Safari/537.36', 'CHROME', 'WINDOWS_7', 'COMPUTER', 'LAN', 'LAN', '20180727202112', '2018-07-27 12:21:12'), ('4725', '1', '1', 'http://localhost:8080/info/130', 'http://localhost:8080/node/52', 'DIRECT', '127.0.0.1', '857a157d63ed4d4faddd9f61c45e34c8', 'Mozilla/5.0 (Windows NT 6.1; WOW64) AppleWebKit/537.36 (KHTML, like Gecko) Chrome/64.0.3282.140 Safari/537.36', 'CHROME', 'WINDOWS_7', 'COMPUTER', 'LAN', 'LAN', '20180727202136', '2018-07-27 12:21:37'), ('4726', '1', '1', 'http://localhost:8080/node/83', 'http://localhost:8080/info/130', 'DIRECT', '127.0.0.1', '857a157d63ed4d4faddd9f61c45e34c8', 'Mozilla/5.0 (Windows NT 6.1; WOW64) AppleWebKit/537.36 (KHTML, like Gecko) Chrome/64.0.3282.140 Safari/537.36', 'CHROME', 'WINDOWS_7', 'COMPUTER', 'LAN', 'LAN', '20180727202147', '2018-07-27 12:21:48'), ('4727', '1', '1', 'http://localhost:8080/node/69', 'http://localhost:8080/node/83', 'DIRECT', '127.0.0.1', '857a157d63ed4d4faddd9f61c45e34c8', 'Mozilla/5.0 (Windows NT 6.1; WOW64) AppleWebKit/537.36 (KHTML, like Gecko) Chrome/64.0.3282.140 Safari/537.36', 'CHROME', 'WINDOWS_7', 'COMPUTER', 'LAN', 'LAN', '20180727202222', '2018-07-27 12:22:23'), ('4728', '1', '1', 'http://localhost:8080/', 'http://localhost:8080/my/contribution/create', 'DIRECT', '127.0.0.1', '857a157d63ed4d4faddd9f61c45e34c8', 'Mozilla/5.0 (Windows NT 6.1; WOW64) AppleWebKit/537.36 (KHTML, like Gecko) Chrome/64.0.3282.140 Safari/537.36', 'CHROME', 'WINDOWS_7', 'COMPUTER', 'LAN', 'LAN', '20180727202343', '2018-07-27 12:23:44'), ('4729', '1', '1', 'http://localhost:8080/', 'http://localhost:8080/my/contribution/create', 'DIRECT', '127.0.0.1', '857a157d63ed4d4faddd9f61c45e34c8', 'Mozilla/5.0 (Windows NT 6.1; WOW64) AppleWebKit/537.36 (KHTML, like Gecko) Chrome/64.0.3282.140 Safari/537.36', 'CHROME', 'WINDOWS_7', 'COMPUTER', 'LAN', 'LAN', '20180727202359', '2018-07-27 12:24:00'), ('4730', '1', '1', 'http://localhost:8080/', 'http://localhost:8080/my/contribution/create', 'DIRECT', '127.0.0.1', '857a157d63ed4d4faddd9f61c45e34c8', 'Mozilla/5.0 (Windows NT 6.1; WOW64) AppleWebKit/537.36 (KHTML, like Gecko) Chrome/64.0.3282.140 Safari/537.36', 'CHROME', 'WINDOWS_7', 'COMPUTER', 'LAN', 'LAN', '20180727202404', '2018-07-27 12:24:05'), ('4731', '1', '1', 'http://localhost:8080/tag', 'http://localhost:8080/', 'DIRECT', '127.0.0.1', '857a157d63ed4d4faddd9f61c45e34c8', 'Mozilla/5.0 (Windows NT 6.1; WOW64) AppleWebKit/537.36 (KHTML, like Gecko) Chrome/64.0.3282.140 Safari/537.36', 'CHROME', 'WINDOWS_7', 'COMPUTER', 'LAN', 'LAN', '20180727202416', '2018-07-27 12:24:17'), ('4732', '1', '1', 'http://localhost:8080/sitemap', 'http://localhost:8080/', 'DIRECT', '127.0.0.1', '857a157d63ed4d4faddd9f61c45e34c8', 'Mozilla/5.0 (Windows NT 6.1; WOW64) AppleWebKit/537.36 (KHTML, like Gecko) Chrome/64.0.3282.140 Safari/537.36', 'CHROME', 'WINDOWS_7', 'COMPUTER', 'LAN', 'LAN', '20180727202427', '2018-07-27 12:24:28'), ('4733', '1', '1', 'http://localhost:8080/', 'http://localhost:8080/my/contribution/create', 'DIRECT', '127.0.0.1', '857a157d63ed4d4faddd9f61c45e34c8', 'Mozilla/5.0 (Windows NT 6.1; WOW64) AppleWebKit/537.36 (KHTML, like Gecko) Chrome/64.0.3282.140 Safari/537.36', 'CHROME', 'WINDOWS_7', 'COMPUTER', 'LAN', 'LAN', '20180727203512', '2018-07-27 12:35:12'), ('4734', '1', null, 'http://localhost:8080/', 'http://localhost:8080/', 'DIRECT', '127.0.0.1', '857a157d63ed4d4faddd9f61c45e34c8', 'Mozilla/5.0 (Windows NT 6.1; WOW64) AppleWebKit/537.36 (KHTML, like Gecko) Chrome/64.0.3282.140 Safari/537.36', 'CHROME', 'WINDOWS_7', 'COMPUTER', 'LAN', 'LAN', '20180727203515', '2018-07-27 12:35:16'), ('4735', '1', '31', 'http://localhost:8080/', 'http://localhost:8080/login?fallbackUrl=%2F', 'DIRECT', '127.0.0.1', '857a157d63ed4d4faddd9f61c45e34c8', 'Mozilla/5.0 (Windows NT 6.1; WOW64) AppleWebKit/537.36 (KHTML, like Gecko) Chrome/64.0.3282.140 Safari/537.36', 'CHROME', 'WINDOWS_7', 'COMPUTER', 'LAN', 'LAN', '20180727203526', '2018-07-27 12:35:26'), ('4736', '1', '31', 'http://localhost:8080/node/49', 'http://localhost:8080/', 'DIRECT', '127.0.0.1', '857a157d63ed4d4faddd9f61c45e34c8', 'Mozilla/5.0 (Windows NT 6.1; WOW64) AppleWebKit/537.36 (KHTML, like Gecko) Chrome/64.0.3282.140 Safari/537.36', 'CHROME', 'WINDOWS_7', 'COMPUTER', 'LAN', 'LAN', '20180727203530', '2018-07-27 12:35:30'), ('4737', '1', '31', 'http://localhost:8080/info/149', 'http://localhost:8080/node/49', 'DIRECT', '127.0.0.1', '857a157d63ed4d4faddd9f61c45e34c8', 'Mozilla/5.0 (Windows NT 6.1; WOW64) AppleWebKit/537.36 (KHTML, like Gecko) Chrome/64.0.3282.140 Safari/537.36', 'CHROME', 'WINDOWS_7', 'COMPUTER', 'LAN', 'LAN', '20180727203534', '2018-07-27 12:35:35'), ('4738', '1', null, 'http://localhost:8080/', 'http://localhost:8080/node/49', 'DIRECT', '127.0.0.1', '857a157d63ed4d4faddd9f61c45e34c8', 'Mozilla/5.0 (Windows NT 6.1; WOW64) AppleWebKit/537.36 (KHTML, like Gecko) Chrome/64.0.3282.140 Safari/537.36', 'CHROME', 'WINDOWS_7', 'COMPUTER', 'LAN', 'LAN', '20180727203556', '2018-07-27 12:35:57'), ('4739', '1', '41', 'http://localhost:8080/', 'http://localhost:8080/login?fallbackUrl=%2F', 'DIRECT', '127.0.0.1', '857a157d63ed4d4faddd9f61c45e34c8', 'Mozilla/5.0 (Windows NT 6.1; WOW64) AppleWebKit/537.36 (KHTML, like Gecko) Chrome/64.0.3282.140 Safari/537.36', 'CHROME', 'WINDOWS_7', 'COMPUTER', 'LAN', 'LAN', '20180727203604', '2018-07-27 12:36:04'), ('4740', '1', '41', 'http://localhost:8080/node/49', 'http://localhost:8080/', 'DIRECT', '127.0.0.1', '857a157d63ed4d4faddd9f61c45e34c8', 'Mozilla/5.0 (Windows NT 6.1; WOW64) AppleWebKit/537.36 (KHTML, like Gecko) Chrome/64.0.3282.140 Safari/537.36', 'CHROME', 'WINDOWS_7', 'COMPUTER', 'LAN', 'LAN', '20180727203606', '2018-07-27 12:36:06'), ('4741', '1', null, 'http://localhost:8080/', 'http://localhost:8080/node/49', 'DIRECT', '127.0.0.1', '857a157d63ed4d4faddd9f61c45e34c8', 'Mozilla/5.0 (Windows NT 6.1; WOW64) AppleWebKit/537.36 (KHTML, like Gecko) Chrome/64.0.3282.140 Safari/537.36', 'CHROME', 'WINDOWS_7', 'COMPUTER', 'LAN', 'LAN', '20180727203642', '2018-07-27 12:36:43'), ('4742', '1', '1', 'http://localhost:8080/', 'http://localhost:8080/login?fallbackUrl=%2F', 'DIRECT', '127.0.0.1', '857a157d63ed4d4faddd9f61c45e34c8', 'Mozilla/5.0 (Windows NT 6.1; WOW64) AppleWebKit/537.36 (KHTML, like Gecko) Chrome/64.0.3282.140 Safari/537.36', 'CHROME', 'WINDOWS_7', 'COMPUTER', 'LAN', 'LAN', '20180727203657', '2018-07-27 12:36:57'), ('4743', '1', null, 'http://localhost:8080/', 'http://localhost:8080/', 'DIRECT', '127.0.0.1', '857a157d63ed4d4faddd9f61c45e34c8', 'Mozilla/5.0 (Windows NT 6.1; WOW64) AppleWebKit/537.36 (KHTML, like Gecko) Chrome/64.0.3282.140 Safari/537.36', 'CHROME', 'WINDOWS_7', 'COMPUTER', 'LAN', 'LAN', '20180727203925', '2018-07-27 12:39:25'), ('4744', '1', '31', 'http://localhost:8080/', 'http://localhost:8080/login?fallbackUrl=%2F', 'DIRECT', '127.0.0.1', '857a157d63ed4d4faddd9f61c45e34c8', 'Mozilla/5.0 (Windows NT 6.1; WOW64) AppleWebKit/537.36 (KHTML, like Gecko) Chrome/64.0.3282.140 Safari/537.36', 'CHROME', 'WINDOWS_7', 'COMPUTER', 'LAN', 'LAN', '20180727203934', '2018-07-27 12:39:35'), ('4745', '1', null, 'http://localhost:8080/', 'http://localhost:8080/my', 'DIRECT', '127.0.0.1', '857a157d63ed4d4faddd9f61c45e34c8', 'Mozilla/5.0 (Windows NT 6.1; WOW64) AppleWebKit/537.36 (KHTML, like Gecko) Chrome/64.0.3282.140 Safari/537.36', 'CHROME', 'WINDOWS_7', 'COMPUTER', 'LAN', 'LAN', '20180727204047', '2018-07-27 12:40:48'), ('4746', '1', '1', 'http://localhost:8080/', 'http://localhost:8080/login?fallbackUrl=%2F', 'DIRECT', '127.0.0.1', '857a157d63ed4d4faddd9f61c45e34c8', 'Mozilla/5.0 (Windows NT 6.1; WOW64) AppleWebKit/537.36 (KHTML, like Gecko) Chrome/64.0.3282.140 Safari/537.36', 'CHROME', 'WINDOWS_7', 'COMPUTER', 'LAN', 'LAN', '20180727204055', '2018-07-27 12:40:56'), ('4747', '1', null, 'http://localhost:8080/', 'http://localhost:8080/', 'DIRECT', '127.0.0.1', '857a157d63ed4d4faddd9f61c45e34c8', 'Mozilla/5.0 (Windows NT 6.1; WOW64) AppleWebKit/537.36 (KHTML, like Gecko) Chrome/64.0.3282.140 Safari/537.36', 'CHROME', 'WINDOWS_7', 'COMPUTER', 'LAN', 'LAN', '20180727204304', '2018-07-27 12:43:05'), ('4748', '1', '31', 'http://localhost:8080/', 'http://localhost:8080/login?fallbackUrl=%2F', 'DIRECT', '127.0.0.1', '857a157d63ed4d4faddd9f61c45e34c8', 'Mozilla/5.0 (Windows NT 6.1; WOW64) AppleWebKit/537.36 (KHTML, like Gecko) Chrome/64.0.3282.140 Safari/537.36', 'CHROME', 'WINDOWS_7', 'COMPUTER', 'LAN', 'LAN', '20180727204311', '2018-07-27 12:43:11'), ('4749', '1', '31', 'http://localhost:8080/', 'http://localhost:8080/login?fallbackUrl=%2F', 'DIRECT', '127.0.0.1', '857a157d63ed4d4faddd9f61c45e34c8', 'Mozilla/5.0 (Windows NT 6.1; WOW64) AppleWebKit/537.36 (KHTML, like Gecko) Chrome/64.0.3282.140 Safari/537.36', 'CHROME', 'WINDOWS_7', 'COMPUTER', 'LAN', 'LAN', '20180727211413', '2018-07-27 13:14:13'), ('4750', '1', '31', 'http://localhost:8080/node/49', 'http://localhost:8080/', 'DIRECT', '127.0.0.1', '857a157d63ed4d4faddd9f61c45e34c8', 'Mozilla/5.0 (Windows NT 6.1; WOW64) AppleWebKit/537.36 (KHTML, like Gecko) Chrome/64.0.3282.140 Safari/537.36', 'CHROME', 'WINDOWS_7', 'COMPUTER', 'LAN', 'LAN', '20180727211419', '2018-07-27 13:14:20'), ('4751', '1', '31', 'http://localhost:8080/info/136', 'http://localhost:8080/node/49', 'DIRECT', '127.0.0.1', '857a157d63ed4d4faddd9f61c45e34c8', 'Mozilla/5.0 (Windows NT 6.1; WOW64) AppleWebKit/537.36 (KHTML, like Gecko) Chrome/64.0.3282.140 Safari/537.36', 'CHROME', 'WINDOWS_7', 'COMPUTER', 'LAN', 'LAN', '20180727211423', '2018-07-27 13:14:23'), ('4752', '1', '31', 'http://localhost:8080/info/221', 'http://localhost:8080/node/49', 'DIRECT', '127.0.0.1', '857a157d63ed4d4faddd9f61c45e34c8', 'Mozilla/5.0 (Windows NT 6.1; WOW64) AppleWebKit/537.36 (KHTML, like Gecko) Chrome/64.0.3282.140 Safari/537.36', 'CHROME', 'WINDOWS_7', 'COMPUTER', 'LAN', 'LAN', '20180727211427', '2018-07-27 13:14:28'), ('4753', '1', '31', 'http://localhost:8080/node/79', 'http://localhost:8080/node/49', 'DIRECT', '127.0.0.1', '857a157d63ed4d4faddd9f61c45e34c8', 'Mozilla/5.0 (Windows NT 6.1; WOW64) AppleWebKit/537.36 (KHTML, like Gecko) Chrome/64.0.3282.140 Safari/537.36', 'CHROME', 'WINDOWS_7', 'COMPUTER', 'LAN', 'LAN', '20180727211444', '2018-07-27 13:14:45'), ('4754', '1', null, 'http://localhost:8080/', 'http://localhost:8080/my', 'DIRECT', '127.0.0.1', '857a157d63ed4d4faddd9f61c45e34c8', 'Mozilla/5.0 (Windows NT 6.1; WOW64) AppleWebKit/537.36 (KHTML, like Gecko) Chrome/64.0.3282.140 Safari/537.36', 'CHROME', 'WINDOWS_7', 'COMPUTER', 'LAN', 'LAN', '20180727211651', '2018-07-27 13:16:51'), ('4755', '1', '1', 'http://localhost:8080/', 'http://localhost:8080/login?fallbackUrl=%2F', 'DIRECT', '127.0.0.1', '857a157d63ed4d4faddd9f61c45e34c8', 'Mozilla/5.0 (Windows NT 6.1; WOW64) AppleWebKit/537.36 (KHTML, like Gecko) Chrome/64.0.3282.140 Safari/537.36', 'CHROME', 'WINDOWS_7', 'COMPUTER', 'LAN', 'LAN', '20180727211659', '2018-07-27 13:17:00'), ('4756', '1', '1', 'http://localhost:8080/', 'http://localhost:8080/login?fallbackUrl=%2F', 'DIRECT', '127.0.0.1', '857a157d63ed4d4faddd9f61c45e34c8', 'Mozilla/5.0 (Windows NT 6.1; WOW64) AppleWebKit/537.36 (KHTML, like Gecko) Chrome/64.0.3282.140 Safari/537.36', 'CHROME', 'WINDOWS_7', 'COMPUTER', 'LAN', 'LAN', '20180727214227', '2018-07-27 13:42:28'), ('4757', '1', '1', 'http://localhost:8080/', 'http://localhost:8080/login?fallbackUrl=%2F', 'DIRECT', '127.0.0.1', '857a157d63ed4d4faddd9f61c45e34c8', 'Mozilla/5.0 (Windows NT 6.1; WOW64) AppleWebKit/537.36 (KHTML, like Gecko) Chrome/64.0.3282.140 Safari/537.36', 'CHROME', 'WINDOWS_7', 'COMPUTER', 'LAN', 'LAN', '20180727214832', '2018-07-27 13:48:33'), ('4758', '1', '1', 'http://localhost:8080/', 'http://localhost:8080/login?fallbackUrl=%2F', 'DIRECT', '127.0.0.1', '857a157d63ed4d4faddd9f61c45e34c8', 'Mozilla/5.0 (Windows NT 6.1; WOW64) AppleWebKit/537.36 (KHTML, like Gecko) Chrome/64.0.3282.140 Safari/537.36', 'CHROME', 'WINDOWS_7', 'COMPUTER', 'LAN', 'LAN', '20180727215128', '2018-07-27 13:51:28'), ('4759', '1', null, 'http://localhost:8080/', 'http://localhost:8080/', 'DIRECT', '127.0.0.1', '857a157d63ed4d4faddd9f61c45e34c8', 'Mozilla/5.0 (Windows NT 6.1; WOW64) AppleWebKit/537.36 (KHTML, like Gecko) Chrome/64.0.3282.140 Safari/537.36', 'CHROME', 'WINDOWS_7', 'COMPUTER', 'LAN', 'LAN', '20180727215349', '2018-07-27 13:53:50'), ('4760', '1', null, 'http://localhost:8080/', 'http://localhost:8080/', 'DIRECT', '127.0.0.1', '857a157d63ed4d4faddd9f61c45e34c8', 'Mozilla/5.0 (Windows NT 6.1; WOW64) AppleWebKit/537.36 (KHTML, like Gecko) Chrome/64.0.3282.140 Safari/537.36', 'CHROME', 'WINDOWS_7', 'COMPUTER', 'LAN', 'LAN', '20180727215353', '2018-07-27 13:53:53'), ('4761', '1', null, 'http://localhost:8080/', 'http://localhost:8080/', 'DIRECT', '127.0.0.1', '857a157d63ed4d4faddd9f61c45e34c8', 'Mozilla/5.0 (Windows NT 6.1; WOW64) AppleWebKit/537.36 (KHTML, like Gecko) Chrome/64.0.3282.140 Safari/537.36', 'CHROME', 'WINDOWS_7', 'COMPUTER', 'LAN', 'LAN', '20180727215458', '2018-07-27 13:54:59'), ('4762', '1', null, 'http://localhost:8080/', 'http://localhost:8080/', 'DIRECT', '127.0.0.1', '857a157d63ed4d4faddd9f61c45e34c8', 'Mozilla/5.0 (Windows NT 6.1; WOW64) AppleWebKit/537.36 (KHTML, like Gecko) Chrome/64.0.3282.140 Safari/537.36', 'CHROME', 'WINDOWS_7', 'COMPUTER', 'LAN', 'LAN', '20180727222318', '2018-07-27 14:23:19'), ('4763', '1', null, 'http://localhost:8080/', 'http://localhost:8080/', 'DIRECT', '127.0.0.1', '857a157d63ed4d4faddd9f61c45e34c8', 'Mozilla/5.0 (Windows NT 6.1; WOW64) AppleWebKit/537.36 (KHTML, like Gecko) Chrome/64.0.3282.140 Safari/537.36', 'CHROME', 'WINDOWS_7', 'COMPUTER', 'LAN', 'LAN', '20180727222352', '2018-07-27 14:23:52'), ('4764', '1', '1', 'http://localhost:8080/', 'http://localhost:8080/', 'DIRECT', '127.0.0.1', '857a157d63ed4d4faddd9f61c45e34c8', 'Mozilla/5.0 (Windows NT 6.1; WOW64) AppleWebKit/537.36 (KHTML, like Gecko) Chrome/64.0.3282.140 Safari/537.36', 'CHROME', 'WINDOWS_7', 'COMPUTER', 'LAN', 'LAN', '20180727222419', '2018-07-27 14:24:19'), ('4765', '1', '1', 'http://localhost:8080/', 'http://localhost:8080/', 'DIRECT', '127.0.0.1', '857a157d63ed4d4faddd9f61c45e34c8', 'Mozilla/5.0 (Windows NT 6.1; WOW64) AppleWebKit/537.36 (KHTML, like Gecko) Chrome/64.0.3282.140 Safari/537.36', 'CHROME', 'WINDOWS_7', 'COMPUTER', 'LAN', 'LAN', '20180727222514', '2018-07-27 14:25:14'), ('4766', '1', null, 'http://localhost:8080/', 'http://localhost:8080/', 'DIRECT', '127.0.0.1', '857a157d63ed4d4faddd9f61c45e34c8', 'Mozilla/5.0 (Windows NT 6.1; WOW64) AppleWebKit/537.36 (KHTML, like Gecko) Chrome/64.0.3282.140 Safari/537.36', 'CHROME', 'WINDOWS_7', 'COMPUTER', 'LAN', 'LAN', '20180727222521', '2018-07-27 14:25:22'), ('4767', '1', null, 'http://localhost:8080/', 'http://localhost:8080/', 'DIRECT', '127.0.0.1', '857a157d63ed4d4faddd9f61c45e34c8', 'Mozilla/5.0 (Windows NT 6.1; WOW64) AppleWebKit/537.36 (KHTML, like Gecko) Chrome/64.0.3282.140 Safari/537.36', 'CHROME', 'WINDOWS_7', 'COMPUTER', 'LAN', 'LAN', '20180727222523', '2018-07-27 14:25:23'), ('4768', '1', null, 'http://localhost:8080/', 'http://localhost:8080/', 'DIRECT', '127.0.0.1', '857a157d63ed4d4faddd9f61c45e34c8', 'Mozilla/5.0 (Windows NT 6.1; WOW64) AppleWebKit/537.36 (KHTML, like Gecko) Chrome/64.0.3282.140 Safari/537.36', 'CHROME', 'WINDOWS_7', 'COMPUTER', 'LAN', 'LAN', '20180727222543', '2018-07-27 14:25:43'), ('4769', '1', '1', 'http://localhost:8080/', 'http://localhost:8080/', 'DIRECT', '127.0.0.1', '857a157d63ed4d4faddd9f61c45e34c8', 'Mozilla/5.0 (Windows NT 6.1; WOW64) AppleWebKit/537.36 (KHTML, like Gecko) Chrome/64.0.3282.140 Safari/537.36', 'CHROME', 'WINDOWS_7', 'COMPUTER', 'LAN', 'LAN', '20180727222604', '2018-07-27 14:26:05'), ('4770', '1', null, 'http://localhost:8080/', 'http://localhost:8080/', 'DIRECT', '127.0.0.1', '857a157d63ed4d4faddd9f61c45e34c8', 'Mozilla/5.0 (Windows NT 6.1; WOW64) AppleWebKit/537.36 (KHTML, like Gecko) Chrome/64.0.3282.140 Safari/537.36', 'CHROME', 'WINDOWS_7', 'COMPUTER', 'LAN', 'LAN', '20180727222607', '2018-07-27 14:26:07'), ('4771', '1', null, 'http://localhost:8080/', 'http://localhost:8080/', 'DIRECT', '127.0.0.1', '857a157d63ed4d4faddd9f61c45e34c8', 'Mozilla/5.0 (Windows NT 6.1; WOW64) AppleWebKit/537.36 (KHTML, like Gecko) Chrome/64.0.3282.140 Safari/537.36', 'CHROME', 'WINDOWS_7', 'COMPUTER', 'LAN', 'LAN', '20180727222927', '2018-07-27 14:29:28'), ('4772', '1', null, 'http://localhost:8080/', '', 'DIRECT', '127.0.0.1', '857a157d63ed4d4faddd9f61c45e34c8', 'Mozilla/5.0 (Windows NT 6.1; WOW64) AppleWebKit/537.36 (KHTML, like Gecko) Chrome/64.0.3282.140 Safari/537.36', 'CHROME', 'WINDOWS_7', 'COMPUTER', 'LAN', 'LAN', '20180727224020', '2018-07-27 14:40:20'), ('4773', '1', null, 'http://localhost:8080/', '', 'DIRECT', '127.0.0.1', '857a157d63ed4d4faddd9f61c45e34c8', 'Mozilla/5.0 (Windows NT 6.1; WOW64) AppleWebKit/537.36 (KHTML, like Gecko) Chrome/64.0.3282.140 Safari/537.36', 'CHROME', 'WINDOWS_7', 'COMPUTER', 'LAN', 'LAN', '20180727224021', '2018-07-27 14:40:22'), ('4774', '1', null, 'http://localhost:8080/', '', 'DIRECT', '127.0.0.1', '857a157d63ed4d4faddd9f61c45e34c8', 'Mozilla/5.0 (Windows NT 6.1; WOW64) AppleWebKit/537.36 (KHTML, like Gecko) Chrome/64.0.3282.140 Safari/537.36', 'CHROME', 'WINDOWS_7', 'COMPUTER', 'LAN', 'LAN', '20180727224054', '2018-07-27 14:40:55'), ('4775', '1', null, 'http://localhost:8080/', '', 'DIRECT', '127.0.0.1', '857a157d63ed4d4faddd9f61c45e34c8', 'Mozilla/5.0 (Windows NT 6.1; WOW64) AppleWebKit/537.36 (KHTML, like Gecko) Chrome/64.0.3282.140 Safari/537.36', 'CHROME', 'WINDOWS_7', 'COMPUTER', 'LAN', 'LAN', '20180727224132', '2018-07-27 14:41:33'), ('4776', '1', null, 'http://localhost:8080/', '', 'DIRECT', '127.0.0.1', '857a157d63ed4d4faddd9f61c45e34c8', 'Mozilla/5.0 (Windows NT 6.1; WOW64) AppleWebKit/537.36 (KHTML, like Gecko) Chrome/64.0.3282.140 Safari/537.36', 'CHROME', 'WINDOWS_7', 'COMPUTER', 'LAN', 'LAN', '20180727224146', '2018-07-27 14:41:47'), ('4777', '1', null, 'http://localhost:8080/', '', 'DIRECT', '127.0.0.1', '857a157d63ed4d4faddd9f61c45e34c8', 'Mozilla/5.0 (Windows NT 6.1; WOW64) AppleWebKit/537.36 (KHTML, like Gecko) Chrome/64.0.3282.140 Safari/537.36', 'CHROME', 'WINDOWS_7', 'COMPUTER', 'LAN', 'LAN', '20180727224219', '2018-07-27 14:42:20'), ('4778', '1', '1', 'http://localhost:8080/', 'http://localhost:8080/login?fallbackUrl=%2F', 'DIRECT', '127.0.0.1', '857a157d63ed4d4faddd9f61c45e34c8', 'Mozilla/5.0 (Windows NT 6.1; WOW64) AppleWebKit/537.36 (KHTML, like Gecko) Chrome/64.0.3282.140 Safari/537.36', 'CHROME', 'WINDOWS_7', 'COMPUTER', 'LAN', 'LAN', '20180727225042', '2018-07-27 14:50:42'), ('4779', '1', '1', 'http://localhost:8080/', 'http://localhost:8080/login?fallbackUrl=%2F', 'DIRECT', '127.0.0.1', '857a157d63ed4d4faddd9f61c45e34c8', 'Mozilla/5.0 (Windows NT 6.1; WOW64) AppleWebKit/537.36 (KHTML, like Gecko) Chrome/64.0.3282.140 Safari/537.36', 'CHROME', 'WINDOWS_7', 'COMPUTER', 'LAN', 'LAN', '20180727225100', '2018-07-27 14:51:01'), ('4780', '1', '1', 'http://localhost:8080/', 'http://localhost:8080/login?fallbackUrl=%2F', 'DIRECT', '127.0.0.1', '857a157d63ed4d4faddd9f61c45e34c8', 'Mozilla/5.0 (Windows NT 6.1; WOW64) AppleWebKit/537.36 (KHTML, like Gecko) Chrome/64.0.3282.140 Safari/537.36', 'CHROME', 'WINDOWS_7', 'COMPUTER', 'LAN', 'LAN', '20180727225123', '2018-07-27 14:51:24'), ('4781', '1', '1', 'http://localhost:8080/', 'http://localhost:8080/login?fallbackUrl=%2F', 'DIRECT', '127.0.0.1', '857a157d63ed4d4faddd9f61c45e34c8', 'Mozilla/5.0 (Windows NT 6.1; WOW64) AppleWebKit/537.36 (KHTML, like Gecko) Chrome/64.0.3282.140 Safari/537.36', 'CHROME', 'WINDOWS_7', 'COMPUTER', 'LAN', 'LAN', '20180727225159', '2018-07-27 14:52:00'), ('4782', '1', null, 'http://localhost:8080/', 'http://localhost:8080/', 'DIRECT', '127.0.0.1', '857a157d63ed4d4faddd9f61c45e34c8', 'Mozilla/5.0 (Windows NT 6.1; WOW64) AppleWebKit/537.36 (KHTML, like Gecko) Chrome/64.0.3282.140 Safari/537.36', 'CHROME', 'WINDOWS_7', 'COMPUTER', 'LAN', 'LAN', '20180727225202', '2018-07-27 14:52:02'), ('4783', '1', null, 'http://localhost:8080/', 'http://localhost:8080/', 'DIRECT', '127.0.0.1', '857a157d63ed4d4faddd9f61c45e34c8', 'Mozilla/5.0 (Windows NT 6.1; WOW64) AppleWebKit/537.36 (KHTML, like Gecko) Chrome/64.0.3282.140 Safari/537.36', 'CHROME', 'WINDOWS_7', 'COMPUTER', 'LAN', 'LAN', '20180727225203', '2018-07-27 14:52:04'), ('4784', '1', null, 'http://localhost:8080/', 'http://localhost:8080/', 'DIRECT', '127.0.0.1', '857a157d63ed4d4faddd9f61c45e34c8', 'Mozilla/5.0 (Windows NT 6.1; WOW64) AppleWebKit/537.36 (KHTML, like Gecko) Chrome/64.0.3282.140 Safari/537.36', 'CHROME', 'WINDOWS_7', 'COMPUTER', 'LAN', 'LAN', '20180727225312', '2018-07-27 14:53:13'), ('4785', '1', null, 'http://localhost:8080/', 'http://localhost:8080/', 'DIRECT', '127.0.0.1', '857a157d63ed4d4faddd9f61c45e34c8', 'Mozilla/5.0 (Windows NT 6.1; WOW64) AppleWebKit/537.36 (KHTML, like Gecko) Chrome/64.0.3282.140 Safari/537.36', 'CHROME', 'WINDOWS_7', 'COMPUTER', 'LAN', 'LAN', '20180727225355', '2018-07-27 14:53:55'), ('4786', '1', null, 'http://localhost:8080/', 'http://localhost:8080/', 'DIRECT', '127.0.0.1', '857a157d63ed4d4faddd9f61c45e34c8', 'Mozilla/5.0 (Windows NT 6.1; WOW64) AppleWebKit/537.36 (KHTML, like Gecko) Chrome/64.0.3282.140 Safari/537.36', 'CHROME', 'WINDOWS_7', 'COMPUTER', 'LAN', 'LAN', '20180727230853', '2018-07-27 15:08:54'), ('4787', '1', null, 'http://localhost:8080/#', 'http://localhost:8080/', 'DIRECT', '127.0.0.1', '857a157d63ed4d4faddd9f61c45e34c8', 'Mozilla/5.0 (Windows NT 6.1; WOW64) AppleWebKit/537.36 (KHTML, like Gecko) Chrome/64.0.3282.140 Safari/537.36', 'CHROME', 'WINDOWS_7', 'COMPUTER', 'LAN', 'LAN', '20180727231206', '2018-07-27 15:12:06'), ('4788', '1', null, 'http://localhost:8080/#', 'http://localhost:8080/', 'DIRECT', '127.0.0.1', '857a157d63ed4d4faddd9f61c45e34c8', 'Mozilla/5.0 (Windows NT 6.1; WOW64) AppleWebKit/537.36 (KHTML, like Gecko) Chrome/64.0.3282.140 Safari/537.36', 'CHROME', 'WINDOWS_7', 'COMPUTER', 'LAN', 'LAN', '20180727231236', '2018-07-27 15:12:36'), ('4789', '1', null, 'http://localhost:8080/#', 'http://localhost:8080/', 'DIRECT', '127.0.0.1', '857a157d63ed4d4faddd9f61c45e34c8', 'Mozilla/5.0 (Windows NT 6.1; WOW64) AppleWebKit/537.36 (KHTML, like Gecko) Chrome/64.0.3282.140 Safari/537.36', 'CHROME', 'WINDOWS_7', 'COMPUTER', 'LAN', 'LAN', '20180727231510', '2018-07-27 15:15:10'), ('4790', '1', null, 'http://localhost:8080/#', 'http://localhost:8080/', 'DIRECT', '127.0.0.1', '857a157d63ed4d4faddd9f61c45e34c8', 'Mozilla/5.0 (Windows NT 6.1; WOW64) AppleWebKit/537.36 (KHTML, like Gecko) Chrome/64.0.3282.140 Safari/537.36', 'CHROME', 'WINDOWS_7', 'COMPUTER', 'LAN', 'LAN', '20180727232330', '2018-07-27 15:23:30'), ('4826', '1', null, 'http://localhost:8080/', '', 'DIRECT', '127.0.0.1', '857a157d63ed4d4faddd9f61c45e34c8', 'Mozilla/5.0 (Windows NT 6.1; WOW64) AppleWebKit/537.36 (KHTML, like Gecko) Chrome/64.0.3282.140 Safari/537.36', 'CHROME', 'WINDOWS_7', 'COMPUTER', 'LAN', 'LAN', '20180727233021', '2018-07-27 15:30:22'), ('4827', '1', '1', 'http://localhost:8080/#', 'http://localhost:8080/', 'DIRECT', '127.0.0.1', '857a157d63ed4d4faddd9f61c45e34c8', 'Mozilla/5.0 (Windows NT 6.1; WOW64) AppleWebKit/537.36 (KHTML, like Gecko) Chrome/64.0.3282.140 Safari/537.36', 'CHROME', 'WINDOWS_7', 'COMPUTER', 'LAN', 'LAN', '20180727233450', '2018-07-27 15:34:51'), ('4828', '1', '1', 'http://localhost:8080/node/52', 'http://localhost:8080/', 'DIRECT', '127.0.0.1', '857a157d63ed4d4faddd9f61c45e34c8', 'Mozilla/5.0 (Windows NT 6.1; WOW64) AppleWebKit/537.36 (KHTML, like Gecko) Chrome/64.0.3282.140 Safari/537.36', 'CHROME', 'WINDOWS_7', 'COMPUTER', 'LAN', 'LAN', '20180727233519', '2018-07-27 15:35:19'), ('4829', '1', '1', 'http://localhost:8080/node/36', 'http://localhost:8080/node/52', 'DIRECT', '127.0.0.1', '857a157d63ed4d4faddd9f61c45e34c8', 'Mozilla/5.0 (Windows NT 6.1; WOW64) AppleWebKit/537.36 (KHTML, like Gecko) Chrome/64.0.3282.140 Safari/537.36', 'CHROME', 'WINDOWS_7', 'COMPUTER', 'LAN', 'LAN', '20180727233526', '2018-07-27 15:35:27'), ('4830', '1', '1', 'http://localhost:8080/node/36', 'http://localhost:8080/node/52', 'DIRECT', '127.0.0.1', '857a157d63ed4d4faddd9f61c45e34c8', 'Mozilla/5.0 (Windows NT 6.1; WOW64) AppleWebKit/537.36 (KHTML, like Gecko) Chrome/64.0.3282.140 Safari/537.36', 'CHROME', 'WINDOWS_7', 'COMPUTER', 'LAN', 'LAN', '20180727234012', '2018-07-27 15:40:12'), ('4831', '1', '1', 'http://localhost:8080/node/36', 'http://localhost:8080/node/52', 'DIRECT', '127.0.0.1', '857a157d63ed4d4faddd9f61c45e34c8', 'Mozilla/5.0 (Windows NT 6.1; WOW64) AppleWebKit/537.36 (KHTML, like Gecko) Chrome/64.0.3282.140 Safari/537.36', 'CHROME', 'WINDOWS_7', 'COMPUTER', 'LAN', 'LAN', '20180727234328', '2018-07-27 15:43:28'), ('4832', '1', '1', 'http://localhost:8080/node/36', 'http://localhost:8080/node/52', 'DIRECT', '127.0.0.1', '857a157d63ed4d4faddd9f61c45e34c8', 'Mozilla/5.0 (Windows NT 6.1; WOW64) AppleWebKit/537.36 (KHTML, like Gecko) Chrome/64.0.3282.140 Safari/537.36', 'CHROME', 'WINDOWS_7', 'COMPUTER', 'LAN', 'LAN', '20180727234349', '2018-07-27 15:43:50'), ('4876', '1', null, 'http://localhost:8080/', '', 'DIRECT', '127.0.0.1', '857a157d63ed4d4faddd9f61c45e34c8', 'Mozilla/5.0 (Windows NT 6.1; WOW64) AppleWebKit/537.36 (KHTML, like Gecko) Chrome/64.0.3282.140 Safari/537.36', 'CHROME', 'WINDOWS_7', 'COMPUTER', 'LAN', 'LAN', '20180728070503', '2018-07-27 23:05:03'), ('4926', '1', null, 'http://localhost:8080/', '', 'DIRECT', '127.0.0.1', '857a157d63ed4d4faddd9f61c45e34c8', 'Mozilla/5.0 (Windows NT 6.1; WOW64) AppleWebKit/537.36 (KHTML, like Gecko) Chrome/64.0.3282.140 Safari/537.36', 'CHROME', 'WINDOWS_7', 'COMPUTER', 'LAN', 'LAN', '20180728071753', '2018-07-27 23:17:54'), ('4927', '1', null, 'http://gwac.top:8080/', '', 'DIRECT', '127.0.0.1', '75c87fb703254c6f817d37899da23526', 'Mozilla/5.0 (Windows NT 6.1; WOW64) AppleWebKit/537.36 (KHTML, like Gecko) Chrome/64.0.3282.140 Safari/537.36', 'CHROME', 'WINDOWS_7', 'COMPUTER', 'LAN', 'LAN', '20180728071914', '2018-07-27 23:19:14'), ('4928', '1', '1', 'http://gwac.top:8080/node/69', 'http://gwac.top:8080/', 'DIRECT', '127.0.0.1', '75c87fb703254c6f817d37899da23526', 'Mozilla/5.0 (Windows NT 6.1; WOW64) AppleWebKit/537.36 (KHTML, like Gecko) Chrome/64.0.3282.140 Safari/537.36', 'CHROME', 'WINDOWS_7', 'COMPUTER', 'LAN', 'LAN', '20180728072619', '2018-07-27 23:26:20'), ('4929', '1', '1', 'http://gwac.top:8080/node/36', 'http://gwac.top:8080/node/69', 'DIRECT', '127.0.0.1', '75c87fb703254c6f817d37899da23526', 'Mozilla/5.0 (Windows NT 6.1; WOW64) AppleWebKit/537.36 (KHTML, like Gecko) Chrome/64.0.3282.140 Safari/537.36', 'CHROME', 'WINDOWS_7', 'COMPUTER', 'LAN', 'LAN', '20180728072623', '2018-07-27 23:26:23'), ('4930', '1', '1', 'http://gwac.top:8080/node/36', 'http://gwac.top:8080/node/69', 'DIRECT', '127.0.0.1', '75c87fb703254c6f817d37899da23526', 'Mozilla/5.0 (Windows NT 6.1; WOW64) AppleWebKit/537.36 (KHTML, like Gecko) Chrome/64.0.3282.140 Safari/537.36', 'CHROME', 'WINDOWS_7', 'COMPUTER', 'LAN', 'LAN', '20180728072724', '2018-07-27 23:27:25'), ('4931', '1', '1', 'http://gwac.top:8080/node/36', 'http://gwac.top:8080/node/69', 'DIRECT', '127.0.0.1', '75c87fb703254c6f817d37899da23526', 'Mozilla/5.0 (Windows NT 6.1; WOW64) AppleWebKit/537.36 (KHTML, like Gecko) Chrome/64.0.3282.140 Safari/537.36', 'CHROME', 'WINDOWS_7', 'COMPUTER', 'LAN', 'LAN', '20180728072843', '2018-07-27 23:28:44'), ('4932', '1', '1', 'http://gwac.top:8080/special_category', 'http://gwac.top:8080/node/36', 'DIRECT', '127.0.0.1', '75c87fb703254c6f817d37899da23526', 'Mozilla/5.0 (Windows NT 6.1; WOW64) AppleWebKit/537.36 (KHTML, like Gecko) Chrome/64.0.3282.140 Safari/537.36', 'CHROME', 'WINDOWS_7', 'COMPUTER', 'LAN', 'LAN', '20180728072939', '2018-07-27 23:29:40'), ('4933', '1', '1', 'http://gwac.top:8080/special_category', 'http://gwac.top:8080/node/36', 'DIRECT', '127.0.0.1', '75c87fb703254c6f817d37899da23526', 'Mozilla/5.0 (Windows NT 6.1; WOW64) AppleWebKit/537.36 (KHTML, like Gecko) Chrome/64.0.3282.140 Safari/537.36', 'CHROME', 'WINDOWS_7', 'COMPUTER', 'LAN', 'LAN', '20180728073209', '2018-07-27 23:32:09'), ('4934', '1', '1', 'http://gwac.top:8080/special_category', 'http://gwac.top:8080/node/36', 'DIRECT', '127.0.0.1', '75c87fb703254c6f817d37899da23526', 'Mozilla/5.0 (Windows NT 6.1; WOW64) AppleWebKit/537.36 (KHTML, like Gecko) Chrome/64.0.3282.140 Safari/537.36', 'CHROME', 'WINDOWS_7', 'COMPUTER', 'LAN', 'LAN', '20180728073741', '2018-07-27 23:37:42'), ('4935', '1', '1', 'http://gwac.top:8080/special/8', 'http://gwac.top:8080/special_category', 'DIRECT', '127.0.0.1', '75c87fb703254c6f817d37899da23526', 'Mozilla/5.0 (Windows NT 6.1; WOW64) AppleWebKit/537.36 (KHTML, like Gecko) Chrome/64.0.3282.140 Safari/537.36', 'CHROME', 'WINDOWS_7', 'COMPUTER', 'LAN', 'LAN', '20180728073747', '2018-07-27 23:37:48'), ('4936', '1', '1', 'http://gwac.top:8080/special/12', 'http://gwac.top:8080/special_category', 'DIRECT', '127.0.0.1', '75c87fb703254c6f817d37899da23526', 'Mozilla/5.0 (Windows NT 6.1; WOW64) AppleWebKit/537.36 (KHTML, like Gecko) Chrome/64.0.3282.140 Safari/537.36', 'CHROME', 'WINDOWS_7', 'COMPUTER', 'LAN', 'LAN', '20180728073816', '2018-07-27 23:38:16');
INSERT INTO `cms_visit_log` VALUES ('4937', '1', '1', 'http://gwac.top:8080/special_category/1', 'http://gwac.top:8080/special/12', 'DIRECT', '127.0.0.1', '75c87fb703254c6f817d37899da23526', 'Mozilla/5.0 (Windows NT 6.1; WOW64) AppleWebKit/537.36 (KHTML, like Gecko) Chrome/64.0.3282.140 Safari/537.36', 'CHROME', 'WINDOWS_7', 'COMPUTER', 'LAN', 'LAN', '20180728073831', '2018-07-27 23:38:32'), ('4938', '1', '1', 'http://gwac.top:8080/special/12', 'http://gwac.top:8080/special_category/1', 'DIRECT', '127.0.0.1', '75c87fb703254c6f817d37899da23526', 'Mozilla/5.0 (Windows NT 6.1; WOW64) AppleWebKit/537.36 (KHTML, like Gecko) Chrome/64.0.3282.140 Safari/537.36', 'CHROME', 'WINDOWS_7', 'COMPUTER', 'LAN', 'LAN', '20180728073845', '2018-07-27 23:38:45'), ('4939', '1', '1', 'http://gwac.top:8080/special/10', 'http://gwac.top:8080/special_category/1', 'DIRECT', '127.0.0.1', '75c87fb703254c6f817d37899da23526', 'Mozilla/5.0 (Windows NT 6.1; WOW64) AppleWebKit/537.36 (KHTML, like Gecko) Chrome/64.0.3282.140 Safari/537.36', 'CHROME', 'WINDOWS_7', 'COMPUTER', 'LAN', 'LAN', '20180728073852', '2018-07-27 23:38:53'), ('4940', '1', '1', 'http://gwac.top:8080/special_category', 'http://gwac.top:8080/node/36', 'DIRECT', '127.0.0.1', '75c87fb703254c6f817d37899da23526', 'Mozilla/5.0 (Windows NT 6.1; WOW64) AppleWebKit/537.36 (KHTML, like Gecko) Chrome/64.0.3282.140 Safari/537.36', 'CHROME', 'WINDOWS_7', 'COMPUTER', 'LAN', 'LAN', '20180728074849', '2018-07-27 23:48:49'), ('4941', '1', '1', 'http://gwac.top:8080/special_category', 'http://gwac.top:8080/node/36', 'DIRECT', '127.0.0.1', '75c87fb703254c6f817d37899da23526', 'Mozilla/5.0 (Windows NT 6.1; WOW64) AppleWebKit/537.36 (KHTML, like Gecko) Chrome/64.0.3282.140 Safari/537.36', 'CHROME', 'WINDOWS_7', 'COMPUTER', 'LAN', 'LAN', '20180728074922', '2018-07-27 23:49:22'), ('4942', '1', '1', 'http://gwac.top:8080/special_category', 'http://gwac.top:8080/node/36', 'DIRECT', '127.0.0.1', '75c87fb703254c6f817d37899da23526', 'Mozilla/5.0 (Windows NT 6.1; WOW64) AppleWebKit/537.36 (KHTML, like Gecko) Chrome/64.0.3282.140 Safari/537.36', 'CHROME', 'WINDOWS_7', 'COMPUTER', 'LAN', 'LAN', '20180728074953', '2018-07-27 23:49:53'), ('4943', '1', '1', 'http://gwac.top:8080/', 'http://gwac.top:8080/special_category', 'DIRECT', '127.0.0.1', '75c87fb703254c6f817d37899da23526', 'Mozilla/5.0 (Windows NT 6.1; WOW64) AppleWebKit/537.36 (KHTML, like Gecko) Chrome/64.0.3282.140 Safari/537.36', 'CHROME', 'WINDOWS_7', 'COMPUTER', 'LAN', 'LAN', '20180728075013', '2018-07-27 23:50:13'), ('4944', '1', '1', 'http://gwac.top:8080/', 'http://gwac.top:8080/special_category', 'DIRECT', '127.0.0.1', '75c87fb703254c6f817d37899da23526', 'Mozilla/5.0 (Windows NT 6.1; WOW64) AppleWebKit/537.36 (KHTML, like Gecko) Chrome/64.0.3282.140 Safari/537.36', 'CHROME', 'WINDOWS_7', 'COMPUTER', 'LAN', 'LAN', '20180728075015', '2018-07-27 23:50:16'), ('4945', '1', '1', 'http://gwac.top:8080/', 'http://gwac.top:8080/special_category', 'DIRECT', '127.0.0.1', '75c87fb703254c6f817d37899da23526', 'Mozilla/5.0 (Windows NT 6.1; WOW64) AppleWebKit/537.36 (KHTML, like Gecko) Chrome/64.0.3282.140 Safari/537.36', 'CHROME', 'WINDOWS_7', 'COMPUTER', 'LAN', 'LAN', '20180728075530', '2018-07-27 23:55:31'), ('4946', '1', '1', 'http://gwac.top:8080/', 'http://gwac.top:8080/special_category', 'DIRECT', '127.0.0.1', '75c87fb703254c6f817d37899da23526', 'Mozilla/5.0 (Windows NT 6.1; WOW64) AppleWebKit/537.36 (KHTML, like Gecko) Chrome/64.0.3282.140 Safari/537.36', 'CHROME', 'WINDOWS_7', 'COMPUTER', 'LAN', 'LAN', '20180728075615', '2018-07-27 23:56:15'), ('4947', '1', '1', 'http://gwac.top:8080/', 'http://gwac.top:8080/special_category', 'DIRECT', '127.0.0.1', '75c87fb703254c6f817d37899da23526', 'Mozilla/5.0 (Windows NT 6.1; WOW64) AppleWebKit/537.36 (KHTML, like Gecko) Chrome/64.0.3282.140 Safari/537.36', 'CHROME', 'WINDOWS_7', 'COMPUTER', 'LAN', 'LAN', '20180728075642', '2018-07-27 23:56:43'), ('4948', '1', '1', 'http://gwac.top:8080/', 'http://gwac.top:8080/special_category', 'DIRECT', '127.0.0.1', '75c87fb703254c6f817d37899da23526', 'Mozilla/5.0 (Windows NT 6.1; WOW64) AppleWebKit/537.36 (KHTML, like Gecko) Chrome/64.0.3282.140 Safari/537.36', 'CHROME', 'WINDOWS_7', 'COMPUTER', 'LAN', 'LAN', '20180728075933', '2018-07-27 23:59:33'), ('4949', '1', '1', 'http://gwac.top:8080/', 'http://gwac.top:8080/special_category', 'DIRECT', '127.0.0.1', '75c87fb703254c6f817d37899da23526', 'Mozilla/5.0 (Windows NT 6.1; WOW64) AppleWebKit/537.36 (KHTML, like Gecko) Chrome/64.0.3282.140 Safari/537.36', 'CHROME', 'WINDOWS_7', 'COMPUTER', 'LAN', 'LAN', '20180728080021', '2018-07-28 00:00:22'), ('4950', '1', '1', 'http://gwac.top:8080/', 'http://gwac.top:8080/special_category', 'DIRECT', '127.0.0.1', '75c87fb703254c6f817d37899da23526', 'Mozilla/5.0 (Windows NT 6.1; WOW64) AppleWebKit/537.36 (KHTML, like Gecko) Chrome/64.0.3282.140 Safari/537.36', 'CHROME', 'WINDOWS_7', 'COMPUTER', 'LAN', 'LAN', '20180728080139', '2018-07-28 00:01:40'), ('4951', '1', '1', 'http://gwac.top:8080/', 'http://gwac.top:8080/special_category', 'DIRECT', '127.0.0.1', '75c87fb703254c6f817d37899da23526', 'Mozilla/5.0 (Windows NT 6.1; WOW64) AppleWebKit/537.36 (KHTML, like Gecko) Chrome/64.0.3282.140 Safari/537.36', 'CHROME', 'WINDOWS_7', 'COMPUTER', 'LAN', 'LAN', '20180728080609', '2018-07-28 00:06:10'), ('4952', '1', '1', 'http://gwac.top:8080/info/172', 'http://gwac.top:8080/', 'DIRECT', '127.0.0.1', '75c87fb703254c6f817d37899da23526', 'Mozilla/5.0 (Windows NT 6.1; WOW64) AppleWebKit/537.36 (KHTML, like Gecko) Chrome/64.0.3282.140 Safari/537.36', 'CHROME', 'WINDOWS_7', 'COMPUTER', 'LAN', 'LAN', '20180728080801', '2018-07-28 00:08:02'), ('4953', '1', '1', 'http://gwac.top:8080/info/173', 'http://gwac.top:8080/', 'DIRECT', '127.0.0.1', '75c87fb703254c6f817d37899da23526', 'Mozilla/5.0 (Windows NT 6.1; WOW64) AppleWebKit/537.36 (KHTML, like Gecko) Chrome/64.0.3282.140 Safari/537.36', 'CHROME', 'WINDOWS_7', 'COMPUTER', 'LAN', 'LAN', '20180728080801', '2018-07-28 00:08:02'), ('4954', '1', '1', 'http://gwac.top:8080/info/166', 'http://gwac.top:8080/', 'DIRECT', '127.0.0.1', '75c87fb703254c6f817d37899da23526', 'Mozilla/5.0 (Windows NT 6.1; WOW64) AppleWebKit/537.36 (KHTML, like Gecko) Chrome/64.0.3282.140 Safari/537.36', 'CHROME', 'WINDOWS_7', 'COMPUTER', 'LAN', 'LAN', '20180728080801', '2018-07-28 00:08:02'), ('4955', '1', '1', 'http://gwac.top:8080/info/168', 'http://gwac.top:8080/', 'DIRECT', '127.0.0.1', '75c87fb703254c6f817d37899da23526', 'Mozilla/5.0 (Windows NT 6.1; WOW64) AppleWebKit/537.36 (KHTML, like Gecko) Chrome/64.0.3282.140 Safari/537.36', 'CHROME', 'WINDOWS_7', 'COMPUTER', 'LAN', 'LAN', '20180728080802', '2018-07-28 00:08:02'), ('4956', '1', '1', 'http://gwac.top:8080/', 'http://gwac.top:8080/special_category', 'DIRECT', '127.0.0.1', '75c87fb703254c6f817d37899da23526', 'Mozilla/5.0 (Windows NT 6.1; WOW64) AppleWebKit/537.36 (KHTML, like Gecko) Chrome/64.0.3282.140 Safari/537.36', 'CHROME', 'WINDOWS_7', 'COMPUTER', 'LAN', 'LAN', '20180728081105', '2018-07-28 00:11:05'), ('4957', '1', '1', 'http://gwac.top:8080/', 'http://gwac.top:8080/special_category', 'DIRECT', '127.0.0.1', '75c87fb703254c6f817d37899da23526', 'Mozilla/5.0 (Windows NT 6.1; WOW64) AppleWebKit/537.36 (KHTML, like Gecko) Chrome/64.0.3282.140 Safari/537.36', 'CHROME', 'WINDOWS_7', 'COMPUTER', 'LAN', 'LAN', '20180728081259', '2018-07-28 00:13:00'), ('4958', '1', '1', 'http://gwac.top:8080/', 'http://gwac.top:8080/special_category', 'DIRECT', '127.0.0.1', '75c87fb703254c6f817d37899da23526', 'Mozilla/5.0 (Windows NT 6.1; WOW64) AppleWebKit/537.36 (KHTML, like Gecko) Chrome/64.0.3282.140 Safari/537.36', 'CHROME', 'WINDOWS_7', 'COMPUTER', 'LAN', 'LAN', '20180728081745', '2018-07-28 00:17:45'), ('4959', '1', '1', 'http://gwac.top:8080/', 'http://gwac.top:8080/special_category', 'DIRECT', '127.0.0.1', '75c87fb703254c6f817d37899da23526', 'Mozilla/5.0 (Windows NT 6.1; WOW64) AppleWebKit/537.36 (KHTML, like Gecko) Chrome/64.0.3282.140 Safari/537.36', 'CHROME', 'WINDOWS_7', 'COMPUTER', 'LAN', 'LAN', '20180728081755', '2018-07-28 00:17:55'), ('4960', '1', '1', 'http://gwac.top:8080/', 'http://gwac.top:8080/special_category', 'DIRECT', '127.0.0.1', '75c87fb703254c6f817d37899da23526', 'Mozilla/5.0 (Windows NT 6.1; WOW64) AppleWebKit/537.36 (KHTML, like Gecko) Chrome/64.0.3282.140 Safari/537.36', 'CHROME', 'WINDOWS_7', 'COMPUTER', 'LAN', 'LAN', '20180728081802', '2018-07-28 00:18:02'), ('4961', '1', '1', 'http://gwac.top:8080/', 'http://gwac.top:8080/special_category', 'DIRECT', '127.0.0.1', '75c87fb703254c6f817d37899da23526', 'Mozilla/5.0 (Windows NT 6.1; WOW64) AppleWebKit/537.36 (KHTML, like Gecko) Chrome/64.0.3282.140 Safari/537.36', 'CHROME', 'WINDOWS_7', 'COMPUTER', 'LAN', 'LAN', '20180728082018', '2018-07-28 00:20:19'), ('4962', '1', '1', 'http://gwac.top:8080/info/73', 'http://gwac.top:8080/', 'DIRECT', '127.0.0.1', '75c87fb703254c6f817d37899da23526', 'Mozilla/5.0 (Windows NT 6.1; WOW64) AppleWebKit/537.36 (KHTML, like Gecko) Chrome/64.0.3282.140 Safari/537.36', 'CHROME', 'WINDOWS_7', 'COMPUTER', 'LAN', 'LAN', '20180728082124', '2018-07-28 00:21:25'), ('4963', '1', '1', 'http://gwac.top:8080/', 'http://gwac.top:8080/special_category', 'DIRECT', '127.0.0.1', '75c87fb703254c6f817d37899da23526', 'Mozilla/5.0 (Windows NT 6.1; WOW64) AppleWebKit/537.36 (KHTML, like Gecko) Chrome/64.0.3282.140 Safari/537.36', 'CHROME', 'WINDOWS_7', 'COMPUTER', 'LAN', 'LAN', '20180728082234', '2018-07-28 00:22:35'), ('4964', '1', '1', 'http://gwac.top:8080/', 'http://gwac.top:8080/special_category', 'DIRECT', '127.0.0.1', '75c87fb703254c6f817d37899da23526', 'Mozilla/5.0 (Windows NT 6.1; WOW64) AppleWebKit/537.36 (KHTML, like Gecko) Chrome/64.0.3282.140 Safari/537.36', 'CHROME', 'WINDOWS_7', 'COMPUTER', 'LAN', 'LAN', '20180728082246', '2018-07-28 00:22:47'), ('4965', '1', '1', 'http://gwac.top:8080/', 'http://gwac.top:8080/special_category', 'DIRECT', '127.0.0.1', '75c87fb703254c6f817d37899da23526', 'Mozilla/5.0 (Windows NT 6.1; WOW64) AppleWebKit/537.36 (KHTML, like Gecko) Chrome/64.0.3282.140 Safari/537.36', 'CHROME', 'WINDOWS_7', 'COMPUTER', 'LAN', 'LAN', '20180728082320', '2018-07-28 00:23:21'), ('4966', '1', '1', 'http://gwac.top:8080/', 'http://gwac.top:8080/special_category', 'DIRECT', '127.0.0.1', '75c87fb703254c6f817d37899da23526', 'Mozilla/5.0 (Windows NT 6.1; WOW64) AppleWebKit/537.36 (KHTML, like Gecko) Chrome/64.0.3282.140 Safari/537.36', 'CHROME', 'WINDOWS_7', 'COMPUTER', 'LAN', 'LAN', '20180728082549', '2018-07-28 00:25:50'), ('4967', '1', '1', 'http://gwac.top:8080/', 'http://gwac.top:8080/special_category', 'DIRECT', '127.0.0.1', '75c87fb703254c6f817d37899da23526', 'Mozilla/5.0 (Windows NT 6.1; WOW64) AppleWebKit/537.36 (KHTML, like Gecko) Chrome/64.0.3282.140 Safari/537.36', 'CHROME', 'WINDOWS_7', 'COMPUTER', 'LAN', 'LAN', '20180728082557', '2018-07-28 00:25:57'), ('4968', '1', '1', 'http://gwac.top:8080/', 'http://gwac.top:8080/special_category', 'DIRECT', '127.0.0.1', '75c87fb703254c6f817d37899da23526', 'Mozilla/5.0 (Windows NT 6.1; WOW64) AppleWebKit/537.36 (KHTML, like Gecko) Chrome/64.0.3282.140 Safari/537.36', 'CHROME', 'WINDOWS_7', 'COMPUTER', 'LAN', 'LAN', '20180728090159', '2018-07-28 01:02:00'), ('4969', '1', '1', 'http://gwac.top:8080/', 'http://gwac.top:8080/special_category', 'DIRECT', '127.0.0.1', '75c87fb703254c6f817d37899da23526', 'Mozilla/5.0 (Windows NT 6.1; WOW64) AppleWebKit/537.36 (KHTML, like Gecko) Chrome/64.0.3282.140 Safari/537.36', 'CHROME', 'WINDOWS_7', 'COMPUTER', 'LAN', 'LAN', '20180728090213', '2018-07-28 01:02:13'), ('4970', '1', '1', 'http://gwac.top:8080/', 'http://gwac.top:8080/special_category', 'DIRECT', '127.0.0.1', '75c87fb703254c6f817d37899da23526', 'Mozilla/5.0 (Windows NT 6.1; WOW64) AppleWebKit/537.36 (KHTML, like Gecko) Chrome/64.0.3282.140 Safari/537.36', 'CHROME', 'WINDOWS_7', 'COMPUTER', 'LAN', 'LAN', '20180728090902', '2018-07-28 01:09:03'), ('4971', '1', '1', 'http://gwac.top:8080/info/141', 'http://gwac.top:8080/', 'DIRECT', '127.0.0.1', '75c87fb703254c6f817d37899da23526', 'Mozilla/5.0 (Windows NT 6.1; WOW64) AppleWebKit/537.36 (KHTML, like Gecko) Chrome/64.0.3282.140 Safari/537.36', 'CHROME', 'WINDOWS_7', 'COMPUTER', 'LAN', 'LAN', '20180728090936', '2018-07-28 01:09:36'), ('4972', '1', '1', 'http://gwac.top:8080/info/141', 'http://gwac.top:8080/', 'DIRECT', '127.0.0.1', '75c87fb703254c6f817d37899da23526', 'Mozilla/5.0 (Windows NT 6.1; WOW64) AppleWebKit/537.36 (KHTML, like Gecko) Chrome/64.0.3282.140 Safari/537.36', 'CHROME', 'WINDOWS_7', 'COMPUTER', 'LAN', 'LAN', '20180728091007', '2018-07-28 01:10:07'), ('4973', '1', '1', 'http://gwac.top:8080/info/141', 'http://gwac.top:8080/', 'DIRECT', '127.0.0.1', '75c87fb703254c6f817d37899da23526', 'Mozilla/5.0 (Windows NT 6.1; WOW64) AppleWebKit/537.36 (KHTML, like Gecko) Chrome/64.0.3282.140 Safari/537.36', 'CHROME', 'WINDOWS_7', 'COMPUTER', 'LAN', 'LAN', '20180728091158', '2018-07-28 01:11:58'), ('4974', '1', '1', 'http://gwac.top:8080/', 'http://gwac.top:8080/special_category', 'DIRECT', '127.0.0.1', '75c87fb703254c6f817d37899da23526', 'Mozilla/5.0 (Windows NT 6.1; WOW64) AppleWebKit/537.36 (KHTML, like Gecko) Chrome/64.0.3282.140 Safari/537.36', 'CHROME', 'WINDOWS_7', 'COMPUTER', 'LAN', 'LAN', '20180728091205', '2018-07-28 01:12:06'), ('4975', '1', '1', 'http://gwac.top:8080/info/32', 'http://gwac.top:8080/', 'DIRECT', '127.0.0.1', '75c87fb703254c6f817d37899da23526', 'Mozilla/5.0 (Windows NT 6.1; WOW64) AppleWebKit/537.36 (KHTML, like Gecko) Chrome/64.0.3282.140 Safari/537.36', 'CHROME', 'WINDOWS_7', 'COMPUTER', 'LAN', 'LAN', '20180728091208', '2018-07-28 01:12:08'), ('4976', '1', '1', 'http://gwac.top:8080/info/32', 'http://gwac.top:8080/', 'DIRECT', '127.0.0.1', '75c87fb703254c6f817d37899da23526', 'Mozilla/5.0 (Windows NT 6.1; WOW64) AppleWebKit/537.36 (KHTML, like Gecko) Chrome/64.0.3282.140 Safari/537.36', 'CHROME', 'WINDOWS_7', 'COMPUTER', 'LAN', 'LAN', '20180728091212', '2018-07-28 01:12:13'), ('4977', '1', '1', 'http://gwac.top:8080/', 'http://gwac.top:8080/special_category', 'DIRECT', '127.0.0.1', '75c87fb703254c6f817d37899da23526', 'Mozilla/5.0 (Windows NT 6.1; WOW64) AppleWebKit/537.36 (KHTML, like Gecko) Chrome/64.0.3282.140 Safari/537.36', 'CHROME', 'WINDOWS_7', 'COMPUTER', 'LAN', 'LAN', '20180728091333', '2018-07-28 01:13:34'), ('4978', '1', '1', 'http://gwac.top:8080/info/165', 'http://gwac.top:8080/', 'DIRECT', '127.0.0.1', '75c87fb703254c6f817d37899da23526', 'Mozilla/5.0 (Windows NT 6.1; WOW64) AppleWebKit/537.36 (KHTML, like Gecko) Chrome/64.0.3282.140 Safari/537.36', 'CHROME', 'WINDOWS_7', 'COMPUTER', 'LAN', 'LAN', '20180728094357', '2018-07-28 01:43:57'), ('4979', '1', '1', 'http://gwac.top:8080/info/127', 'http://gwac.top:8080/', 'DIRECT', '127.0.0.1', '75c87fb703254c6f817d37899da23526', 'Mozilla/5.0 (Windows NT 6.1; WOW64) AppleWebKit/537.36 (KHTML, like Gecko) Chrome/64.0.3282.140 Safari/537.36', 'CHROME', 'WINDOWS_7', 'COMPUTER', 'LAN', 'LAN', '20180728094410', '2018-07-28 01:44:10'), ('4980', '1', '1', 'http://gwac.top:8080/', 'http://gwac.top:8080/special_category', 'DIRECT', '127.0.0.1', '75c87fb703254c6f817d37899da23526', 'Mozilla/5.0 (Windows NT 6.1; WOW64) AppleWebKit/537.36 (KHTML, like Gecko) Chrome/64.0.3282.140 Safari/537.36', 'CHROME', 'WINDOWS_7', 'COMPUTER', 'LAN', 'LAN', '20180728094637', '2018-07-28 01:46:37'), ('4981', '1', '1', 'http://gwac.top:8080/', 'http://gwac.top:8080/special_category', 'DIRECT', '127.0.0.1', '75c87fb703254c6f817d37899da23526', 'Mozilla/5.0 (Windows NT 6.1; WOW64) AppleWebKit/537.36 (KHTML, like Gecko) Chrome/64.0.3282.140 Safari/537.36', 'CHROME', 'WINDOWS_7', 'COMPUTER', 'LAN', 'LAN', '20180728094719', '2018-07-28 01:47:19'), ('4982', '1', '1', 'http://gwac.top:8080/info/165', 'http://gwac.top:8080/', 'DIRECT', '127.0.0.1', '75c87fb703254c6f817d37899da23526', 'Mozilla/5.0 (Windows NT 6.1; WOW64) AppleWebKit/537.36 (KHTML, like Gecko) Chrome/64.0.3282.140 Safari/537.36', 'CHROME', 'WINDOWS_7', 'COMPUTER', 'LAN', 'LAN', '20180728094751', '2018-07-28 01:47:51'), ('4983', '1', '1', 'http://gwac.top:8080/info/32', 'http://gwac.top:8080/', 'DIRECT', '127.0.0.1', '75c87fb703254c6f817d37899da23526', 'Mozilla/5.0 (Windows NT 6.1; WOW64) AppleWebKit/537.36 (KHTML, like Gecko) Chrome/64.0.3282.140 Safari/537.36', 'CHROME', 'WINDOWS_7', 'COMPUTER', 'LAN', 'LAN', '20180728094934', '2018-07-28 01:49:35'), ('4984', '1', '1', 'http://gwac.top:8080/info/32', 'http://gwac.top:8080/', 'DIRECT', '127.0.0.1', '75c87fb703254c6f817d37899da23526', 'Mozilla/5.0 (Windows NT 6.1; WOW64) AppleWebKit/537.36 (KHTML, like Gecko) Chrome/64.0.3282.140 Safari/537.36', 'CHROME', 'WINDOWS_7', 'COMPUTER', 'LAN', 'LAN', '20180728095337', '2018-07-28 01:53:38'), ('5026', '1', '1', 'http://gwac.top:8080/', 'http://gwac.top:8080/special_category', 'DIRECT', '127.0.0.1', '75c87fb703254c6f817d37899da23526', 'Mozilla/5.0 (Windows NT 6.1; WOW64) AppleWebKit/537.36 (KHTML, like Gecko) Chrome/64.0.3282.140 Safari/537.36', 'CHROME', 'WINDOWS_7', 'COMPUTER', 'LAN', 'LAN', '20180728095827', '2018-07-28 01:58:28'), ('5027', '1', '1', 'http://gwac.top:8080/info/46', 'http://gwac.top:8080/', 'DIRECT', '127.0.0.1', '75c87fb703254c6f817d37899da23526', 'Mozilla/5.0 (Windows NT 6.1; WOW64) AppleWebKit/537.36 (KHTML, like Gecko) Chrome/64.0.3282.140 Safari/537.36', 'CHROME', 'WINDOWS_7', 'COMPUTER', 'LAN', 'LAN', '20180728095844', '2018-07-28 01:58:44'), ('5028', '1', '1', 'http://gwac.top:8080/info/46', 'http://gwac.top:8080/', 'DIRECT', '127.0.0.1', '75c87fb703254c6f817d37899da23526', 'Mozilla/5.0 (Windows NT 6.1; WOW64) AppleWebKit/537.36 (KHTML, like Gecko) Chrome/64.0.3282.140 Safari/537.36', 'CHROME', 'WINDOWS_7', 'COMPUTER', 'LAN', 'LAN', '20180728100056', '2018-07-28 02:00:57'), ('5029', '1', '1', 'http://gwac.top:8080/', 'http://gwac.top:8080/special_category', 'DIRECT', '127.0.0.1', '75c87fb703254c6f817d37899da23526', 'Mozilla/5.0 (Windows NT 6.1; WOW64) AppleWebKit/537.36 (KHTML, like Gecko) Chrome/64.0.3282.140 Safari/537.36', 'CHROME', 'WINDOWS_7', 'COMPUTER', 'LAN', 'LAN', '20180728100103', '2018-07-28 02:01:04'), ('5030', '1', '1', 'http://gwac.top:8080/', 'http://gwac.top:8080/special_category', 'DIRECT', '127.0.0.1', '75c87fb703254c6f817d37899da23526', 'Mozilla/5.0 (Windows NT 6.1; WOW64) AppleWebKit/537.36 (KHTML, like Gecko) Chrome/64.0.3282.140 Safari/537.36', 'CHROME', 'WINDOWS_7', 'COMPUTER', 'LAN', 'LAN', '20180728104211', '2018-07-28 02:42:11'), ('5031', '1', '1', 'http://gwac.top:8080/node/42', 'http://gwac.top:8080/', 'DIRECT', '127.0.0.1', '75c87fb703254c6f817d37899da23526', 'Mozilla/5.0 (Windows NT 6.1; WOW64) AppleWebKit/537.36 (KHTML, like Gecko) Chrome/64.0.3282.140 Safari/537.36', 'CHROME', 'WINDOWS_7', 'COMPUTER', 'LAN', 'LAN', '20180728104215', '2018-07-28 02:42:16'), ('5032', '1', '1', 'http://gwac.top:8080/node/42', 'http://gwac.top:8080/', 'DIRECT', '127.0.0.1', '75c87fb703254c6f817d37899da23526', 'Mozilla/5.0 (Windows NT 6.1; WOW64) AppleWebKit/537.36 (KHTML, like Gecko) Chrome/64.0.3282.140 Safari/537.36', 'CHROME', 'WINDOWS_7', 'COMPUTER', 'LAN', 'LAN', '20180728104710', '2018-07-28 02:47:10'), ('5033', '1', '1', 'http://gwac.top:8080/', 'http://gwac.top:8080/node/42', 'DIRECT', '127.0.0.1', '75c87fb703254c6f817d37899da23526', 'Mozilla/5.0 (Windows NT 6.1; WOW64) AppleWebKit/537.36 (KHTML, like Gecko) Chrome/64.0.3282.140 Safari/537.36', 'CHROME', 'WINDOWS_7', 'COMPUTER', 'LAN', 'LAN', '20180728104713', '2018-07-28 02:47:13'), ('5034', '1', '1', 'http://gwac.top:8080/node/36', 'http://gwac.top:8080/', 'DIRECT', '127.0.0.1', '75c87fb703254c6f817d37899da23526', 'Mozilla/5.0 (Windows NT 6.1; WOW64) AppleWebKit/537.36 (KHTML, like Gecko) Chrome/64.0.3282.140 Safari/537.36', 'CHROME', 'WINDOWS_7', 'COMPUTER', 'LAN', 'LAN', '20180728104919', '2018-07-28 02:49:19'), ('5035', '1', '1', 'http://gwac.top:8080/node/69', 'http://gwac.top:8080/node/36', 'DIRECT', '127.0.0.1', '75c87fb703254c6f817d37899da23526', 'Mozilla/5.0 (Windows NT 6.1; WOW64) AppleWebKit/537.36 (KHTML, like Gecko) Chrome/64.0.3282.140 Safari/537.36', 'CHROME', 'WINDOWS_7', 'COMPUTER', 'LAN', 'LAN', '20180728104920', '2018-07-28 02:49:20'), ('5036', '1', '1', 'http://gwac.top:8080/node/48', 'http://gwac.top:8080/node/69', 'DIRECT', '127.0.0.1', '75c87fb703254c6f817d37899da23526', 'Mozilla/5.0 (Windows NT 6.1; WOW64) AppleWebKit/537.36 (KHTML, like Gecko) Chrome/64.0.3282.140 Safari/537.36', 'CHROME', 'WINDOWS_7', 'COMPUTER', 'LAN', 'LAN', '20180728104922', '2018-07-28 02:49:23'), ('5037', '1', '1', 'http://gwac.top:8080/node/49', 'http://gwac.top:8080/node/48', 'DIRECT', '127.0.0.1', '75c87fb703254c6f817d37899da23526', 'Mozilla/5.0 (Windows NT 6.1; WOW64) AppleWebKit/537.36 (KHTML, like Gecko) Chrome/64.0.3282.140 Safari/537.36', 'CHROME', 'WINDOWS_7', 'COMPUTER', 'LAN', 'LAN', '20180728104924', '2018-07-28 02:49:25'), ('5038', '1', '1', 'http://gwac.top:8080/node/92', 'http://gwac.top:8080/node/49', 'DIRECT', '127.0.0.1', '75c87fb703254c6f817d37899da23526', 'Mozilla/5.0 (Windows NT 6.1; WOW64) AppleWebKit/537.36 (KHTML, like Gecko) Chrome/64.0.3282.140 Safari/537.36', 'CHROME', 'WINDOWS_7', 'COMPUTER', 'LAN', 'LAN', '20180728104926', '2018-07-28 02:49:26'), ('5039', '1', '1', 'http://gwac.top:8080/special_category', 'http://gwac.top:8080/node/92', 'DIRECT', '127.0.0.1', '75c87fb703254c6f817d37899da23526', 'Mozilla/5.0 (Windows NT 6.1; WOW64) AppleWebKit/537.36 (KHTML, like Gecko) Chrome/64.0.3282.140 Safari/537.36', 'CHROME', 'WINDOWS_7', 'COMPUTER', 'LAN', 'LAN', '20180728104927', '2018-07-28 02:49:28'), ('5040', '1', '1', 'http://gwac.top:8080/guestbook', 'http://gwac.top:8080/special_category', 'DIRECT', '127.0.0.1', '75c87fb703254c6f817d37899da23526', 'Mozilla/5.0 (Windows NT 6.1; WOW64) AppleWebKit/537.36 (KHTML, like Gecko) Chrome/64.0.3282.140 Safari/537.36', 'CHROME', 'WINDOWS_7', 'COMPUTER', 'LAN', 'LAN', '20180728104931', '2018-07-28 02:49:32'), ('5041', '1', '1', 'http://gwac.top:8080/', 'http://gwac.top:8080/guestbook', 'DIRECT', '127.0.0.1', '75c87fb703254c6f817d37899da23526', 'Mozilla/5.0 (Windows NT 6.1; WOW64) AppleWebKit/537.36 (KHTML, like Gecko) Chrome/64.0.3282.140 Safari/537.36', 'CHROME', 'WINDOWS_7', 'COMPUTER', 'LAN', 'LAN', '20180728104947', '2018-07-28 02:49:48'), ('5076', '1', null, 'http://localhost:8080/', '', 'DIRECT', '127.0.0.1', '857a157d63ed4d4faddd9f61c45e34c8', 'Mozilla/5.0 (Windows NT 6.1; WOW64) AppleWebKit/537.36 (KHTML, like Gecko) Chrome/64.0.3282.140 Safari/537.36', 'CHROME', 'WINDOWS_7', 'COMPUTER', 'LAN', 'LAN', '20180728105257', '2018-07-28 02:52:57'), ('5077', '1', '1', 'http://localhost:8080/', 'http://localhost:8080/login?fallbackUrl=%2F', 'DIRECT', '127.0.0.1', '857a157d63ed4d4faddd9f61c45e34c8', 'Mozilla/5.0 (Windows NT 6.1; WOW64) AppleWebKit/537.36 (KHTML, like Gecko) Chrome/64.0.3282.140 Safari/537.36', 'CHROME', 'WINDOWS_7', 'COMPUTER', 'LAN', 'LAN', '20180728105312', '2018-07-28 02:53:13'), ('5078', '1', '1', 'http://localhost:8080/node/36', 'http://localhost:8080/', 'DIRECT', '127.0.0.1', '857a157d63ed4d4faddd9f61c45e34c8', 'Mozilla/5.0 (Windows NT 6.1; WOW64) AppleWebKit/537.36 (KHTML, like Gecko) Chrome/64.0.3282.140 Safari/537.36', 'CHROME', 'WINDOWS_7', 'COMPUTER', 'LAN', 'LAN', '20180728110318', '2018-07-28 03:03:19'), ('5079', '1', '1', 'http://localhost:8080/info/126', 'http://localhost:8080/node/36', 'DIRECT', '127.0.0.1', '857a157d63ed4d4faddd9f61c45e34c8', 'Mozilla/5.0 (Windows NT 6.1; WOW64) AppleWebKit/537.36 (KHTML, like Gecko) Chrome/64.0.3282.140 Safari/537.36', 'CHROME', 'WINDOWS_7', 'COMPUTER', 'LAN', 'LAN', '20180728110320', '2018-07-28 03:03:20'), ('5080', '1', '1', 'http://localhost:8080/node/69', 'http://localhost:8080/node/36', 'DIRECT', '127.0.0.1', '857a157d63ed4d4faddd9f61c45e34c8', 'Mozilla/5.0 (Windows NT 6.1; WOW64) AppleWebKit/537.36 (KHTML, like Gecko) Chrome/64.0.3282.140 Safari/537.36', 'CHROME', 'WINDOWS_7', 'COMPUTER', 'LAN', 'LAN', '20180728110346', '2018-07-28 03:03:46'), ('5081', '1', '1', 'http://localhost:8080/node/36', 'http://localhost:8080/node/69', 'DIRECT', '127.0.0.1', '857a157d63ed4d4faddd9f61c45e34c8', 'Mozilla/5.0 (Windows NT 6.1; WOW64) AppleWebKit/537.36 (KHTML, like Gecko) Chrome/64.0.3282.140 Safari/537.36', 'CHROME', 'WINDOWS_7', 'COMPUTER', 'LAN', 'LAN', '20180728110348', '2018-07-28 03:03:48'), ('5082', '1', '1', 'http://localhost:8080/node/36', 'http://localhost:8080/node/69', 'DIRECT', '127.0.0.1', '857a157d63ed4d4faddd9f61c45e34c8', 'Mozilla/5.0 (Windows NT 6.1; WOW64) AppleWebKit/537.36 (KHTML, like Gecko) Chrome/64.0.3282.140 Safari/537.36', 'CHROME', 'WINDOWS_7', 'COMPUTER', 'LAN', 'LAN', '20180728110656', '2018-07-28 03:06:57'), ('5083', '1', '1', 'http://localhost:8080/', 'http://localhost:8080/node/36', 'DIRECT', '127.0.0.1', '857a157d63ed4d4faddd9f61c45e34c8', 'Mozilla/5.0 (Windows NT 6.1; WOW64) AppleWebKit/537.36 (KHTML, like Gecko) Chrome/64.0.3282.140 Safari/537.36', 'CHROME', 'WINDOWS_7', 'COMPUTER', 'LAN', 'LAN', '20180728110701', '2018-07-28 03:07:02'), ('5084', '1', '1', 'http://localhost:8080/node/36', 'http://localhost:8080/', 'DIRECT', '127.0.0.1', '857a157d63ed4d4faddd9f61c45e34c8', 'Mozilla/5.0 (Windows NT 6.1; WOW64) AppleWebKit/537.36 (KHTML, like Gecko) Chrome/64.0.3282.140 Safari/537.36', 'CHROME', 'WINDOWS_7', 'COMPUTER', 'LAN', 'LAN', '20180728110703', '2018-07-28 03:07:04'), ('5085', '1', '1', 'http://localhost:8080/node/69', 'http://localhost:8080/node/36', 'DIRECT', '127.0.0.1', '857a157d63ed4d4faddd9f61c45e34c8', 'Mozilla/5.0 (Windows NT 6.1; WOW64) AppleWebKit/537.36 (KHTML, like Gecko) Chrome/64.0.3282.140 Safari/537.36', 'CHROME', 'WINDOWS_7', 'COMPUTER', 'LAN', 'LAN', '20180728110704', '2018-07-28 03:07:05'), ('5086', '1', '1', 'http://localhost:8080/node/48', 'http://localhost:8080/node/69', 'DIRECT', '127.0.0.1', '857a157d63ed4d4faddd9f61c45e34c8', 'Mozilla/5.0 (Windows NT 6.1; WOW64) AppleWebKit/537.36 (KHTML, like Gecko) Chrome/64.0.3282.140 Safari/537.36', 'CHROME', 'WINDOWS_7', 'COMPUTER', 'LAN', 'LAN', '20180728110705', '2018-07-28 03:07:06'), ('5087', '1', '1', 'http://localhost:8080/node/69', 'http://localhost:8080/node/48', 'DIRECT', '127.0.0.1', '857a157d63ed4d4faddd9f61c45e34c8', 'Mozilla/5.0 (Windows NT 6.1; WOW64) AppleWebKit/537.36 (KHTML, like Gecko) Chrome/64.0.3282.140 Safari/537.36', 'CHROME', 'WINDOWS_7', 'COMPUTER', 'LAN', 'LAN', '20180728110706', '2018-07-28 03:07:07'), ('5088', '1', '1', 'http://localhost:8080/node/69', 'http://localhost:8080/node/48', 'DIRECT', '127.0.0.1', '857a157d63ed4d4faddd9f61c45e34c8', 'Mozilla/5.0 (Windows NT 6.1; WOW64) AppleWebKit/537.36 (KHTML, like Gecko) Chrome/64.0.3282.140 Safari/537.36', 'CHROME', 'WINDOWS_7', 'COMPUTER', 'LAN', 'LAN', '20180728110747', '2018-07-28 03:07:47'), ('5089', '1', '1', 'http://localhost:8080/', 'http://localhost:8080/node/69', 'DIRECT', '127.0.0.1', '857a157d63ed4d4faddd9f61c45e34c8', 'Mozilla/5.0 (Windows NT 6.1; WOW64) AppleWebKit/537.36 (KHTML, like Gecko) Chrome/64.0.3282.140 Safari/537.36', 'CHROME', 'WINDOWS_7', 'COMPUTER', 'LAN', 'LAN', '20180728110757', '2018-07-28 03:07:58'), ('5126', '1', '1', 'http://localhost:8080/', 'http://localhost:8080/node/69', 'DIRECT', '127.0.0.1', '857a157d63ed4d4faddd9f61c45e34c8', 'Mozilla/5.0 (Windows NT 6.1; WOW64) AppleWebKit/537.36 (KHTML, like Gecko) Chrome/64.0.3282.140 Safari/537.36', 'CHROME', 'WINDOWS_7', 'COMPUTER', 'LAN', 'LAN', '20180728112136', '2018-07-28 03:21:36'), ('5127', '1', '1', 'http://localhost:8080/', 'http://localhost:8080/node/69', 'DIRECT', '127.0.0.1', '857a157d63ed4d4faddd9f61c45e34c8', 'Mozilla/5.0 (Windows NT 6.1; WOW64) AppleWebKit/537.36 (KHTML, like Gecko) Chrome/64.0.3282.140 Safari/537.36', 'CHROME', 'WINDOWS_7', 'COMPUTER', 'LAN', 'LAN', '20180728112715', '2018-07-28 03:27:15'), ('5128', '1', '1', 'http://localhost:8080/node/69', 'http://localhost:8080/', 'DIRECT', '127.0.0.1', '857a157d63ed4d4faddd9f61c45e34c8', 'Mozilla/5.0 (Windows NT 6.1; WOW64) AppleWebKit/537.36 (KHTML, like Gecko) Chrome/64.0.3282.140 Safari/537.36', 'CHROME', 'WINDOWS_7', 'COMPUTER', 'LAN', 'LAN', '20180728112728', '2018-07-28 03:27:28'), ('5129', '1', '1', 'http://localhost:8080/node/36', 'http://localhost:8080/node/69', 'DIRECT', '127.0.0.1', '857a157d63ed4d4faddd9f61c45e34c8', 'Mozilla/5.0 (Windows NT 6.1; WOW64) AppleWebKit/537.36 (KHTML, like Gecko) Chrome/64.0.3282.140 Safari/537.36', 'CHROME', 'WINDOWS_7', 'COMPUTER', 'LAN', 'LAN', '20180728112737', '2018-07-28 03:27:37'), ('5130', '1', '1', 'http://localhost:8080/node/69', 'http://localhost:8080/node/36', 'DIRECT', '127.0.0.1', '857a157d63ed4d4faddd9f61c45e34c8', 'Mozilla/5.0 (Windows NT 6.1; WOW64) AppleWebKit/537.36 (KHTML, like Gecko) Chrome/64.0.3282.140 Safari/537.36', 'CHROME', 'WINDOWS_7', 'COMPUTER', 'LAN', 'LAN', '20180728112741', '2018-07-28 03:27:42'), ('5131', '1', '1', 'http://localhost:8080/node/48', 'http://localhost:8080/node/69', 'DIRECT', '127.0.0.1', '857a157d63ed4d4faddd9f61c45e34c8', 'Mozilla/5.0 (Windows NT 6.1; WOW64) AppleWebKit/537.36 (KHTML, like Gecko) Chrome/64.0.3282.140 Safari/537.36', 'CHROME', 'WINDOWS_7', 'COMPUTER', 'LAN', 'LAN', '20180728112743', '2018-07-28 03:27:44'), ('5132', '1', '1', 'http://localhost:8080/node/49', 'http://localhost:8080/node/48', 'DIRECT', '127.0.0.1', '857a157d63ed4d4faddd9f61c45e34c8', 'Mozilla/5.0 (Windows NT 6.1; WOW64) AppleWebKit/537.36 (KHTML, like Gecko) Chrome/64.0.3282.140 Safari/537.36', 'CHROME', 'WINDOWS_7', 'COMPUTER', 'LAN', 'LAN', '20180728112745', '2018-07-28 03:27:46'), ('5133', '1', '1', 'http://localhost:8080/node/49', 'http://localhost:8080/node/49', 'DIRECT', '127.0.0.1', '857a157d63ed4d4faddd9f61c45e34c8', 'Mozilla/5.0 (Windows NT 6.1; WOW64) AppleWebKit/537.36 (KHTML, like Gecko) Chrome/64.0.3282.140 Safari/537.36', 'CHROME', 'WINDOWS_7', 'COMPUTER', 'LAN', 'LAN', '20180728112751', '2018-07-28 03:27:51'), ('5134', '1', '1', 'http://localhost:8080/node/92', 'http://localhost:8080/node/49', 'DIRECT', '127.0.0.1', '857a157d63ed4d4faddd9f61c45e34c8', 'Mozilla/5.0 (Windows NT 6.1; WOW64) AppleWebKit/537.36 (KHTML, like Gecko) Chrome/64.0.3282.140 Safari/537.36', 'CHROME', 'WINDOWS_7', 'COMPUTER', 'LAN', 'LAN', '20180728112752', '2018-07-28 03:27:53'), ('5135', '1', '1', 'http://localhost:8080/special_category', 'http://localhost:8080/node/92', 'DIRECT', '127.0.0.1', '857a157d63ed4d4faddd9f61c45e34c8', 'Mozilla/5.0 (Windows NT 6.1; WOW64) AppleWebKit/537.36 (KHTML, like Gecko) Chrome/64.0.3282.140 Safari/537.36', 'CHROME', 'WINDOWS_7', 'COMPUTER', 'LAN', 'LAN', '20180728112754', '2018-07-28 03:27:54'), ('5136', '1', '1', 'http://localhost:8080/guestbook', 'http://localhost:8080/special_category', 'DIRECT', '127.0.0.1', '857a157d63ed4d4faddd9f61c45e34c8', 'Mozilla/5.0 (Windows NT 6.1; WOW64) AppleWebKit/537.36 (KHTML, like Gecko) Chrome/64.0.3282.140 Safari/537.36', 'CHROME', 'WINDOWS_7', 'COMPUTER', 'LAN', 'LAN', '20180728112756', '2018-07-28 03:27:56'), ('5137', '1', '1', 'http://localhost:8080/node/36', 'http://localhost:8080/guestbook', 'DIRECT', '127.0.0.1', '857a157d63ed4d4faddd9f61c45e34c8', 'Mozilla/5.0 (Windows NT 6.1; WOW64) AppleWebKit/537.36 (KHTML, like Gecko) Chrome/64.0.3282.140 Safari/537.36', 'CHROME', 'WINDOWS_7', 'COMPUTER', 'LAN', 'LAN', '20180728112800', '2018-07-28 03:28:00'), ('5138', '1', '1', 'http://localhost:8080/node/69', 'http://localhost:8080/node/36', 'DIRECT', '127.0.0.1', '857a157d63ed4d4faddd9f61c45e34c8', 'Mozilla/5.0 (Windows NT 6.1; WOW64) AppleWebKit/537.36 (KHTML, like Gecko) Chrome/64.0.3282.140 Safari/537.36', 'CHROME', 'WINDOWS_7', 'COMPUTER', 'LAN', 'LAN', '20180728112802', '2018-07-28 03:28:02'), ('5139', '1', '1', 'http://localhost:8080/info/253', 'http://localhost:8080/node/69', 'DIRECT', '127.0.0.1', '857a157d63ed4d4faddd9f61c45e34c8', 'Mozilla/5.0 (Windows NT 6.1; WOW64) AppleWebKit/537.36 (KHTML, like Gecko) Chrome/64.0.3282.140 Safari/537.36', 'CHROME', 'WINDOWS_7', 'COMPUTER', 'LAN', 'LAN', '20180728112905', '2018-07-28 03:29:05'), ('5140', '1', '1', 'http://localhost:8080/node/69', 'http://localhost:8080/node/36', 'DIRECT', '127.0.0.1', '857a157d63ed4d4faddd9f61c45e34c8', 'Mozilla/5.0 (Windows NT 6.1; WOW64) AppleWebKit/537.36 (KHTML, like Gecko) Chrome/64.0.3282.140 Safari/537.36', 'CHROME', 'WINDOWS_7', 'COMPUTER', 'LAN', 'LAN', '20180728113324', '2018-07-28 03:33:24'), ('5141', '1', '1', 'http://localhost:8080/node/69', 'http://localhost:8080/node/36', 'DIRECT', '127.0.0.1', '857a157d63ed4d4faddd9f61c45e34c8', 'Mozilla/5.0 (Windows NT 6.1; WOW64) AppleWebKit/537.36 (KHTML, like Gecko) Chrome/64.0.3282.140 Safari/537.36', 'CHROME', 'WINDOWS_7', 'COMPUTER', 'LAN', 'LAN', '20180728113806', '2018-07-28 03:38:07'), ('5142', '1', '1', 'http://localhost:8080/node/69', 'http://localhost:8080/node/69', 'DIRECT', '127.0.0.1', '857a157d63ed4d4faddd9f61c45e34c8', 'Mozilla/5.0 (Windows NT 6.1; WOW64) AppleWebKit/537.36 (KHTML, like Gecko) Chrome/64.0.3282.140 Safari/537.36', 'CHROME', 'WINDOWS_7', 'COMPUTER', 'LAN', 'LAN', '20180728113829', '2018-07-28 03:38:29'), ('5143', '1', '1', 'http://localhost:8080/node/69', 'http://localhost:8080/node/69', 'DIRECT', '127.0.0.1', '857a157d63ed4d4faddd9f61c45e34c8', 'Mozilla/5.0 (Windows NT 6.1; WOW64) AppleWebKit/537.36 (KHTML, like Gecko) Chrome/64.0.3282.140 Safari/537.36', 'CHROME', 'WINDOWS_7', 'COMPUTER', 'LAN', 'LAN', '20180728113834', '2018-07-28 03:38:34'), ('5144', '1', '1', 'http://localhost:8080/node/36', 'http://localhost:8080/node/69', 'DIRECT', '127.0.0.1', '857a157d63ed4d4faddd9f61c45e34c8', 'Mozilla/5.0 (Windows NT 6.1; WOW64) AppleWebKit/537.36 (KHTML, like Gecko) Chrome/64.0.3282.140 Safari/537.36', 'CHROME', 'WINDOWS_7', 'COMPUTER', 'LAN', 'LAN', '20180728114016', '2018-07-28 03:40:16'), ('5145', '1', '1', 'http://localhost:8080/node/36', 'http://localhost:8080/node/69', 'DIRECT', '127.0.0.1', '857a157d63ed4d4faddd9f61c45e34c8', 'Mozilla/5.0 (Windows NT 6.1; WOW64) AppleWebKit/537.36 (KHTML, like Gecko) Chrome/64.0.3282.140 Safari/537.36', 'CHROME', 'WINDOWS_7', 'COMPUTER', 'LAN', 'LAN', '20180728114201', '2018-07-28 03:42:02'), ('5146', '1', '1', 'http://localhost:8080/node/36', 'http://localhost:8080/node/36', 'DIRECT', '127.0.0.1', '857a157d63ed4d4faddd9f61c45e34c8', 'Mozilla/5.0 (Windows NT 6.1; WOW64) AppleWebKit/537.36 (KHTML, like Gecko) Chrome/64.0.3282.140 Safari/537.36', 'CHROME', 'WINDOWS_7', 'COMPUTER', 'LAN', 'LAN', '20180728114210', '2018-07-28 03:42:11'), ('5147', '1', '1', 'http://localhost:8080/info/32', 'http://localhost:8080/node/36', 'DIRECT', '127.0.0.1', '857a157d63ed4d4faddd9f61c45e34c8', 'Mozilla/5.0 (Windows NT 6.1; WOW64) AppleWebKit/537.36 (KHTML, like Gecko) Chrome/64.0.3282.140 Safari/537.36', 'CHROME', 'WINDOWS_7', 'COMPUTER', 'LAN', 'LAN', '20180728114217', '2018-07-28 03:42:17');
INSERT INTO `cms_visit_log` VALUES ('5148', '1', '1', 'http://localhost:8080/info/32', 'http://localhost:8080/node/36', 'DIRECT', '127.0.0.1', '857a157d63ed4d4faddd9f61c45e34c8', 'Mozilla/5.0 (Windows NT 6.1; WOW64) AppleWebKit/537.36 (KHTML, like Gecko) Chrome/64.0.3282.140 Safari/537.36', 'CHROME', 'WINDOWS_7', 'COMPUTER', 'LAN', 'LAN', '20180728114449', '2018-07-28 03:44:50'), ('5149', '1', '1', 'http://localhost:8080/node/69', 'http://localhost:8080/info/32', 'DIRECT', '127.0.0.1', '857a157d63ed4d4faddd9f61c45e34c8', 'Mozilla/5.0 (Windows NT 6.1; WOW64) AppleWebKit/537.36 (KHTML, like Gecko) Chrome/64.0.3282.140 Safari/537.36', 'CHROME', 'WINDOWS_7', 'COMPUTER', 'LAN', 'LAN', '20180728114453', '2018-07-28 03:44:54'), ('5150', '1', '1', 'http://localhost:8080/node/69', 'http://localhost:8080/node/69', 'DIRECT', '127.0.0.1', '857a157d63ed4d4faddd9f61c45e34c8', 'Mozilla/5.0 (Windows NT 6.1; WOW64) AppleWebKit/537.36 (KHTML, like Gecko) Chrome/64.0.3282.140 Safari/537.36', 'CHROME', 'WINDOWS_7', 'COMPUTER', 'LAN', 'LAN', '20180728114456', '2018-07-28 03:44:56'), ('5151', '1', '1', 'http://localhost:8080/node/48', 'http://localhost:8080/node/69', 'DIRECT', '127.0.0.1', '857a157d63ed4d4faddd9f61c45e34c8', 'Mozilla/5.0 (Windows NT 6.1; WOW64) AppleWebKit/537.36 (KHTML, like Gecko) Chrome/64.0.3282.140 Safari/537.36', 'CHROME', 'WINDOWS_7', 'COMPUTER', 'LAN', 'LAN', '20180728114457', '2018-07-28 03:44:57'), ('5152', '1', '1', 'http://localhost:8080/node/49', 'http://localhost:8080/node/48', 'DIRECT', '127.0.0.1', '857a157d63ed4d4faddd9f61c45e34c8', 'Mozilla/5.0 (Windows NT 6.1; WOW64) AppleWebKit/537.36 (KHTML, like Gecko) Chrome/64.0.3282.140 Safari/537.36', 'CHROME', 'WINDOWS_7', 'COMPUTER', 'LAN', 'LAN', '20180728114459', '2018-07-28 03:44:59'), ('5153', '1', '1', 'http://localhost:8080/node/92', 'http://localhost:8080/node/49', 'DIRECT', '127.0.0.1', '857a157d63ed4d4faddd9f61c45e34c8', 'Mozilla/5.0 (Windows NT 6.1; WOW64) AppleWebKit/537.36 (KHTML, like Gecko) Chrome/64.0.3282.140 Safari/537.36', 'CHROME', 'WINDOWS_7', 'COMPUTER', 'LAN', 'LAN', '20180728114500', '2018-07-28 03:45:01'), ('5154', '1', '1', 'http://localhost:8080/node/36', 'http://localhost:8080/node/92', 'DIRECT', '127.0.0.1', '857a157d63ed4d4faddd9f61c45e34c8', 'Mozilla/5.0 (Windows NT 6.1; WOW64) AppleWebKit/537.36 (KHTML, like Gecko) Chrome/64.0.3282.140 Safari/537.36', 'CHROME', 'WINDOWS_7', 'COMPUTER', 'LAN', 'LAN', '20180728114502', '2018-07-28 03:45:03'), ('5155', '1', '1', 'http://localhost:8080/node/69', 'http://localhost:8080/node/36', 'DIRECT', '127.0.0.1', '857a157d63ed4d4faddd9f61c45e34c8', 'Mozilla/5.0 (Windows NT 6.1; WOW64) AppleWebKit/537.36 (KHTML, like Gecko) Chrome/64.0.3282.140 Safari/537.36', 'CHROME', 'WINDOWS_7', 'COMPUTER', 'LAN', 'LAN', '20180728114510', '2018-07-28 03:45:11'), ('5156', '1', '1', 'http://localhost:8080/info/260', 'http://localhost:8080/node/69', 'DIRECT', '127.0.0.1', '857a157d63ed4d4faddd9f61c45e34c8', 'Mozilla/5.0 (Windows NT 6.1; WOW64) AppleWebKit/537.36 (KHTML, like Gecko) Chrome/64.0.3282.140 Safari/537.36', 'CHROME', 'WINDOWS_7', 'COMPUTER', 'LAN', 'LAN', '20180728114511', '2018-07-28 03:45:12'), ('5157', '1', '1', 'http://localhost:8080/node/36', 'http://localhost:8080/info/260', 'DIRECT', '127.0.0.1', '857a157d63ed4d4faddd9f61c45e34c8', 'Mozilla/5.0 (Windows NT 6.1; WOW64) AppleWebKit/537.36 (KHTML, like Gecko) Chrome/64.0.3282.140 Safari/537.36', 'CHROME', 'WINDOWS_7', 'COMPUTER', 'LAN', 'LAN', '20180728114515', '2018-07-28 03:45:16'), ('5158', '1', '1', 'http://localhost:8080/', 'http://localhost:8080/node/36', 'DIRECT', '127.0.0.1', '857a157d63ed4d4faddd9f61c45e34c8', 'Mozilla/5.0 (Windows NT 6.1; WOW64) AppleWebKit/537.36 (KHTML, like Gecko) Chrome/64.0.3282.140 Safari/537.36', 'CHROME', 'WINDOWS_7', 'COMPUTER', 'LAN', 'LAN', '20180728114922', '2018-07-28 03:49:23'), ('5159', '1', '1', 'http://localhost:8080/', 'http://localhost:8080/node/36', 'DIRECT', '127.0.0.1', '857a157d63ed4d4faddd9f61c45e34c8', 'Mozilla/5.0 (Windows NT 6.1; WOW64) AppleWebKit/537.36 (KHTML, like Gecko) Chrome/64.0.3282.140 Safari/537.36', 'CHROME', 'WINDOWS_7', 'COMPUTER', 'LAN', 'LAN', '20180728114933', '2018-07-28 03:49:33'), ('5160', '1', '1', 'http://localhost:8080/node/36', 'http://localhost:8080/', 'DIRECT', '127.0.0.1', '857a157d63ed4d4faddd9f61c45e34c8', 'Mozilla/5.0 (Windows NT 6.1; WOW64) AppleWebKit/537.36 (KHTML, like Gecko) Chrome/64.0.3282.140 Safari/537.36', 'CHROME', 'WINDOWS_7', 'COMPUTER', 'LAN', 'LAN', '20180728114936', '2018-07-28 03:49:36'), ('5161', '1', '1', 'http://localhost:8080/node/69', 'http://localhost:8080/node/36', 'DIRECT', '127.0.0.1', '857a157d63ed4d4faddd9f61c45e34c8', 'Mozilla/5.0 (Windows NT 6.1; WOW64) AppleWebKit/537.36 (KHTML, like Gecko) Chrome/64.0.3282.140 Safari/537.36', 'CHROME', 'WINDOWS_7', 'COMPUTER', 'LAN', 'LAN', '20180728114937', '2018-07-28 03:49:38'), ('5162', '1', '1', 'http://localhost:8080/node/48', 'http://localhost:8080/node/69', 'DIRECT', '127.0.0.1', '857a157d63ed4d4faddd9f61c45e34c8', 'Mozilla/5.0 (Windows NT 6.1; WOW64) AppleWebKit/537.36 (KHTML, like Gecko) Chrome/64.0.3282.140 Safari/537.36', 'CHROME', 'WINDOWS_7', 'COMPUTER', 'LAN', 'LAN', '20180728114939', '2018-07-28 03:49:39'), ('5163', '1', '1', 'http://localhost:8080/node/49', 'http://localhost:8080/node/48', 'DIRECT', '127.0.0.1', '857a157d63ed4d4faddd9f61c45e34c8', 'Mozilla/5.0 (Windows NT 6.1; WOW64) AppleWebKit/537.36 (KHTML, like Gecko) Chrome/64.0.3282.140 Safari/537.36', 'CHROME', 'WINDOWS_7', 'COMPUTER', 'LAN', 'LAN', '20180728114940', '2018-07-28 03:49:41'), ('5164', '1', '1', 'http://localhost:8080/node/92', 'http://localhost:8080/node/49', 'DIRECT', '127.0.0.1', '857a157d63ed4d4faddd9f61c45e34c8', 'Mozilla/5.0 (Windows NT 6.1; WOW64) AppleWebKit/537.36 (KHTML, like Gecko) Chrome/64.0.3282.140 Safari/537.36', 'CHROME', 'WINDOWS_7', 'COMPUTER', 'LAN', 'LAN', '20180728114942', '2018-07-28 03:49:42'), ('5165', '1', '1', 'http://localhost:8080/special_category', 'http://localhost:8080/node/92', 'DIRECT', '127.0.0.1', '857a157d63ed4d4faddd9f61c45e34c8', 'Mozilla/5.0 (Windows NT 6.1; WOW64) AppleWebKit/537.36 (KHTML, like Gecko) Chrome/64.0.3282.140 Safari/537.36', 'CHROME', 'WINDOWS_7', 'COMPUTER', 'LAN', 'LAN', '20180728114943', '2018-07-28 03:49:43'), ('5166', '1', '1', 'http://localhost:8080/guestbook', 'http://localhost:8080/special_category', 'DIRECT', '127.0.0.1', '857a157d63ed4d4faddd9f61c45e34c8', 'Mozilla/5.0 (Windows NT 6.1; WOW64) AppleWebKit/537.36 (KHTML, like Gecko) Chrome/64.0.3282.140 Safari/537.36', 'CHROME', 'WINDOWS_7', 'COMPUTER', 'LAN', 'LAN', '20180728114944', '2018-07-28 03:49:45'), ('5167', '1', '1', 'http://localhost:8080/', 'http://localhost:8080/guestbook', 'DIRECT', '127.0.0.1', '857a157d63ed4d4faddd9f61c45e34c8', 'Mozilla/5.0 (Windows NT 6.1; WOW64) AppleWebKit/537.36 (KHTML, like Gecko) Chrome/64.0.3282.140 Safari/537.36', 'CHROME', 'WINDOWS_7', 'COMPUTER', 'LAN', 'LAN', '20180728114951', '2018-07-28 03:49:51'), ('5168', '1', '1', 'http://localhost:8080/node/36', 'http://localhost:8080/', 'DIRECT', '127.0.0.1', '857a157d63ed4d4faddd9f61c45e34c8', 'Mozilla/5.0 (Windows NT 6.1; WOW64) AppleWebKit/537.36 (KHTML, like Gecko) Chrome/64.0.3282.140 Safari/537.36', 'CHROME', 'WINDOWS_7', 'COMPUTER', 'LAN', 'LAN', '20180728114953', '2018-07-28 03:49:53'), ('5169', '1', '1', 'http://localhost:8080/node/69', 'http://localhost:8080/node/36', 'DIRECT', '127.0.0.1', '857a157d63ed4d4faddd9f61c45e34c8', 'Mozilla/5.0 (Windows NT 6.1; WOW64) AppleWebKit/537.36 (KHTML, like Gecko) Chrome/64.0.3282.140 Safari/537.36', 'CHROME', 'WINDOWS_7', 'COMPUTER', 'LAN', 'LAN', '20180728114954', '2018-07-28 03:49:54'), ('5170', '1', '1', 'http://localhost:8080/node/48', 'http://localhost:8080/node/69', 'DIRECT', '127.0.0.1', '857a157d63ed4d4faddd9f61c45e34c8', 'Mozilla/5.0 (Windows NT 6.1; WOW64) AppleWebKit/537.36 (KHTML, like Gecko) Chrome/64.0.3282.140 Safari/537.36', 'CHROME', 'WINDOWS_7', 'COMPUTER', 'LAN', 'LAN', '20180728114956', '2018-07-28 03:49:57'), ('5171', '1', '1', 'http://localhost:8080/', 'http://localhost:8080/node/48', 'DIRECT', '127.0.0.1', '857a157d63ed4d4faddd9f61c45e34c8', 'Mozilla/5.0 (Windows NT 6.1; WOW64) AppleWebKit/537.36 (KHTML, like Gecko) Chrome/64.0.3282.140 Safari/537.36', 'CHROME', 'WINDOWS_7', 'COMPUTER', 'LAN', 'LAN', '20180728115003', '2018-07-28 03:50:04'), ('5172', '1', '1', 'http://localhost:8080/node/48', 'http://localhost:8080/', 'DIRECT', '127.0.0.1', '857a157d63ed4d4faddd9f61c45e34c8', 'Mozilla/5.0 (Windows NT 6.1; WOW64) AppleWebKit/537.36 (KHTML, like Gecko) Chrome/64.0.3282.140 Safari/537.36', 'CHROME', 'WINDOWS_7', 'COMPUTER', 'LAN', 'LAN', '20180728115012', '2018-07-28 03:50:12'), ('5173', '1', '1', 'http://localhost:8080/node/69', 'http://localhost:8080/node/48', 'DIRECT', '127.0.0.1', '857a157d63ed4d4faddd9f61c45e34c8', 'Mozilla/5.0 (Windows NT 6.1; WOW64) AppleWebKit/537.36 (KHTML, like Gecko) Chrome/64.0.3282.140 Safari/537.36', 'CHROME', 'WINDOWS_7', 'COMPUTER', 'LAN', 'LAN', '20180728115013', '2018-07-28 03:50:13'), ('5174', '1', '1', 'http://localhost:8080/node/36', 'http://localhost:8080/node/69', 'DIRECT', '127.0.0.1', '857a157d63ed4d4faddd9f61c45e34c8', 'Mozilla/5.0 (Windows NT 6.1; WOW64) AppleWebKit/537.36 (KHTML, like Gecko) Chrome/64.0.3282.140 Safari/537.36', 'CHROME', 'WINDOWS_7', 'COMPUTER', 'LAN', 'LAN', '20180728115015', '2018-07-28 03:50:15'), ('5175', '1', '1', 'http://localhost:8080/node/49', 'http://localhost:8080/node/36', 'DIRECT', '127.0.0.1', '857a157d63ed4d4faddd9f61c45e34c8', 'Mozilla/5.0 (Windows NT 6.1; WOW64) AppleWebKit/537.36 (KHTML, like Gecko) Chrome/64.0.3282.140 Safari/537.36', 'CHROME', 'WINDOWS_7', 'COMPUTER', 'LAN', 'LAN', '20180728115016', '2018-07-28 03:50:17'), ('5176', '1', '1', 'http://localhost:8080/node/92', 'http://localhost:8080/node/49', 'DIRECT', '127.0.0.1', '857a157d63ed4d4faddd9f61c45e34c8', 'Mozilla/5.0 (Windows NT 6.1; WOW64) AppleWebKit/537.36 (KHTML, like Gecko) Chrome/64.0.3282.140 Safari/537.36', 'CHROME', 'WINDOWS_7', 'COMPUTER', 'LAN', 'LAN', '20180728115017', '2018-07-28 03:50:17'), ('5177', '1', '1', 'http://localhost:8080/node/92', 'http://localhost:8080/node/49', 'DIRECT', '127.0.0.1', '857a157d63ed4d4faddd9f61c45e34c8', 'Mozilla/5.0 (Windows NT 6.1; WOW64) AppleWebKit/537.36 (KHTML, like Gecko) Chrome/64.0.3282.140 Safari/537.36', 'CHROME', 'WINDOWS_7', 'COMPUTER', 'LAN', 'LAN', '20180728115020', '2018-07-28 03:50:21'), ('5178', '1', '1', 'http://localhost:8080/node/36', 'http://localhost:8080/node/36', 'DIRECT', '127.0.0.1', '857a157d63ed4d4faddd9f61c45e34c8', 'Mozilla/5.0 (Windows NT 6.1; WOW64) AppleWebKit/537.36 (KHTML, like Gecko) Chrome/64.0.3282.140 Safari/537.36', 'CHROME', 'WINDOWS_7', 'COMPUTER', 'LAN', 'LAN', '20180728115647', '2018-07-28 03:56:47'), ('5179', '1', '1', 'http://localhost:8080/', 'http://localhost:8080/node/36', 'DIRECT', '127.0.0.1', '857a157d63ed4d4faddd9f61c45e34c8', 'Mozilla/5.0 (Windows NT 6.1; WOW64) AppleWebKit/537.36 (KHTML, like Gecko) Chrome/64.0.3282.140 Safari/537.36', 'CHROME', 'WINDOWS_7', 'COMPUTER', 'LAN', 'LAN', '20180728115651', '2018-07-28 03:56:52'), ('5180', '1', '1', 'http://localhost:8080/node/36', 'http://localhost:8080/', 'DIRECT', '127.0.0.1', '857a157d63ed4d4faddd9f61c45e34c8', 'Mozilla/5.0 (Windows NT 6.1; WOW64) AppleWebKit/537.36 (KHTML, like Gecko) Chrome/64.0.3282.140 Safari/537.36', 'CHROME', 'WINDOWS_7', 'COMPUTER', 'LAN', 'LAN', '20180728115656', '2018-07-28 03:56:56'), ('5181', '1', '1', 'http://localhost:8080/node/69', 'http://localhost:8080/node/36', 'DIRECT', '127.0.0.1', '857a157d63ed4d4faddd9f61c45e34c8', 'Mozilla/5.0 (Windows NT 6.1; WOW64) AppleWebKit/537.36 (KHTML, like Gecko) Chrome/64.0.3282.140 Safari/537.36', 'CHROME', 'WINDOWS_7', 'COMPUTER', 'LAN', 'LAN', '20180728115657', '2018-07-28 03:56:58'), ('5182', '1', '1', 'http://localhost:8080/node/69', 'http://localhost:8080/node/36', 'DIRECT', '127.0.0.1', '857a157d63ed4d4faddd9f61c45e34c8', 'Mozilla/5.0 (Windows NT 6.1; WOW64) AppleWebKit/537.36 (KHTML, like Gecko) Chrome/64.0.3282.140 Safari/537.36', 'CHROME', 'WINDOWS_7', 'COMPUTER', 'LAN', 'LAN', '20180728115732', '2018-07-28 03:57:33'), ('5183', '1', '1', 'http://localhost:8080/node/36', 'http://localhost:8080/node/69', 'DIRECT', '127.0.0.1', '857a157d63ed4d4faddd9f61c45e34c8', 'Mozilla/5.0 (Windows NT 6.1; WOW64) AppleWebKit/537.36 (KHTML, like Gecko) Chrome/64.0.3282.140 Safari/537.36', 'CHROME', 'WINDOWS_7', 'COMPUTER', 'LAN', 'LAN', '20180728115840', '2018-07-28 03:58:40'), ('5184', '1', '1', 'http://localhost:8080/node/36', 'http://localhost:8080/node/69', 'DIRECT', '127.0.0.1', '857a157d63ed4d4faddd9f61c45e34c8', 'Mozilla/5.0 (Windows NT 6.1; WOW64) AppleWebKit/537.36 (KHTML, like Gecko) Chrome/64.0.3282.140 Safari/537.36', 'CHROME', 'WINDOWS_7', 'COMPUTER', 'LAN', 'LAN', '20180728115850', '2018-07-28 03:58:50'), ('5185', '1', '1', 'http://localhost:8080/node/36', 'http://localhost:8080/node/36', 'DIRECT', '127.0.0.1', '857a157d63ed4d4faddd9f61c45e34c8', 'Mozilla/5.0 (Windows NT 6.1; WOW64) AppleWebKit/537.36 (KHTML, like Gecko) Chrome/64.0.3282.140 Safari/537.36', 'CHROME', 'WINDOWS_7', 'COMPUTER', 'LAN', 'LAN', '20180728115906', '2018-07-28 03:59:06'), ('5186', '1', '1', 'http://localhost:8080/node/69', 'http://localhost:8080/node/36', 'DIRECT', '127.0.0.1', '857a157d63ed4d4faddd9f61c45e34c8', 'Mozilla/5.0 (Windows NT 6.1; WOW64) AppleWebKit/537.36 (KHTML, like Gecko) Chrome/64.0.3282.140 Safari/537.36', 'CHROME', 'WINDOWS_7', 'COMPUTER', 'LAN', 'LAN', '20180728115951', '2018-07-28 03:59:51'), ('5187', '1', '1', 'http://localhost:8080/node/48', 'http://localhost:8080/node/69', 'DIRECT', '127.0.0.1', '857a157d63ed4d4faddd9f61c45e34c8', 'Mozilla/5.0 (Windows NT 6.1; WOW64) AppleWebKit/537.36 (KHTML, like Gecko) Chrome/64.0.3282.140 Safari/537.36', 'CHROME', 'WINDOWS_7', 'COMPUTER', 'LAN', 'LAN', '20180728115953', '2018-07-28 03:59:53'), ('5188', '1', '1', 'http://localhost:8080/node/69', 'http://localhost:8080/node/48', 'DIRECT', '127.0.0.1', '857a157d63ed4d4faddd9f61c45e34c8', 'Mozilla/5.0 (Windows NT 6.1; WOW64) AppleWebKit/537.36 (KHTML, like Gecko) Chrome/64.0.3282.140 Safari/537.36', 'CHROME', 'WINDOWS_7', 'COMPUTER', 'LAN', 'LAN', '20180728115954', '2018-07-28 03:59:55'), ('5189', '1', '1', 'http://localhost:8080/node/36', 'http://localhost:8080/node/69', 'DIRECT', '127.0.0.1', '857a157d63ed4d4faddd9f61c45e34c8', 'Mozilla/5.0 (Windows NT 6.1; WOW64) AppleWebKit/537.36 (KHTML, like Gecko) Chrome/64.0.3282.140 Safari/537.36', 'CHROME', 'WINDOWS_7', 'COMPUTER', 'LAN', 'LAN', '20180728115956', '2018-07-28 03:59:57'), ('5190', '1', '1', 'http://localhost:8080/node/69', 'http://localhost:8080/node/36', 'DIRECT', '127.0.0.1', '857a157d63ed4d4faddd9f61c45e34c8', 'Mozilla/5.0 (Windows NT 6.1; WOW64) AppleWebKit/537.36 (KHTML, like Gecko) Chrome/64.0.3282.140 Safari/537.36', 'CHROME', 'WINDOWS_7', 'COMPUTER', 'LAN', 'LAN', '20180728115959', '2018-07-28 03:59:59'), ('5191', '1', '1', 'http://localhost:8080/node/36', 'http://localhost:8080/node/69', 'DIRECT', '127.0.0.1', '857a157d63ed4d4faddd9f61c45e34c8', 'Mozilla/5.0 (Windows NT 6.1; WOW64) AppleWebKit/537.36 (KHTML, like Gecko) Chrome/64.0.3282.140 Safari/537.36', 'CHROME', 'WINDOWS_7', 'COMPUTER', 'LAN', 'LAN', '20180728120000', '2018-07-28 04:00:01'), ('5192', '1', '1', 'http://localhost:8080/node/36', 'http://localhost:8080/node/69', 'DIRECT', '127.0.0.1', '857a157d63ed4d4faddd9f61c45e34c8', 'Mozilla/5.0 (Windows NT 6.1; WOW64) AppleWebKit/537.36 (KHTML, like Gecko) Chrome/64.0.3282.140 Safari/537.36', 'CHROME', 'WINDOWS_7', 'COMPUTER', 'LAN', 'LAN', '20180728120001', '2018-07-28 04:00:02'), ('5193', '1', '1', 'http://localhost:8080/', 'http://localhost:8080/node/36', 'DIRECT', '127.0.0.1', '857a157d63ed4d4faddd9f61c45e34c8', 'Mozilla/5.0 (Windows NT 6.1; WOW64) AppleWebKit/537.36 (KHTML, like Gecko) Chrome/64.0.3282.140 Safari/537.36', 'CHROME', 'WINDOWS_7', 'COMPUTER', 'LAN', 'LAN', '20180728120003', '2018-07-28 04:00:04'), ('5194', '1', '1', 'http://localhost:8080/', 'http://localhost:8080/node/36', 'DIRECT', '127.0.0.1', '857a157d63ed4d4faddd9f61c45e34c8', 'Mozilla/5.0 (Windows NT 6.1; WOW64) AppleWebKit/537.36 (KHTML, like Gecko) Chrome/64.0.3282.140 Safari/537.36', 'CHROME', 'WINDOWS_7', 'COMPUTER', 'LAN', 'LAN', '20180728120019', '2018-07-28 04:00:19'), ('5195', '1', '1', 'http://localhost:8080/node/36', 'http://localhost:8080/', 'DIRECT', '127.0.0.1', '857a157d63ed4d4faddd9f61c45e34c8', 'Mozilla/5.0 (Windows NT 6.1; WOW64) AppleWebKit/537.36 (KHTML, like Gecko) Chrome/64.0.3282.140 Safari/537.36', 'CHROME', 'WINDOWS_7', 'COMPUTER', 'LAN', 'LAN', '20180728120026', '2018-07-28 04:00:27'), ('5196', '1', '1', 'http://localhost:8080/node/69', 'http://localhost:8080/node/36', 'DIRECT', '127.0.0.1', '857a157d63ed4d4faddd9f61c45e34c8', 'Mozilla/5.0 (Windows NT 6.1; WOW64) AppleWebKit/537.36 (KHTML, like Gecko) Chrome/64.0.3282.140 Safari/537.36', 'CHROME', 'WINDOWS_7', 'COMPUTER', 'LAN', 'LAN', '20180728120127', '2018-07-28 04:01:27'), ('5197', '1', '1', 'http://localhost:8080/node/69', 'http://localhost:8080/node/36', 'DIRECT', '127.0.0.1', '857a157d63ed4d4faddd9f61c45e34c8', 'Mozilla/5.0 (Windows NT 6.1; WOW64) AppleWebKit/537.36 (KHTML, like Gecko) Chrome/64.0.3282.140 Safari/537.36', 'CHROME', 'WINDOWS_7', 'COMPUTER', 'LAN', 'LAN', '20180728120346', '2018-07-28 04:03:46'), ('5198', '1', '1', 'http://localhost:8080/node/36', 'http://localhost:8080/node/69', 'DIRECT', '127.0.0.1', '857a157d63ed4d4faddd9f61c45e34c8', 'Mozilla/5.0 (Windows NT 6.1; WOW64) AppleWebKit/537.36 (KHTML, like Gecko) Chrome/64.0.3282.140 Safari/537.36', 'CHROME', 'WINDOWS_7', 'COMPUTER', 'LAN', 'LAN', '20180728120350', '2018-07-28 04:03:51'), ('5199', '1', '1', 'http://localhost:8080/node/36', 'http://localhost:8080/node/69', 'DIRECT', '127.0.0.1', '857a157d63ed4d4faddd9f61c45e34c8', 'Mozilla/5.0 (Windows NT 6.1; WOW64) AppleWebKit/537.36 (KHTML, like Gecko) Chrome/64.0.3282.140 Safari/537.36', 'CHROME', 'WINDOWS_7', 'COMPUTER', 'LAN', 'LAN', '20180728120354', '2018-07-28 04:03:55'), ('5200', '1', '1', 'http://localhost:8080/info/128', 'http://localhost:8080/node/36', 'DIRECT', '127.0.0.1', '857a157d63ed4d4faddd9f61c45e34c8', 'Mozilla/5.0 (Windows NT 6.1; WOW64) AppleWebKit/537.36 (KHTML, like Gecko) Chrome/64.0.3282.140 Safari/537.36', 'CHROME', 'WINDOWS_7', 'COMPUTER', 'LAN', 'LAN', '20180728120358', '2018-07-28 04:03:59'), ('5201', '1', '1', 'http://localhost:8080/node/69', 'http://localhost:8080/node/36', 'DIRECT', '127.0.0.1', '857a157d63ed4d4faddd9f61c45e34c8', 'Mozilla/5.0 (Windows NT 6.1; WOW64) AppleWebKit/537.36 (KHTML, like Gecko) Chrome/64.0.3282.140 Safari/537.36', 'CHROME', 'WINDOWS_7', 'COMPUTER', 'LAN', 'LAN', '20180728120407', '2018-07-28 04:04:07'), ('5202', '1', '1', 'http://localhost:8080/info/260', 'http://localhost:8080/node/69', 'DIRECT', '127.0.0.1', '857a157d63ed4d4faddd9f61c45e34c8', 'Mozilla/5.0 (Windows NT 6.1; WOW64) AppleWebKit/537.36 (KHTML, like Gecko) Chrome/64.0.3282.140 Safari/537.36', 'CHROME', 'WINDOWS_7', 'COMPUTER', 'LAN', 'LAN', '20180728120408', '2018-07-28 04:04:08'), ('5203', '1', '1', 'http://localhost:8080/info/260', 'http://localhost:8080/node/69', 'DIRECT', '127.0.0.1', '857a157d63ed4d4faddd9f61c45e34c8', 'Mozilla/5.0 (Windows NT 6.1; WOW64) AppleWebKit/537.36 (KHTML, like Gecko) Chrome/64.0.3282.140 Safari/537.36', 'CHROME', 'WINDOWS_7', 'COMPUTER', 'LAN', 'LAN', '20180728120437', '2018-07-28 04:04:38'), ('5204', '1', '1', 'http://localhost:8080/node/36', 'http://localhost:8080/info/260', 'DIRECT', '127.0.0.1', '857a157d63ed4d4faddd9f61c45e34c8', 'Mozilla/5.0 (Windows NT 6.1; WOW64) AppleWebKit/537.36 (KHTML, like Gecko) Chrome/64.0.3282.140 Safari/537.36', 'CHROME', 'WINDOWS_7', 'COMPUTER', 'LAN', 'LAN', '20180728120439', '2018-07-28 04:04:40'), ('5205', '1', '1', 'http://localhost:8080/node/69', 'http://localhost:8080/node/36', 'DIRECT', '127.0.0.1', '857a157d63ed4d4faddd9f61c45e34c8', 'Mozilla/5.0 (Windows NT 6.1; WOW64) AppleWebKit/537.36 (KHTML, like Gecko) Chrome/64.0.3282.140 Safari/537.36', 'CHROME', 'WINDOWS_7', 'COMPUTER', 'LAN', 'LAN', '20180728120454', '2018-07-28 04:04:54'), ('5206', '1', '1', 'http://localhost:8080/node/36', 'http://localhost:8080/node/69', 'DIRECT', '127.0.0.1', '857a157d63ed4d4faddd9f61c45e34c8', 'Mozilla/5.0 (Windows NT 6.1; WOW64) AppleWebKit/537.36 (KHTML, like Gecko) Chrome/64.0.3282.140 Safari/537.36', 'CHROME', 'WINDOWS_7', 'COMPUTER', 'LAN', 'LAN', '20180728120502', '2018-07-28 04:05:02'), ('5207', '1', '1', 'http://localhost:8080/node/69', 'http://localhost:8080/node/36', 'DIRECT', '127.0.0.1', '857a157d63ed4d4faddd9f61c45e34c8', 'Mozilla/5.0 (Windows NT 6.1; WOW64) AppleWebKit/537.36 (KHTML, like Gecko) Chrome/64.0.3282.140 Safari/537.36', 'CHROME', 'WINDOWS_7', 'COMPUTER', 'LAN', 'LAN', '20180728120520', '2018-07-28 04:05:21'), ('5208', '1', '1', 'http://localhost:8080/node/36', 'http://localhost:8080/node/69', 'DIRECT', '127.0.0.1', '857a157d63ed4d4faddd9f61c45e34c8', 'Mozilla/5.0 (Windows NT 6.1; WOW64) AppleWebKit/537.36 (KHTML, like Gecko) Chrome/64.0.3282.140 Safari/537.36', 'CHROME', 'WINDOWS_7', 'COMPUTER', 'LAN', 'LAN', '20180728121427', '2018-07-28 04:14:27'), ('5209', '1', '1', 'http://localhost:8080/node/69', 'http://localhost:8080/node/36', 'DIRECT', '127.0.0.1', '857a157d63ed4d4faddd9f61c45e34c8', 'Mozilla/5.0 (Windows NT 6.1; WOW64) AppleWebKit/537.36 (KHTML, like Gecko) Chrome/64.0.3282.140 Safari/537.36', 'CHROME', 'WINDOWS_7', 'COMPUTER', 'LAN', 'LAN', '20180728121431', '2018-07-28 04:14:31'), ('5210', '1', '1', 'http://localhost:8080/node/92', 'http://localhost:8080/node/69', 'DIRECT', '127.0.0.1', '857a157d63ed4d4faddd9f61c45e34c8', 'Mozilla/5.0 (Windows NT 6.1; WOW64) AppleWebKit/537.36 (KHTML, like Gecko) Chrome/64.0.3282.140 Safari/537.36', 'CHROME', 'WINDOWS_7', 'COMPUTER', 'LAN', 'LAN', '20180728121434', '2018-07-28 04:14:34'), ('5211', '1', '1', 'http://localhost:8080/special_category', 'http://localhost:8080/node/92', 'DIRECT', '127.0.0.1', '857a157d63ed4d4faddd9f61c45e34c8', 'Mozilla/5.0 (Windows NT 6.1; WOW64) AppleWebKit/537.36 (KHTML, like Gecko) Chrome/64.0.3282.140 Safari/537.36', 'CHROME', 'WINDOWS_7', 'COMPUTER', 'LAN', 'LAN', '20180728121439', '2018-07-28 04:14:39'), ('5212', '1', '1', 'http://localhost:8080/special_category/2', 'http://localhost:8080/special_category', 'DIRECT', '127.0.0.1', '857a157d63ed4d4faddd9f61c45e34c8', 'Mozilla/5.0 (Windows NT 6.1; WOW64) AppleWebKit/537.36 (KHTML, like Gecko) Chrome/64.0.3282.140 Safari/537.36', 'CHROME', 'WINDOWS_7', 'COMPUTER', 'LAN', 'LAN', '20180728121446', '2018-07-28 04:14:46'), ('5213', '1', '1', 'http://localhost:8080/special_category', 'http://localhost:8080/special_category/2', 'DIRECT', '127.0.0.1', '857a157d63ed4d4faddd9f61c45e34c8', 'Mozilla/5.0 (Windows NT 6.1; WOW64) AppleWebKit/537.36 (KHTML, like Gecko) Chrome/64.0.3282.140 Safari/537.36', 'CHROME', 'WINDOWS_7', 'COMPUTER', 'LAN', 'LAN', '20180728121448', '2018-07-28 04:14:49'), ('5214', '1', '1', 'http://localhost:8080/guestbook', 'http://localhost:8080/special_category', 'DIRECT', '127.0.0.1', '857a157d63ed4d4faddd9f61c45e34c8', 'Mozilla/5.0 (Windows NT 6.1; WOW64) AppleWebKit/537.36 (KHTML, like Gecko) Chrome/64.0.3282.140 Safari/537.36', 'CHROME', 'WINDOWS_7', 'COMPUTER', 'LAN', 'LAN', '20180728121449', '2018-07-28 04:14:50'), ('5215', '1', '1', 'http://localhost:8080/node/69', 'http://localhost:8080/node/36', 'DIRECT', '127.0.0.1', '857a157d63ed4d4faddd9f61c45e34c8', 'Mozilla/5.0 (Windows NT 6.1; WOW64) AppleWebKit/537.36 (KHTML, like Gecko) Chrome/64.0.3282.140 Safari/537.36', 'CHROME', 'WINDOWS_7', 'COMPUTER', 'LAN', 'LAN', '20180728121835', '2018-07-28 04:18:36'), ('5216', '1', '1', 'http://localhost:8080/node/48', 'http://localhost:8080/node/69', 'DIRECT', '127.0.0.1', '857a157d63ed4d4faddd9f61c45e34c8', 'Mozilla/5.0 (Windows NT 6.1; WOW64) AppleWebKit/537.36 (KHTML, like Gecko) Chrome/64.0.3282.140 Safari/537.36', 'CHROME', 'WINDOWS_7', 'COMPUTER', 'LAN', 'LAN', '20180728121854', '2018-07-28 04:18:55'), ('5217', '1', '1', 'http://localhost:8080/node/88', 'http://localhost:8080/node/48', 'DIRECT', '127.0.0.1', '857a157d63ed4d4faddd9f61c45e34c8', 'Mozilla/5.0 (Windows NT 6.1; WOW64) AppleWebKit/537.36 (KHTML, like Gecko) Chrome/64.0.3282.140 Safari/537.36', 'CHROME', 'WINDOWS_7', 'COMPUTER', 'LAN', 'LAN', '20180728121858', '2018-07-28 04:18:58'), ('5218', '1', '1', 'http://localhost:8080/node/69', 'http://localhost:8080/node/88', 'DIRECT', '127.0.0.1', '857a157d63ed4d4faddd9f61c45e34c8', 'Mozilla/5.0 (Windows NT 6.1; WOW64) AppleWebKit/537.36 (KHTML, like Gecko) Chrome/64.0.3282.140 Safari/537.36', 'CHROME', 'WINDOWS_7', 'COMPUTER', 'LAN', 'LAN', '20180728121908', '2018-07-28 04:19:09'), ('5219', '1', '1', 'http://localhost:8080/node/69_2', 'http://localhost:8080/node/69', 'DIRECT', '127.0.0.1', '857a157d63ed4d4faddd9f61c45e34c8', 'Mozilla/5.0 (Windows NT 6.1; WOW64) AppleWebKit/537.36 (KHTML, like Gecko) Chrome/64.0.3282.140 Safari/537.36', 'CHROME', 'WINDOWS_7', 'COMPUTER', 'LAN', 'LAN', '20180728121912', '2018-07-28 04:19:12'), ('5220', '1', '1', 'http://localhost:8080/node/36', 'http://localhost:8080/node/69_2', 'DIRECT', '127.0.0.1', '857a157d63ed4d4faddd9f61c45e34c8', 'Mozilla/5.0 (Windows NT 6.1; WOW64) AppleWebKit/537.36 (KHTML, like Gecko) Chrome/64.0.3282.140 Safari/537.36', 'CHROME', 'WINDOWS_7', 'COMPUTER', 'LAN', 'LAN', '20180728121919', '2018-07-28 04:19:19'), ('5221', '1', '1', 'http://localhost:8080/node/36', 'http://localhost:8080/node/69_2', 'DIRECT', '127.0.0.1', '857a157d63ed4d4faddd9f61c45e34c8', 'Mozilla/5.0 (Windows NT 6.1; WOW64) AppleWebKit/537.36 (KHTML, like Gecko) Chrome/64.0.3282.140 Safari/537.36', 'CHROME', 'WINDOWS_7', 'COMPUTER', 'LAN', 'LAN', '20180728121949', '2018-07-28 04:19:49'), ('5222', '1', '1', 'http://localhost:8080/node/36', 'http://localhost:8080/node/36', 'DIRECT', '127.0.0.1', '857a157d63ed4d4faddd9f61c45e34c8', 'Mozilla/5.0 (Windows NT 6.1; WOW64) AppleWebKit/537.36 (KHTML, like Gecko) Chrome/64.0.3282.140 Safari/537.36', 'CHROME', 'WINDOWS_7', 'COMPUTER', 'LAN', 'LAN', '20180728121951', '2018-07-28 04:19:51'), ('5223', '1', '1', 'http://localhost:8080/node/36', 'http://localhost:8080/node/36', 'DIRECT', '127.0.0.1', '857a157d63ed4d4faddd9f61c45e34c8', 'Mozilla/5.0 (Windows NT 6.1; WOW64) AppleWebKit/537.36 (KHTML, like Gecko) Chrome/64.0.3282.140 Safari/537.36', 'CHROME', 'WINDOWS_7', 'COMPUTER', 'LAN', 'LAN', '20180728122028', '2018-07-28 04:20:29'), ('5224', '1', '1', 'http://localhost:8080/', 'http://localhost:8080/node/36', 'DIRECT', '127.0.0.1', '857a157d63ed4d4faddd9f61c45e34c8', 'Mozilla/5.0 (Windows NT 6.1; WOW64) AppleWebKit/537.36 (KHTML, like Gecko) Chrome/64.0.3282.140 Safari/537.36', 'CHROME', 'WINDOWS_7', 'COMPUTER', 'LAN', 'LAN', '20180728122041', '2018-07-28 04:20:42'), ('5225', '1', '1', 'http://localhost:8080/node/36', 'http://localhost:8080/', 'DIRECT', '127.0.0.1', '857a157d63ed4d4faddd9f61c45e34c8', 'Mozilla/5.0 (Windows NT 6.1; WOW64) AppleWebKit/537.36 (KHTML, like Gecko) Chrome/64.0.3282.140 Safari/537.36', 'CHROME', 'WINDOWS_7', 'COMPUTER', 'LAN', 'LAN', '20180728122047', '2018-07-28 04:20:47'), ('5226', '1', '1', 'http://localhost:8080/node/69', 'http://localhost:8080/node/36', 'DIRECT', '127.0.0.1', '857a157d63ed4d4faddd9f61c45e34c8', 'Mozilla/5.0 (Windows NT 6.1; WOW64) AppleWebKit/537.36 (KHTML, like Gecko) Chrome/64.0.3282.140 Safari/537.36', 'CHROME', 'WINDOWS_7', 'COMPUTER', 'LAN', 'LAN', '20180728122050', '2018-07-28 04:20:51'), ('5227', '1', '1', 'http://localhost:8080/', 'http://localhost:8080/node/69', 'DIRECT', '127.0.0.1', '857a157d63ed4d4faddd9f61c45e34c8', 'Mozilla/5.0 (Windows NT 6.1; WOW64) AppleWebKit/537.36 (KHTML, like Gecko) Chrome/64.0.3282.140 Safari/537.36', 'CHROME', 'WINDOWS_7', 'COMPUTER', 'LAN', 'LAN', '20180728122103', '2018-07-28 04:21:03'), ('5228', '1', '1', 'http://localhost:8080/node/36', 'http://localhost:8080/', 'DIRECT', '127.0.0.1', '857a157d63ed4d4faddd9f61c45e34c8', 'Mozilla/5.0 (Windows NT 6.1; WOW64) AppleWebKit/537.36 (KHTML, like Gecko) Chrome/64.0.3282.140 Safari/537.36', 'CHROME', 'WINDOWS_7', 'COMPUTER', 'LAN', 'LAN', '20180728122108', '2018-07-28 04:21:08'), ('5229', '1', '1', 'http://localhost:8080/node/69', 'http://localhost:8080/node/36', 'DIRECT', '127.0.0.1', '857a157d63ed4d4faddd9f61c45e34c8', 'Mozilla/5.0 (Windows NT 6.1; WOW64) AppleWebKit/537.36 (KHTML, like Gecko) Chrome/64.0.3282.140 Safari/537.36', 'CHROME', 'WINDOWS_7', 'COMPUTER', 'LAN', 'LAN', '20180728122111', '2018-07-28 04:21:11'), ('5230', '1', '1', 'http://localhost:8080/node/36', 'http://localhost:8080/node/69', 'DIRECT', '127.0.0.1', '857a157d63ed4d4faddd9f61c45e34c8', 'Mozilla/5.0 (Windows NT 6.1; WOW64) AppleWebKit/537.36 (KHTML, like Gecko) Chrome/64.0.3282.140 Safari/537.36', 'CHROME', 'WINDOWS_7', 'COMPUTER', 'LAN', 'LAN', '20180728122131', '2018-07-28 04:21:31'), ('5231', '1', '1', 'http://localhost:8080/node/36', 'http://localhost:8080/node/69', 'DIRECT', '127.0.0.1', '857a157d63ed4d4faddd9f61c45e34c8', 'Mozilla/5.0 (Windows NT 6.1; WOW64) AppleWebKit/537.36 (KHTML, like Gecko) Chrome/64.0.3282.140 Safari/537.36', 'CHROME', 'WINDOWS_7', 'COMPUTER', 'LAN', 'LAN', '20180728124024', '2018-07-28 04:40:25'), ('5232', '1', '1', 'http://localhost:8080/', 'http://localhost:8080/node/36', 'DIRECT', '127.0.0.1', '857a157d63ed4d4faddd9f61c45e34c8', 'Mozilla/5.0 (Windows NT 6.1; WOW64) AppleWebKit/537.36 (KHTML, like Gecko) Chrome/64.0.3282.140 Safari/537.36', 'CHROME', 'WINDOWS_7', 'COMPUTER', 'LAN', 'LAN', '20180728124026', '2018-07-28 04:40:26'), ('5233', '1', '1', 'http://localhost:8080/', 'http://localhost:8080/node/36', 'DIRECT', '127.0.0.1', '857a157d63ed4d4faddd9f61c45e34c8', 'Mozilla/5.0 (Windows NT 6.1; WOW64) AppleWebKit/537.36 (KHTML, like Gecko) Chrome/64.0.3282.140 Safari/537.36', 'CHROME', 'WINDOWS_7', 'COMPUTER', 'LAN', 'LAN', '20180728124242', '2018-07-28 04:42:42'), ('5234', '1', '1', 'http://localhost:8080/node/69', 'http://localhost:8080/', 'DIRECT', '127.0.0.1', '857a157d63ed4d4faddd9f61c45e34c8', 'Mozilla/5.0 (Windows NT 6.1; WOW64) AppleWebKit/537.36 (KHTML, like Gecko) Chrome/64.0.3282.140 Safari/537.36', 'CHROME', 'WINDOWS_7', 'COMPUTER', 'LAN', 'LAN', '20180728124402', '2018-07-28 04:44:02'), ('5235', '1', '1', 'http://localhost:8080/node/36', 'http://localhost:8080/node/69', 'DIRECT', '127.0.0.1', '857a157d63ed4d4faddd9f61c45e34c8', 'Mozilla/5.0 (Windows NT 6.1; WOW64) AppleWebKit/537.36 (KHTML, like Gecko) Chrome/64.0.3282.140 Safari/537.36', 'CHROME', 'WINDOWS_7', 'COMPUTER', 'LAN', 'LAN', '20180728124407', '2018-07-28 04:44:08'), ('5236', '1', '1', 'http://localhost:8080/node/69', 'http://localhost:8080/node/36', 'DIRECT', '127.0.0.1', '857a157d63ed4d4faddd9f61c45e34c8', 'Mozilla/5.0 (Windows NT 6.1; WOW64) AppleWebKit/537.36 (KHTML, like Gecko) Chrome/64.0.3282.140 Safari/537.36', 'CHROME', 'WINDOWS_7', 'COMPUTER', 'LAN', 'LAN', '20180728124409', '2018-07-28 04:44:10'), ('5237', '1', '1', 'http://localhost:8080/node/48', 'http://localhost:8080/node/69', 'DIRECT', '127.0.0.1', '857a157d63ed4d4faddd9f61c45e34c8', 'Mozilla/5.0 (Windows NT 6.1; WOW64) AppleWebKit/537.36 (KHTML, like Gecko) Chrome/64.0.3282.140 Safari/537.36', 'CHROME', 'WINDOWS_7', 'COMPUTER', 'LAN', 'LAN', '20180728124410', '2018-07-28 04:44:10'), ('5238', '1', '1', 'http://localhost:8080/node/49', 'http://localhost:8080/node/48', 'DIRECT', '127.0.0.1', '857a157d63ed4d4faddd9f61c45e34c8', 'Mozilla/5.0 (Windows NT 6.1; WOW64) AppleWebKit/537.36 (KHTML, like Gecko) Chrome/64.0.3282.140 Safari/537.36', 'CHROME', 'WINDOWS_7', 'COMPUTER', 'LAN', 'LAN', '20180728124414', '2018-07-28 04:44:14'), ('5239', '1', '1', 'http://localhost:8080/node/92', 'http://localhost:8080/node/49', 'DIRECT', '127.0.0.1', '857a157d63ed4d4faddd9f61c45e34c8', 'Mozilla/5.0 (Windows NT 6.1; WOW64) AppleWebKit/537.36 (KHTML, like Gecko) Chrome/64.0.3282.140 Safari/537.36', 'CHROME', 'WINDOWS_7', 'COMPUTER', 'LAN', 'LAN', '20180728124416', '2018-07-28 04:44:16'), ('5240', '1', '1', 'http://localhost:8080/special_category', 'http://localhost:8080/node/92', 'DIRECT', '127.0.0.1', '857a157d63ed4d4faddd9f61c45e34c8', 'Mozilla/5.0 (Windows NT 6.1; WOW64) AppleWebKit/537.36 (KHTML, like Gecko) Chrome/64.0.3282.140 Safari/537.36', 'CHROME', 'WINDOWS_7', 'COMPUTER', 'LAN', 'LAN', '20180728124421', '2018-07-28 04:44:22'), ('5241', '1', '1', 'http://localhost:8080/guestbook', 'http://localhost:8080/special_category', 'DIRECT', '127.0.0.1', '857a157d63ed4d4faddd9f61c45e34c8', 'Mozilla/5.0 (Windows NT 6.1; WOW64) AppleWebKit/537.36 (KHTML, like Gecko) Chrome/64.0.3282.140 Safari/537.36', 'CHROME', 'WINDOWS_7', 'COMPUTER', 'LAN', 'LAN', '20180728124725', '2018-07-28 04:47:26'), ('5242', '1', '1', 'http://localhost:8080/special_category', 'http://localhost:8080/guestbook', 'DIRECT', '127.0.0.1', '857a157d63ed4d4faddd9f61c45e34c8', 'Mozilla/5.0 (Windows NT 6.1; WOW64) AppleWebKit/537.36 (KHTML, like Gecko) Chrome/64.0.3282.140 Safari/537.36', 'CHROME', 'WINDOWS_7', 'COMPUTER', 'LAN', 'LAN', '20180728124732', '2018-07-28 04:47:32'), ('5243', '1', '1', 'http://localhost:8080/node/49', 'http://localhost:8080/special_category', 'DIRECT', '127.0.0.1', '857a157d63ed4d4faddd9f61c45e34c8', 'Mozilla/5.0 (Windows NT 6.1; WOW64) AppleWebKit/537.36 (KHTML, like Gecko) Chrome/64.0.3282.140 Safari/537.36', 'CHROME', 'WINDOWS_7', 'COMPUTER', 'LAN', 'LAN', '20180728124738', '2018-07-28 04:47:39'), ('5244', '1', '1', 'http://localhost:8080/node/92', 'http://localhost:8080/node/49', 'DIRECT', '127.0.0.1', '857a157d63ed4d4faddd9f61c45e34c8', 'Mozilla/5.0 (Windows NT 6.1; WOW64) AppleWebKit/537.36 (KHTML, like Gecko) Chrome/64.0.3282.140 Safari/537.36', 'CHROME', 'WINDOWS_7', 'COMPUTER', 'LAN', 'LAN', '20180728124741', '2018-07-28 04:47:42'), ('5245', '1', '1', 'http://localhost:8080/node/69', 'http://localhost:8080/node/92', 'DIRECT', '127.0.0.1', '857a157d63ed4d4faddd9f61c45e34c8', 'Mozilla/5.0 (Windows NT 6.1; WOW64) AppleWebKit/537.36 (KHTML, like Gecko) Chrome/64.0.3282.140 Safari/537.36', 'CHROME', 'WINDOWS_7', 'COMPUTER', 'LAN', 'LAN', '20180728125235', '2018-07-28 04:52:36'), ('5246', '1', '1', 'http://localhost:8080/info/261', 'http://localhost:8080/node/69', 'DIRECT', '127.0.0.1', '857a157d63ed4d4faddd9f61c45e34c8', 'Mozilla/5.0 (Windows NT 6.1; WOW64) AppleWebKit/537.36 (KHTML, like Gecko) Chrome/64.0.3282.140 Safari/537.36', 'CHROME', 'WINDOWS_7', 'COMPUTER', 'LAN', 'LAN', '20180728125237', '2018-07-28 04:52:37'), ('5247', '1', '1', 'http://localhost:8080/info/261', 'http://localhost:8080/node/69', 'DIRECT', '127.0.0.1', '857a157d63ed4d4faddd9f61c45e34c8', 'Mozilla/5.0 (Windows NT 6.1; WOW64) AppleWebKit/537.36 (KHTML, like Gecko) Chrome/64.0.3282.140 Safari/537.36', 'CHROME', 'WINDOWS_7', 'COMPUTER', 'LAN', 'LAN', '20180728125250', '2018-07-28 04:52:50');
INSERT INTO `cms_visit_log` VALUES ('5248', '1', '1', 'http://localhost:8080/node/69', 'http://localhost:8080/node/92', 'DIRECT', '127.0.0.1', '857a157d63ed4d4faddd9f61c45e34c8', 'Mozilla/5.0 (Windows NT 6.1; WOW64) AppleWebKit/537.36 (KHTML, like Gecko) Chrome/64.0.3282.140 Safari/537.36', 'CHROME', 'WINDOWS_7', 'COMPUTER', 'LAN', 'LAN', '20180728125614', '2018-07-28 04:56:15'), ('5249', '1', '1', 'http://localhost:8080/info/261', 'http://localhost:8080/node/69', 'DIRECT', '127.0.0.1', '857a157d63ed4d4faddd9f61c45e34c8', 'Mozilla/5.0 (Windows NT 6.1; WOW64) AppleWebKit/537.36 (KHTML, like Gecko) Chrome/64.0.3282.140 Safari/537.36', 'CHROME', 'WINDOWS_7', 'COMPUTER', 'LAN', 'LAN', '20180728125616', '2018-07-28 04:56:16'), ('5250', '1', '1', 'http://localhost:8080/', 'http://localhost:8080/info/261', 'DIRECT', '127.0.0.1', '857a157d63ed4d4faddd9f61c45e34c8', 'Mozilla/5.0 (Windows NT 6.1; WOW64) AppleWebKit/537.36 (KHTML, like Gecko) Chrome/64.0.3282.140 Safari/537.36', 'CHROME', 'WINDOWS_7', 'COMPUTER', 'LAN', 'LAN', '20180728132454', '2018-07-28 05:24:55'), ('5251', '1', '1', 'http://localhost:8080/node/36', 'http://localhost:8080/', 'DIRECT', '127.0.0.1', '857a157d63ed4d4faddd9f61c45e34c8', 'Mozilla/5.0 (Windows NT 6.1; WOW64) AppleWebKit/537.36 (KHTML, like Gecko) Chrome/64.0.3282.140 Safari/537.36', 'CHROME', 'WINDOWS_7', 'COMPUTER', 'LAN', 'LAN', '20180728132459', '2018-07-28 05:25:00'), ('5252', '1', '1', 'http://localhost:8080/info/262', 'http://localhost:8080/node/36', 'DIRECT', '127.0.0.1', '857a157d63ed4d4faddd9f61c45e34c8', 'Mozilla/5.0 (Windows NT 6.1; WOW64) AppleWebKit/537.36 (KHTML, like Gecko) Chrome/64.0.3282.140 Safari/537.36', 'CHROME', 'WINDOWS_7', 'COMPUTER', 'LAN', 'LAN', '20180728132503', '2018-07-28 05:25:04'), ('5253', '1', '1', 'http://localhost:8080/', 'http://localhost:8080/node/69', 'DIRECT', '127.0.0.1', '857a157d63ed4d4faddd9f61c45e34c8', 'Mozilla/5.0 (Windows NT 6.1; WOW64) AppleWebKit/537.36 (KHTML, like Gecko) Chrome/64.0.3282.140 Safari/537.36', 'CHROME', 'WINDOWS_7', 'COMPUTER', 'LAN', 'LAN', '20180728132531', '2018-07-28 05:25:31'), ('5254', '1', '1', 'http://localhost:8080/info/262', 'http://localhost:8080/', 'DIRECT', '127.0.0.1', '857a157d63ed4d4faddd9f61c45e34c8', 'Mozilla/5.0 (Windows NT 6.1; WOW64) AppleWebKit/537.36 (KHTML, like Gecko) Chrome/64.0.3282.140 Safari/537.36', 'CHROME', 'WINDOWS_7', 'COMPUTER', 'LAN', 'LAN', '20180728132534', '2018-07-28 05:25:34'), ('5255', '1', '1', 'http://localhost:8080/node/69', 'http://localhost:8080/info/262', 'DIRECT', '127.0.0.1', '857a157d63ed4d4faddd9f61c45e34c8', 'Mozilla/5.0 (Windows NT 6.1; WOW64) AppleWebKit/537.36 (KHTML, like Gecko) Chrome/64.0.3282.140 Safari/537.36', 'CHROME', 'WINDOWS_7', 'COMPUTER', 'LAN', 'LAN', '20180728132657', '2018-07-28 05:26:57'), ('5256', '1', '1', 'http://localhost:8080/node/69', 'http://localhost:8080/info/262', 'DIRECT', '127.0.0.1', '857a157d63ed4d4faddd9f61c45e34c8', 'Mozilla/5.0 (Windows NT 6.1; WOW64) AppleWebKit/537.36 (KHTML, like Gecko) Chrome/64.0.3282.140 Safari/537.36', 'CHROME', 'WINDOWS_7', 'COMPUTER', 'LAN', 'LAN', '20180728132834', '2018-07-28 05:28:34'), ('5257', '1', '1', 'http://localhost:8080/special/35', 'http://localhost:8080/node/69', 'DIRECT', '127.0.0.1', '857a157d63ed4d4faddd9f61c45e34c8', 'Mozilla/5.0 (Windows NT 6.1; WOW64) AppleWebKit/537.36 (KHTML, like Gecko) Chrome/64.0.3282.140 Safari/537.36', 'CHROME', 'WINDOWS_7', 'COMPUTER', 'LAN', 'LAN', '20180728132912', '2018-07-28 05:29:12'), ('5258', '1', '1', 'http://localhost:8080/node/69', 'http://localhost:8080/info/262', 'DIRECT', '127.0.0.1', '857a157d63ed4d4faddd9f61c45e34c8', 'Mozilla/5.0 (Windows NT 6.1; WOW64) AppleWebKit/537.36 (KHTML, like Gecko) Chrome/64.0.3282.140 Safari/537.36', 'CHROME', 'WINDOWS_7', 'COMPUTER', 'LAN', 'LAN', '20180728133047', '2018-07-28 05:30:48'), ('5259', '1', '1', 'http://localhost:8080/info/262', 'http://localhost:8080/node/69', 'DIRECT', '127.0.0.1', '857a157d63ed4d4faddd9f61c45e34c8', 'Mozilla/5.0 (Windows NT 6.1; WOW64) AppleWebKit/537.36 (KHTML, like Gecko) Chrome/64.0.3282.140 Safari/537.36', 'CHROME', 'WINDOWS_7', 'COMPUTER', 'LAN', 'LAN', '20180728133049', '2018-07-28 05:30:50'), ('5276', '1', null, 'http://localhost:8080/', '', 'DIRECT', '127.0.0.1', '857a157d63ed4d4faddd9f61c45e34c8', 'Mozilla/5.0 (Windows NT 6.1; WOW64) AppleWebKit/537.36 (KHTML, like Gecko) Chrome/64.0.3282.140 Safari/537.36', 'CHROME', 'WINDOWS_7', 'COMPUTER', 'LAN', 'LAN', '20180729094202', '2018-07-29 09:42:02'), ('5326', '1', null, 'http://159.226.88.94:8077/', 'http://159.226.88.94:8077/manager/html/upload?org.apache.catalina.filters.CSRF_NONCE=948BDF5628005AFD0CD61CE299AC0CBA', 'DIRECT', '106.121.14.208', 'f7b04630f61540c49aadfc7d481b1f51', 'Mozilla/5.0 (Windows NT 6.1; WOW64) AppleWebKit/537.36 (KHTML, like Gecko) Chrome/64.0.3282.140 Safari/537.36', 'CHROME', 'WINDOWS_7', 'COMPUTER', '北京市', '电信', '20180729095455', '2018-07-29 09:54:55'), ('5327', '1', null, 'http://159.226.88.94/', '', 'DIRECT', '106.121.14.208', 'f7b04630f61540c49aadfc7d481b1f51', 'Mozilla/5.0 (Windows NT 6.1; WOW64) AppleWebKit/537.36 (KHTML, like Gecko) Chrome/64.0.3282.140 Safari/537.36', 'CHROME', 'WINDOWS_7', 'COMPUTER', '北京市', '电信', '20180729095502', '2018-07-29 09:55:02'), ('5328', '1', '1', 'http://159.226.88.94/', '', 'DIRECT', '106.121.14.208', 'f7b04630f61540c49aadfc7d481b1f51', 'Mozilla/5.0 (Windows NT 6.1; WOW64) AppleWebKit/537.36 (KHTML, like Gecko) Chrome/64.0.3282.140 Safari/537.36', 'CHROME', 'WINDOWS_7', 'COMPUTER', '北京市', '电信', '20180729100331', '2018-07-29 10:03:31'), ('5329', '1', '1', 'http://159.226.88.94/info/32', 'http://159.226.88.94/', 'DIRECT', '106.121.14.208', 'f7b04630f61540c49aadfc7d481b1f51', 'Mozilla/5.0 (Windows NT 6.1; WOW64) AppleWebKit/537.36 (KHTML, like Gecko) Chrome/64.0.3282.140 Safari/537.36', 'CHROME', 'WINDOWS_7', 'COMPUTER', '北京市', '电信', '20180729100350', '2018-07-29 10:03:50'), ('5330', '1', '1', 'http://159.226.88.94/', '', 'DIRECT', '106.121.14.208', 'f7b04630f61540c49aadfc7d481b1f51', 'Mozilla/5.0 (Windows NT 6.1; WOW64) AppleWebKit/537.36 (KHTML, like Gecko) Chrome/64.0.3282.140 Safari/537.36', 'CHROME', 'WINDOWS_7', 'COMPUTER', '北京市', '电信', '20180729101215', '2018-07-29 10:12:15'), ('5331', '1', '1', 'http://159.226.88.94/info/78', 'http://159.226.88.94/', 'DIRECT', '106.121.14.208', 'f7b04630f61540c49aadfc7d481b1f51', 'Mozilla/5.0 (Windows NT 6.1; WOW64) AppleWebKit/537.36 (KHTML, like Gecko) Chrome/64.0.3282.140 Safari/537.36', 'CHROME', 'WINDOWS_7', 'COMPUTER', '北京市', '电信', '20180729101230', '2018-07-29 10:12:30'), ('5332', '1', '1', 'http://159.226.88.94/info/78', 'http://159.226.88.94/', 'DIRECT', '106.121.14.208', 'f7b04630f61540c49aadfc7d481b1f51', 'Mozilla/5.0 (Windows NT 6.1; WOW64) AppleWebKit/537.36 (KHTML, like Gecko) Chrome/64.0.3282.140 Safari/537.36', 'CHROME', 'WINDOWS_7', 'COMPUTER', '北京市', '电信', '20180729101705', '2018-07-29 10:17:05'), ('5333', '1', '1', 'http://159.226.88.94/', '', 'DIRECT', '106.121.14.208', 'f7b04630f61540c49aadfc7d481b1f51', 'Mozilla/5.0 (Windows NT 6.1; WOW64) AppleWebKit/537.36 (KHTML, like Gecko) Chrome/64.0.3282.140 Safari/537.36', 'CHROME', 'WINDOWS_7', 'COMPUTER', '北京市', '电信', '20180729101711', '2018-07-29 10:17:11'), ('5334', '1', '1', 'http://159.226.88.94/', '', 'DIRECT', '106.121.14.208', 'f7b04630f61540c49aadfc7d481b1f51', 'Mozilla/5.0 (Windows NT 6.1; WOW64) AppleWebKit/537.36 (KHTML, like Gecko) Chrome/64.0.3282.140 Safari/537.36', 'CHROME', 'WINDOWS_7', 'COMPUTER', '北京市', '电信', '20180729101913', '2018-07-29 10:19:13'), ('5335', '1', '1', 'http://159.226.88.94/', '', 'DIRECT', '106.121.14.208', 'f7b04630f61540c49aadfc7d481b1f51', 'Mozilla/5.0 (Windows NT 6.1; WOW64) AppleWebKit/537.36 (KHTML, like Gecko) Chrome/64.0.3282.140 Safari/537.36', 'CHROME', 'WINDOWS_7', 'COMPUTER', '北京市', '电信', '20180729102231', '2018-07-29 10:22:31'), ('5336', '1', '1', 'http://159.226.88.94/info/46', 'http://159.226.88.94/', 'DIRECT', '106.121.14.208', 'f7b04630f61540c49aadfc7d481b1f51', 'Mozilla/5.0 (Windows NT 6.1; WOW64) AppleWebKit/537.36 (KHTML, like Gecko) Chrome/64.0.3282.140 Safari/537.36', 'CHROME', 'WINDOWS_7', 'COMPUTER', '北京市', '电信', '20180729102246', '2018-07-29 10:22:46'), ('5337', '1', '1', 'http://159.226.88.94/', '', 'DIRECT', '106.121.14.208', 'f7b04630f61540c49aadfc7d481b1f51', 'Mozilla/5.0 (Windows NT 6.1; WOW64) AppleWebKit/537.36 (KHTML, like Gecko) Chrome/64.0.3282.140 Safari/537.36', 'CHROME', 'WINDOWS_7', 'COMPUTER', '北京市', '电信', '20180729102518', '2018-07-29 10:25:18'), ('5338', '1', '1', 'http://159.226.88.94/info/141', 'http://159.226.88.94/', 'DIRECT', '106.121.14.208', 'f7b04630f61540c49aadfc7d481b1f51', 'Mozilla/5.0 (Windows NT 6.1; WOW64) AppleWebKit/537.36 (KHTML, like Gecko) Chrome/64.0.3282.140 Safari/537.36', 'CHROME', 'WINDOWS_7', 'COMPUTER', '北京市', '电信', '20180729102520', '2018-07-29 10:25:20'), ('5339', '1', '1', 'http://159.226.88.94/info/32', 'http://159.226.88.94/', 'DIRECT', '106.121.14.208', 'f7b04630f61540c49aadfc7d481b1f51', 'Mozilla/5.0 (Windows NT 6.1; WOW64) AppleWebKit/537.36 (KHTML, like Gecko) Chrome/64.0.3282.140 Safari/537.36', 'CHROME', 'WINDOWS_7', 'COMPUTER', '北京市', '电信', '20180729102550', '2018-07-29 10:25:50'), ('5340', '1', '1', 'http://159.226.88.94/info/78', 'http://159.226.88.94/', 'DIRECT', '106.121.14.208', 'f7b04630f61540c49aadfc7d481b1f51', 'Mozilla/5.0 (Windows NT 6.1; WOW64) AppleWebKit/537.36 (KHTML, like Gecko) Chrome/64.0.3282.140 Safari/537.36', 'CHROME', 'WINDOWS_7', 'COMPUTER', '北京市', '电信', '20180729102556', '2018-07-29 10:25:56'), ('5341', '1', '1', 'http://159.226.88.94/info/46', 'http://159.226.88.94/', 'DIRECT', '106.121.14.208', 'f7b04630f61540c49aadfc7d481b1f51', 'Mozilla/5.0 (Windows NT 6.1; WOW64) AppleWebKit/537.36 (KHTML, like Gecko) Chrome/64.0.3282.140 Safari/537.36', 'CHROME', 'WINDOWS_7', 'COMPUTER', '北京市', '电信', '20180729102605', '2018-07-29 10:26:05'), ('5342', '1', '1', 'http://159.226.88.94/node/49', 'http://159.226.88.94/', 'DIRECT', '106.121.14.208', 'f7b04630f61540c49aadfc7d481b1f51', 'Mozilla/5.0 (Windows NT 6.1; WOW64) AppleWebKit/537.36 (KHTML, like Gecko) Chrome/64.0.3282.140 Safari/537.36', 'CHROME', 'WINDOWS_7', 'COMPUTER', '北京市', '电信', '20180729102828', '2018-07-29 10:28:28'), ('5343', '1', null, 'http://159.226.88.94/', 'http://159.226.88.94/node/49', 'DIRECT', '106.121.14.208', 'f7b04630f61540c49aadfc7d481b1f51', 'Mozilla/5.0 (Windows NT 6.1; WOW64) AppleWebKit/537.36 (KHTML, like Gecko) Chrome/64.0.3282.140 Safari/537.36', 'CHROME', 'WINDOWS_7', 'COMPUTER', '北京市', '电信', '20180729103748', '2018-07-29 10:37:48'), ('5344', '1', '31', 'http://159.226.88.94/', 'http://159.226.88.94/login?fallbackUrl=%2F', 'DIRECT', '106.121.14.208', 'f7b04630f61540c49aadfc7d481b1f51', 'Mozilla/5.0 (Windows NT 6.1; WOW64) AppleWebKit/537.36 (KHTML, like Gecko) Chrome/64.0.3282.140 Safari/537.36', 'CHROME', 'WINDOWS_7', 'COMPUTER', '北京市', '电信', '20180729103805', '2018-07-29 10:38:05'), ('5345', '1', '31', 'http://159.226.88.94/info/141', 'http://159.226.88.94/', 'DIRECT', '106.121.14.208', 'f7b04630f61540c49aadfc7d481b1f51', 'Mozilla/5.0 (Windows NT 6.1; WOW64) AppleWebKit/537.36 (KHTML, like Gecko) Chrome/64.0.3282.140 Safari/537.36', 'CHROME', 'WINDOWS_7', 'COMPUTER', '北京市', '电信', '20180729103807', '2018-07-29 10:38:07'), ('5346', '1', '31', 'http://159.226.88.94/info/32', 'http://159.226.88.94/', 'DIRECT', '106.121.14.208', 'f7b04630f61540c49aadfc7d481b1f51', 'Mozilla/5.0 (Windows NT 6.1; WOW64) AppleWebKit/537.36 (KHTML, like Gecko) Chrome/64.0.3282.140 Safari/537.36', 'CHROME', 'WINDOWS_7', 'COMPUTER', '北京市', '电信', '20180729103812', '2018-07-29 10:38:12'), ('5347', '1', '31', 'http://159.226.88.94/info/78', 'http://159.226.88.94/', 'DIRECT', '106.121.14.208', 'f7b04630f61540c49aadfc7d481b1f51', 'Mozilla/5.0 (Windows NT 6.1; WOW64) AppleWebKit/537.36 (KHTML, like Gecko) Chrome/64.0.3282.140 Safari/537.36', 'CHROME', 'WINDOWS_7', 'COMPUTER', '北京市', '电信', '20180729103817', '2018-07-29 10:38:17'), ('5348', '1', '31', 'http://159.226.88.94/info/46', 'http://159.226.88.94/', 'DIRECT', '106.121.14.208', 'f7b04630f61540c49aadfc7d481b1f51', 'Mozilla/5.0 (Windows NT 6.1; WOW64) AppleWebKit/537.36 (KHTML, like Gecko) Chrome/64.0.3282.140 Safari/537.36', 'CHROME', 'WINDOWS_7', 'COMPUTER', '北京市', '电信', '20180729103820', '2018-07-29 10:38:20'), ('5349', '1', '31', 'http://159.226.88.94/node/49', 'http://159.226.88.94/', 'DIRECT', '106.121.14.208', 'f7b04630f61540c49aadfc7d481b1f51', 'Mozilla/5.0 (Windows NT 6.1; WOW64) AppleWebKit/537.36 (KHTML, like Gecko) Chrome/64.0.3282.140 Safari/537.36', 'CHROME', 'WINDOWS_7', 'COMPUTER', '北京市', '电信', '20180729103826', '2018-07-29 10:38:26'), ('5350', '1', '31', 'http://159.226.88.94/node/48', 'http://159.226.88.94/node/49', 'DIRECT', '106.121.14.208', 'f7b04630f61540c49aadfc7d481b1f51', 'Mozilla/5.0 (Windows NT 6.1; WOW64) AppleWebKit/537.36 (KHTML, like Gecko) Chrome/64.0.3282.140 Safari/537.36', 'CHROME', 'WINDOWS_7', 'COMPUTER', '北京市', '电信', '20180729103828', '2018-07-29 10:38:28'), ('5351', '1', '31', 'http://159.226.88.94/node/69', 'http://159.226.88.94/node/48', 'DIRECT', '106.121.14.208', 'f7b04630f61540c49aadfc7d481b1f51', 'Mozilla/5.0 (Windows NT 6.1; WOW64) AppleWebKit/537.36 (KHTML, like Gecko) Chrome/64.0.3282.140 Safari/537.36', 'CHROME', 'WINDOWS_7', 'COMPUTER', '北京市', '电信', '20180729103836', '2018-07-29 10:38:36'), ('5352', '1', '31', 'http://159.226.88.94/node/49', 'http://159.226.88.94/node/69', 'DIRECT', '106.121.14.208', 'f7b04630f61540c49aadfc7d481b1f51', 'Mozilla/5.0 (Windows NT 6.1; WOW64) AppleWebKit/537.36 (KHTML, like Gecko) Chrome/64.0.3282.140 Safari/537.36', 'CHROME', 'WINDOWS_7', 'COMPUTER', '北京市', '电信', '20180729103839', '2018-07-29 10:38:39'), ('5353', '1', '31', 'http://159.226.88.94/node/92', 'http://159.226.88.94/node/49', 'DIRECT', '106.121.14.208', 'f7b04630f61540c49aadfc7d481b1f51', 'Mozilla/5.0 (Windows NT 6.1; WOW64) AppleWebKit/537.36 (KHTML, like Gecko) Chrome/64.0.3282.140 Safari/537.36', 'CHROME', 'WINDOWS_7', 'COMPUTER', '北京市', '电信', '20180729103840', '2018-07-29 10:38:40'), ('5354', '1', '31', 'http://159.226.88.94/special_category', 'http://159.226.88.94/node/92', 'DIRECT', '106.121.14.208', 'f7b04630f61540c49aadfc7d481b1f51', 'Mozilla/5.0 (Windows NT 6.1; WOW64) AppleWebKit/537.36 (KHTML, like Gecko) Chrome/64.0.3282.140 Safari/537.36', 'CHROME', 'WINDOWS_7', 'COMPUTER', '北京市', '电信', '20180729103841', '2018-07-29 10:38:41'), ('5355', '1', '31', 'http://159.226.88.94/guestbook', 'http://159.226.88.94/special_category', 'DIRECT', '106.121.14.208', 'f7b04630f61540c49aadfc7d481b1f51', 'Mozilla/5.0 (Windows NT 6.1; WOW64) AppleWebKit/537.36 (KHTML, like Gecko) Chrome/64.0.3282.140 Safari/537.36', 'CHROME', 'WINDOWS_7', 'COMPUTER', '北京市', '电信', '20180729103843', '2018-07-29 10:38:43'), ('5356', '1', '31', 'http://159.226.88.94/', 'http://159.226.88.94/guestbook', 'DIRECT', '106.121.14.208', 'f7b04630f61540c49aadfc7d481b1f51', 'Mozilla/5.0 (Windows NT 6.1; WOW64) AppleWebKit/537.36 (KHTML, like Gecko) Chrome/64.0.3282.140 Safari/537.36', 'CHROME', 'WINDOWS_7', 'COMPUTER', '北京市', '电信', '20180729103846', '2018-07-29 10:38:46'), ('5357', '1', null, 'http://159.226.88.94/', 'http://159.226.88.94/', 'DIRECT', '106.121.14.208', 'f7b04630f61540c49aadfc7d481b1f51', 'Mozilla/5.0 (Windows NT 6.1; WOW64) AppleWebKit/537.36 (KHTML, like Gecko) Chrome/64.0.3282.140 Safari/537.36', 'CHROME', 'WINDOWS_7', 'COMPUTER', '北京市', '电信', '20180729103848', '2018-07-29 10:38:48'), ('5358', '1', '41', 'http://159.226.88.94/', 'http://159.226.88.94/login?fallbackUrl=%2F', 'DIRECT', '106.121.14.208', 'f7b04630f61540c49aadfc7d481b1f51', 'Mozilla/5.0 (Windows NT 6.1; WOW64) AppleWebKit/537.36 (KHTML, like Gecko) Chrome/64.0.3282.140 Safari/537.36', 'CHROME', 'WINDOWS_7', 'COMPUTER', '北京市', '电信', '20180729103856', '2018-07-29 10:38:56'), ('5359', '1', '41', 'http://159.226.88.94/node/36', 'http://159.226.88.94/', 'DIRECT', '106.121.14.208', 'f7b04630f61540c49aadfc7d481b1f51', 'Mozilla/5.0 (Windows NT 6.1; WOW64) AppleWebKit/537.36 (KHTML, like Gecko) Chrome/64.0.3282.140 Safari/537.36', 'CHROME', 'WINDOWS_7', 'COMPUTER', '北京市', '电信', '20180729103902', '2018-07-29 10:39:02'), ('5360', '1', '41', 'http://159.226.88.94/node/69', 'http://159.226.88.94/node/36', 'DIRECT', '106.121.14.208', 'f7b04630f61540c49aadfc7d481b1f51', 'Mozilla/5.0 (Windows NT 6.1; WOW64) AppleWebKit/537.36 (KHTML, like Gecko) Chrome/64.0.3282.140 Safari/537.36', 'CHROME', 'WINDOWS_7', 'COMPUTER', '北京市', '电信', '20180729103903', '2018-07-29 10:39:03'), ('5361', '1', '41', 'http://159.226.88.94/info/261', 'http://159.226.88.94/node/69', 'DIRECT', '106.121.14.208', 'f7b04630f61540c49aadfc7d481b1f51', 'Mozilla/5.0 (Windows NT 6.1; WOW64) AppleWebKit/537.36 (KHTML, like Gecko) Chrome/64.0.3282.140 Safari/537.36', 'CHROME', 'WINDOWS_7', 'COMPUTER', '北京市', '电信', '20180729103905', '2018-07-29 10:39:05'), ('5362', '1', '41', 'http://159.226.88.94/node/48', 'http://159.226.88.94/info/261', 'DIRECT', '106.121.14.208', 'f7b04630f61540c49aadfc7d481b1f51', 'Mozilla/5.0 (Windows NT 6.1; WOW64) AppleWebKit/537.36 (KHTML, like Gecko) Chrome/64.0.3282.140 Safari/537.36', 'CHROME', 'WINDOWS_7', 'COMPUTER', '北京市', '电信', '20180729103907', '2018-07-29 10:39:07'), ('5363', '1', '41', 'http://159.226.88.94/node/49', 'http://159.226.88.94/node/48', 'DIRECT', '106.121.14.208', 'f7b04630f61540c49aadfc7d481b1f51', 'Mozilla/5.0 (Windows NT 6.1; WOW64) AppleWebKit/537.36 (KHTML, like Gecko) Chrome/64.0.3282.140 Safari/537.36', 'CHROME', 'WINDOWS_7', 'COMPUTER', '北京市', '电信', '20180729103908', '2018-07-29 10:39:08'), ('5364', '1', '41', 'http://159.226.88.94/node/92', 'http://159.226.88.94/node/49', 'DIRECT', '106.121.14.208', 'f7b04630f61540c49aadfc7d481b1f51', 'Mozilla/5.0 (Windows NT 6.1; WOW64) AppleWebKit/537.36 (KHTML, like Gecko) Chrome/64.0.3282.140 Safari/537.36', 'CHROME', 'WINDOWS_7', 'COMPUTER', '北京市', '电信', '20180729103909', '2018-07-29 10:39:09'), ('5365', '1', '41', 'http://159.226.88.94/special_category', 'http://159.226.88.94/node/92', 'DIRECT', '106.121.14.208', 'f7b04630f61540c49aadfc7d481b1f51', 'Mozilla/5.0 (Windows NT 6.1; WOW64) AppleWebKit/537.36 (KHTML, like Gecko) Chrome/64.0.3282.140 Safari/537.36', 'CHROME', 'WINDOWS_7', 'COMPUTER', '北京市', '电信', '20180729103910', '2018-07-29 10:39:10'), ('5366', '1', '41', 'http://159.226.88.94/guestbook', 'http://159.226.88.94/special_category', 'DIRECT', '106.121.14.208', 'f7b04630f61540c49aadfc7d481b1f51', 'Mozilla/5.0 (Windows NT 6.1; WOW64) AppleWebKit/537.36 (KHTML, like Gecko) Chrome/64.0.3282.140 Safari/537.36', 'CHROME', 'WINDOWS_7', 'COMPUTER', '北京市', '电信', '20180729103912', '2018-07-29 10:39:12'), ('5367', '1', '41', 'http://159.226.88.94/info/262', 'http://159.226.88.94/guestbook', 'DIRECT', '106.121.14.208', 'f7b04630f61540c49aadfc7d481b1f51', 'Mozilla/5.0 (Windows NT 6.1; WOW64) AppleWebKit/537.36 (KHTML, like Gecko) Chrome/64.0.3282.140 Safari/537.36', 'CHROME', 'WINDOWS_7', 'COMPUTER', '北京市', '电信', '20180729103913', '2018-07-29 10:39:13'), ('5368', '1', null, 'http://159.226.88.94/', 'http://159.226.88.94/info/262', 'DIRECT', '106.121.14.208', 'f7b04630f61540c49aadfc7d481b1f51', 'Mozilla/5.0 (Windows NT 6.1; WOW64) AppleWebKit/537.36 (KHTML, like Gecko) Chrome/64.0.3282.140 Safari/537.36', 'CHROME', 'WINDOWS_7', 'COMPUTER', '北京市', '电信', '20180729104120', '2018-07-29 10:41:20'), ('5369', '1', null, 'http://159.226.88.94/node/69', 'http://159.226.88.94/', 'DIRECT', '106.121.14.208', 'f7b04630f61540c49aadfc7d481b1f51', 'Mozilla/5.0 (Windows NT 6.1; WOW64) AppleWebKit/537.36 (KHTML, like Gecko) Chrome/64.0.3282.140 Safari/537.36', 'CHROME', 'WINDOWS_7', 'COMPUTER', '北京市', '电信', '20180729104123', '2018-07-29 10:41:23'), ('5370', '1', null, 'http://159.226.88.94/node/36', 'http://159.226.88.94/node/69', 'DIRECT', '106.121.14.208', 'f7b04630f61540c49aadfc7d481b1f51', 'Mozilla/5.0 (Windows NT 6.1; WOW64) AppleWebKit/537.36 (KHTML, like Gecko) Chrome/64.0.3282.140 Safari/537.36', 'CHROME', 'WINDOWS_7', 'COMPUTER', '北京市', '电信', '20180729104124', '2018-07-29 10:41:24'), ('5371', '1', null, 'http://159.226.88.94/node/69', 'http://159.226.88.94/node/36', 'DIRECT', '106.121.14.208', 'f7b04630f61540c49aadfc7d481b1f51', 'Mozilla/5.0 (Windows NT 6.1; WOW64) AppleWebKit/537.36 (KHTML, like Gecko) Chrome/64.0.3282.140 Safari/537.36', 'CHROME', 'WINDOWS_7', 'COMPUTER', '北京市', '电信', '20180729104125', '2018-07-29 10:41:25'), ('5372', '1', null, 'http://159.226.88.94/node/48', 'http://159.226.88.94/node/69', 'DIRECT', '106.121.14.208', 'f7b04630f61540c49aadfc7d481b1f51', 'Mozilla/5.0 (Windows NT 6.1; WOW64) AppleWebKit/537.36 (KHTML, like Gecko) Chrome/64.0.3282.140 Safari/537.36', 'CHROME', 'WINDOWS_7', 'COMPUTER', '北京市', '电信', '20180729104126', '2018-07-29 10:41:26'), ('5373', '1', null, 'http://159.226.88.94/special_category', 'http://159.226.88.94/node/48', 'DIRECT', '106.121.14.208', 'f7b04630f61540c49aadfc7d481b1f51', 'Mozilla/5.0 (Windows NT 6.1; WOW64) AppleWebKit/537.36 (KHTML, like Gecko) Chrome/64.0.3282.140 Safari/537.36', 'CHROME', 'WINDOWS_7', 'COMPUTER', '北京市', '电信', '20180729104137', '2018-07-29 10:41:37'), ('5374', '1', null, 'http://159.226.88.94/guestbook', 'http://159.226.88.94/node/48', 'DIRECT', '106.121.14.208', 'f7b04630f61540c49aadfc7d481b1f51', 'Mozilla/5.0 (Windows NT 6.1; WOW64) AppleWebKit/537.36 (KHTML, like Gecko) Chrome/64.0.3282.140 Safari/537.36', 'CHROME', 'WINDOWS_7', 'COMPUTER', '北京市', '电信', '20180729104140', '2018-07-29 10:41:40'), ('5375', '1', null, 'http://159.226.88.94/info/262', 'http://159.226.88.94/guestbook', 'DIRECT', '106.121.14.208', 'f7b04630f61540c49aadfc7d481b1f51', 'Mozilla/5.0 (Windows NT 6.1; WOW64) AppleWebKit/537.36 (KHTML, like Gecko) Chrome/64.0.3282.140 Safari/537.36', 'CHROME', 'WINDOWS_7', 'COMPUTER', '北京市', '电信', '20180729104147', '2018-07-29 10:41:47'), ('5376', '1', null, 'http://159.226.88.94/', 'http://159.226.88.94/info/262', 'DIRECT', '106.121.14.208', 'f7b04630f61540c49aadfc7d481b1f51', 'Mozilla/5.0 (Windows NT 6.1; WOW64) AppleWebKit/537.36 (KHTML, like Gecko) Chrome/64.0.3282.140 Safari/537.36', 'CHROME', 'WINDOWS_7', 'COMPUTER', '北京市', '电信', '20180729104150', '2018-07-29 10:41:50'), ('5377', '1', null, 'http://159.226.88.94/', 'http://159.226.88.94/node/69', 'DIRECT', '106.121.14.208', 'f7b04630f61540c49aadfc7d481b1f51', 'Mozilla/5.0 (Windows NT 6.1; WOW64) AppleWebKit/537.36 (KHTML, like Gecko) Chrome/64.0.3282.140 Safari/537.36', 'CHROME', 'WINDOWS_7', 'COMPUTER', '北京市', '电信', '20180729104200', '2018-07-29 10:42:00'), ('5378', '1', '1', 'http://159.226.88.94/', 'http://159.226.88.94/login?fallbackUrl=%2F', 'DIRECT', '106.121.14.208', 'f7b04630f61540c49aadfc7d481b1f51', 'Mozilla/5.0 (Windows NT 6.1; WOW64) AppleWebKit/537.36 (KHTML, like Gecko) Chrome/64.0.3282.140 Safari/537.36', 'CHROME', 'WINDOWS_7', 'COMPUTER', '北京市', '电信', '20180729104208', '2018-07-29 10:42:08'), ('5379', '1', '1', 'http://159.226.88.94/', 'http://159.226.88.94/login?fallbackUrl=%2F', 'DIRECT', '106.121.14.208', 'f7b04630f61540c49aadfc7d481b1f51', 'Mozilla/5.0 (Windows NT 6.1; WOW64) AppleWebKit/537.36 (KHTML, like Gecko) Chrome/64.0.3282.140 Safari/537.36', 'CHROME', 'WINDOWS_7', 'COMPUTER', '北京市', '电信', '20180729104231', '2018-07-29 10:42:31'), ('5380', '1', '1', 'http://159.226.88.94/info/141', 'http://159.226.88.94/', 'DIRECT', '106.121.14.208', 'f7b04630f61540c49aadfc7d481b1f51', 'Mozilla/5.0 (Windows NT 6.1; WOW64) AppleWebKit/537.36 (KHTML, like Gecko) Chrome/64.0.3282.140 Safari/537.36', 'CHROME', 'WINDOWS_7', 'COMPUTER', '北京市', '电信', '20180729104232', '2018-07-29 10:42:32'), ('5381', '1', '1', 'http://159.226.88.94/node/48', 'http://159.226.88.94/info/141', 'DIRECT', '106.121.14.208', 'f7b04630f61540c49aadfc7d481b1f51', 'Mozilla/5.0 (Windows NT 6.1; WOW64) AppleWebKit/537.36 (KHTML, like Gecko) Chrome/64.0.3282.140 Safari/537.36', 'CHROME', 'WINDOWS_7', 'COMPUTER', '北京市', '电信', '20180729104404', '2018-07-29 10:44:04'), ('5382', '1', '1', 'http://159.226.88.94/info/165', 'http://159.226.88.94/node/48', 'DIRECT', '106.121.14.208', 'f7b04630f61540c49aadfc7d481b1f51', 'Mozilla/5.0 (Windows NT 6.1; WOW64) AppleWebKit/537.36 (KHTML, like Gecko) Chrome/64.0.3282.140 Safari/537.36', 'CHROME', 'WINDOWS_7', 'COMPUTER', '北京市', '电信', '20180729104406', '2018-07-29 10:44:06'), ('5383', '1', '1', 'http://159.226.88.94/info/141', 'http://159.226.88.94/cmscp/core/info/edit.do?id=141&queryNodeId=48&queryNodeType=0&queryInfoPermType=&queryStatus=&position=4&', 'DIRECT', '106.121.14.208', 'f7b04630f61540c49aadfc7d481b1f51', 'Mozilla/5.0 (Windows NT 6.1; WOW64) AppleWebKit/537.36 (KHTML, like Gecko) Chrome/64.0.3282.140 Safari/537.36', 'CHROME', 'WINDOWS_7', 'COMPUTER', '北京市', '电信', '20180729104849', '2018-07-29 10:48:49'), ('5384', '1', '1', 'http://159.226.88.94/info/141', 'http://159.226.88.94/node/48', 'DIRECT', '106.121.14.208', 'f7b04630f61540c49aadfc7d481b1f51', 'Mozilla/5.0 (Windows NT 6.1; WOW64) AppleWebKit/537.36 (KHTML, like Gecko) Chrome/64.0.3282.140 Safari/537.36', 'CHROME', 'WINDOWS_7', 'COMPUTER', '北京市', '电信', '20180729111252', '2018-07-29 11:12:52'), ('5385', '1', '1', 'http://159.226.88.94/info/141', 'http://159.226.88.94/node/48', 'DIRECT', '106.121.14.208', 'f7b04630f61540c49aadfc7d481b1f51', 'Mozilla/5.0 (Windows NT 6.1; WOW64) AppleWebKit/537.36 (KHTML, like Gecko) Chrome/64.0.3282.140 Safari/537.36', 'CHROME', 'WINDOWS_7', 'COMPUTER', '北京市', '电信', '20180729112015', '2018-07-29 11:20:15'), ('5386', '1', '1', 'http://159.226.88.94/node/48', 'http://159.226.88.94/', 'DIRECT', '106.121.14.208', 'f7b04630f61540c49aadfc7d481b1f51', 'Mozilla/5.0 (Windows NT 6.1; WOW64) AppleWebKit/537.36 (KHTML, like Gecko) Chrome/64.0.3282.140 Safari/537.36', 'CHROME', 'WINDOWS_7', 'COMPUTER', '北京市', '电信', '20180729113258', '2018-07-29 11:32:58'), ('5387', '1', '1', 'http://159.226.88.94/node/88', 'http://159.226.88.94/node/48', 'DIRECT', '106.121.14.208', 'f7b04630f61540c49aadfc7d481b1f51', 'Mozilla/5.0 (Windows NT 6.1; WOW64) AppleWebKit/537.36 (KHTML, like Gecko) Chrome/64.0.3282.140 Safari/537.36', 'CHROME', 'WINDOWS_7', 'COMPUTER', '北京市', '电信', '20180729113305', '2018-07-29 11:33:05'), ('5388', '1', '1', 'http://159.226.88.94/info/165', 'http://159.226.88.94/node/88', 'DIRECT', '106.121.14.208', 'f7b04630f61540c49aadfc7d481b1f51', 'Mozilla/5.0 (Windows NT 6.1; WOW64) AppleWebKit/537.36 (KHTML, like Gecko) Chrome/64.0.3282.140 Safari/537.36', 'CHROME', 'WINDOWS_7', 'COMPUTER', '北京市', '电信', '20180729113635', '2018-07-29 11:36:35'), ('5389', '1', '1', 'http://159.226.88.94/info/143', 'http://159.226.88.94/node/88', 'DIRECT', '106.121.14.208', 'f7b04630f61540c49aadfc7d481b1f51', 'Mozilla/5.0 (Windows NT 6.1; WOW64) AppleWebKit/537.36 (KHTML, like Gecko) Chrome/64.0.3282.140 Safari/537.36', 'CHROME', 'WINDOWS_7', 'COMPUTER', '北京市', '电信', '20180729113644', '2018-07-29 11:36:44'), ('5390', '1', '1', 'http://159.226.88.94/node/48', 'http://159.226.88.94/node/88', 'DIRECT', '106.121.14.208', 'f7b04630f61540c49aadfc7d481b1f51', 'Mozilla/5.0 (Windows NT 6.1; WOW64) AppleWebKit/537.36 (KHTML, like Gecko) Chrome/64.0.3282.140 Safari/537.36', 'CHROME', 'WINDOWS_7', 'COMPUTER', '北京市', '电信', '20180729113649', '2018-07-29 11:36:49'), ('5391', '1', '1', 'http://159.226.88.94/info/81', 'http://159.226.88.94/node/48', 'DIRECT', '106.121.14.208', 'f7b04630f61540c49aadfc7d481b1f51', 'Mozilla/5.0 (Windows NT 6.1; WOW64) AppleWebKit/537.36 (KHTML, like Gecko) Chrome/64.0.3282.140 Safari/537.36', 'CHROME', 'WINDOWS_7', 'COMPUTER', '北京市', '电信', '20180729113652', '2018-07-29 11:36:52'), ('5426', '1', null, 'http://159.226.88.94:8077/', 'http://159.226.88.94:8077/manager/html/upload?org.apache.catalina.filters.CSRF_NONCE=60FE8902B9822E46A51E134672FE4DC9', 'DIRECT', '106.121.14.208', 'f7b04630f61540c49aadfc7d481b1f51', 'Mozilla/5.0 (Windows NT 6.1; WOW64) AppleWebKit/537.36 (KHTML, like Gecko) Chrome/64.0.3282.140 Safari/537.36', 'CHROME', 'WINDOWS_7', 'COMPUTER', '北京市', '电信', '20180729140048', '2018-07-29 14:00:48'), ('5427', '1', null, 'http://159.226.88.94:8077/', 'http://159.226.88.94:8077/manager/html/upload?org.apache.catalina.filters.CSRF_NONCE=60FE8902B9822E46A51E134672FE4DC9', 'DIRECT', '106.121.14.208', 'f7b04630f61540c49aadfc7d481b1f51', 'Mozilla/5.0 (Windows NT 6.1; WOW64) AppleWebKit/537.36 (KHTML, like Gecko) Chrome/64.0.3282.140 Safari/537.36', 'CHROME', 'WINDOWS_7', 'COMPUTER', '北京市', '电信', '20180729140233', '2018-07-29 14:02:33'), ('5428', '1', '1', 'http://159.226.88.94:8077/', 'http://159.226.88.94:8077/login?fallbackUrl=%2F', 'DIRECT', '106.121.14.208', 'f7b04630f61540c49aadfc7d481b1f51', 'Mozilla/5.0 (Windows NT 6.1; WOW64) AppleWebKit/537.36 (KHTML, like Gecko) Chrome/64.0.3282.140 Safari/537.36', 'CHROME', 'WINDOWS_7', 'COMPUTER', '北京市', '电信', '20180729140249', '2018-07-29 14:02:49'), ('5429', '1', '1', 'http://159.226.88.94:8077/', 'http://159.226.88.94:8077/manager/html/upload?org.apache.catalina.filters.CSRF_NONCE=60FE8902B9822E46A51E134672FE4DC9', 'DIRECT', '106.121.14.208', 'f7b04630f61540c49aadfc7d481b1f51', 'Mozilla/5.0 (Windows NT 6.1; WOW64) AppleWebKit/537.36 (KHTML, like Gecko) Chrome/64.0.3282.140 Safari/537.36', 'CHROME', 'WINDOWS_7', 'COMPUTER', '北京市', '电信', '20180729141111', '2018-07-29 14:11:11'), ('5430', '1', '1', 'http://159.226.88.94:8077/', 'http://159.226.88.94:8077/manager/html/upload?org.apache.catalina.filters.CSRF_NONCE=60FE8902B9822E46A51E134672FE4DC9', 'DIRECT', '106.121.14.208', 'f7b04630f61540c49aadfc7d481b1f51', 'Mozilla/5.0 (Windows NT 6.1; WOW64) AppleWebKit/537.36 (KHTML, like Gecko) Chrome/64.0.3282.140 Safari/537.36', 'CHROME', 'WINDOWS_7', 'COMPUTER', '北京市', '电信', '20180729141712', '2018-07-29 14:17:12'), ('5431', '1', '1', 'http://159.226.88.94:8077/', 'http://159.226.88.94:8077/manager/html/upload?org.apache.catalina.filters.CSRF_NONCE=60FE8902B9822E46A51E134672FE4DC9', 'DIRECT', '106.121.14.208', 'f7b04630f61540c49aadfc7d481b1f51', 'Mozilla/5.0 (Windows NT 6.1; WOW64) AppleWebKit/537.36 (KHTML, like Gecko) Chrome/64.0.3282.140 Safari/537.36', 'CHROME', 'WINDOWS_7', 'COMPUTER', '北京市', '电信', '20180729141837', '2018-07-29 14:18:37'), ('5432', '1', '1', 'http://159.226.88.94:8077/info/281', 'http://159.226.88.94:8077/', 'DIRECT', '106.121.14.208', 'f7b04630f61540c49aadfc7d481b1f51', 'Mozilla/5.0 (Windows NT 6.1; WOW64) AppleWebKit/537.36 (KHTML, like Gecko) Chrome/64.0.3282.140 Safari/537.36', 'CHROME', 'WINDOWS_7', 'COMPUTER', '北京市', '电信', '20180729141839', '2018-07-29 14:18:39'), ('5433', '1', '31', 'http://www.gwac.top/', 'http://www.gwac.top/login;jsessionid=D202CC99D228E92BE868BD815D08D6F6', 'DIRECT', '106.121.14.208', '6fd0bfaafc86432082632ada22808a9e', 'Mozilla/5.0 (Windows NT 6.1; WOW64) AppleWebKit/537.36 (KHTML, like Gecko) Chrome/64.0.3282.140 Safari/537.36', 'CHROME', 'WINDOWS_7', 'COMPUTER', '北京市', '电信', '20180729142304', '2018-07-29 14:23:04'), ('5476', '1', '1', 'http://www.gwac.top/', 'http://www.gwac.top/login', 'DIRECT', '106.121.14.208', '6fd0bfaafc86432082632ada22808a9e', 'Mozilla/5.0 (Windows NT 6.1; WOW64) AppleWebKit/537.36 (KHTML, like Gecko) Chrome/64.0.3282.140 Safari/537.36', 'CHROME', 'WINDOWS_7', 'COMPUTER', '北京市', '电信', '20180729151439', '2018-07-29 15:14:39'), ('5477', '1', '1', 'http://www.gwac.top/', 'http://www.gwac.top/login', 'DIRECT', '106.121.14.208', '6fd0bfaafc86432082632ada22808a9e', 'Mozilla/5.0 (Windows NT 6.1; WOW64) AppleWebKit/537.36 (KHTML, like Gecko) Chrome/64.0.3282.140 Safari/537.36', 'CHROME', 'WINDOWS_7', 'COMPUTER', '北京市', '电信', '20180729151535', '2018-07-29 15:15:35'), ('5478', '1', '1', 'http://www.gwac.top/special_category', 'http://www.gwac.top/', 'DIRECT', '106.121.14.208', '6fd0bfaafc86432082632ada22808a9e', 'Mozilla/5.0 (Windows NT 6.1; WOW64) AppleWebKit/537.36 (KHTML, like Gecko) Chrome/64.0.3282.140 Safari/537.36', 'CHROME', 'WINDOWS_7', 'COMPUTER', '北京市', '电信', '20180729151841', '2018-07-29 15:18:41'), ('5479', '1', '1', 'http://www.gwac.top/special/11', 'http://www.gwac.top/special_category', 'DIRECT', '106.121.14.208', '6fd0bfaafc86432082632ada22808a9e', 'Mozilla/5.0 (Windows NT 6.1; WOW64) AppleWebKit/537.36 (KHTML, like Gecko) Chrome/64.0.3282.140 Safari/537.36', 'CHROME', 'WINDOWS_7', 'COMPUTER', '北京市', '电信', '20180729151905', '2018-07-29 15:19:05'), ('5480', '1', '1', 'http://www.gwac.top/', 'http://www.gwac.top/special_category', 'DIRECT', '106.121.14.208', '6fd0bfaafc86432082632ada22808a9e', 'Mozilla/5.0 (Windows NT 6.1; WOW64) AppleWebKit/537.36 (KHTML, like Gecko) Chrome/64.0.3282.140 Safari/537.36', 'CHROME', 'WINDOWS_7', 'COMPUTER', '北京市', '电信', '20180729151933', '2018-07-29 15:19:33'), ('5481', '1', '1', 'http://www.gwac.top/info/281', 'http://www.gwac.top/', 'DIRECT', '106.121.14.208', '6fd0bfaafc86432082632ada22808a9e', 'Mozilla/5.0 (Windows NT 6.1; WOW64) AppleWebKit/537.36 (KHTML, like Gecko) Chrome/64.0.3282.140 Safari/537.36', 'CHROME', 'WINDOWS_7', 'COMPUTER', '北京市', '电信', '20180729151934', '2018-07-29 15:19:34'), ('5482', '1', null, 'http://www.gwac.top/', 'http://www.gwac.top/', 'DIRECT', '106.121.14.208', '6fd0bfaafc86432082632ada22808a9e', 'Mozilla/5.0 (Windows NT 6.1; WOW64) AppleWebKit/537.36 (KHTML, like Gecko) Chrome/64.0.3282.140 Safari/537.36', 'CHROME', 'WINDOWS_7', 'COMPUTER', '北京市', '电信', '20180729151950', '2018-07-29 15:19:50'), ('5483', '1', null, 'http://www.gwac.top/', 'http://www.gwac.top/', 'DIRECT', '106.121.14.208', '6fd0bfaafc86432082632ada22808a9e', 'Mozilla/5.0 (Windows NT 6.1; WOW64) AppleWebKit/537.36 (KHTML, like Gecko) Chrome/64.0.3282.140 Safari/537.36', 'CHROME', 'WINDOWS_7', 'COMPUTER', '北京市', '电信', '20180729152159', '2018-07-29 15:21:59'), ('5484', '1', null, 'http://www.gwac.top/', '', 'DIRECT', '106.121.14.208', '6fd0bfaafc86432082632ada22808a9e', 'Mozilla/5.0 (Windows NT 6.1; WOW64) AppleWebKit/537.36 (KHTML, like Gecko) Chrome/64.0.3282.140 Safari/537.36', 'CHROME', 'WINDOWS_7', 'COMPUTER', '北京市', '电信', '20180729152959', '2018-07-29 15:29:59'), ('5485', '1', null, 'http://www.gwac.top/info/281', 'http://www.gwac.top/', 'DIRECT', '106.121.14.208', '6fd0bfaafc86432082632ada22808a9e', 'Mozilla/5.0 (Windows NT 6.1; WOW64) AppleWebKit/537.36 (KHTML, like Gecko) Chrome/64.0.3282.140 Safari/537.36', 'CHROME', 'WINDOWS_7', 'COMPUTER', '北京市', '电信', '20180729153002', '2018-07-29 15:30:02'), ('5486', '1', null, 'http://www.gwac.top/', '', 'DIRECT', '106.121.14.208', '6fd0bfaafc86432082632ada22808a9e', 'Mozilla/5.0 (Windows NT 6.1; WOW64) AppleWebKit/537.36 (KHTML, like Gecko) Chrome/64.0.3282.140 Safari/537.36', 'CHROME', 'WINDOWS_7', 'COMPUTER', '北京市', '电信', '20180729173746', '2018-07-29 17:37:46'), ('5487', '1', '1', 'http://www.gwac.top/', 'http://www.gwac.top/login?fallbackUrl=%2F', 'DIRECT', '106.121.14.208', '6fd0bfaafc86432082632ada22808a9e', 'Mozilla/5.0 (Windows NT 6.1; WOW64) AppleWebKit/537.36 (KHTML, like Gecko) Chrome/64.0.3282.140 Safari/537.36', 'CHROME', 'WINDOWS_7', 'COMPUTER', '北京市', '电信', '20180729173829', '2018-07-29 17:38:29'), ('5488', '1', '1', 'http://www.gwac.top/node/48', 'http://www.gwac.top/', 'DIRECT', '106.121.14.208', '6fd0bfaafc86432082632ada22808a9e', 'Mozilla/5.0 (Windows NT 6.1; WOW64) AppleWebKit/537.36 (KHTML, like Gecko) Chrome/64.0.3282.140 Safari/537.36', 'CHROME', 'WINDOWS_7', 'COMPUTER', '北京市', '电信', '20180729174005', '2018-07-29 17:40:05');
INSERT INTO `cms_visit_log` VALUES ('5489', '1', '1', 'http://www.gwac.top/node/48', 'http://www.gwac.top/node/48', 'DIRECT', '106.121.14.208', '6fd0bfaafc86432082632ada22808a9e', 'Mozilla/5.0 (Windows NT 6.1; WOW64) AppleWebKit/537.36 (KHTML, like Gecko) Chrome/64.0.3282.140 Safari/537.36', 'CHROME', 'WINDOWS_7', 'COMPUTER', '北京市', '电信', '20180729174116', '2018-07-29 17:41:16'), ('5490', '1', '1', 'http://www.gwac.top/info/165', 'http://www.gwac.top/node/48', 'DIRECT', '106.121.14.208', '6fd0bfaafc86432082632ada22808a9e', 'Mozilla/5.0 (Windows NT 6.1; WOW64) AppleWebKit/537.36 (KHTML, like Gecko) Chrome/64.0.3282.140 Safari/537.36', 'CHROME', 'WINDOWS_7', 'COMPUTER', '北京市', '电信', '20180729174122', '2018-07-29 17:41:22'), ('5491', '1', '1', 'http://www.gwac.top/special_category', 'http://www.gwac.top/info/165', 'DIRECT', '106.121.14.208', '6fd0bfaafc86432082632ada22808a9e', 'Mozilla/5.0 (Windows NT 6.1; WOW64) AppleWebKit/537.36 (KHTML, like Gecko) Chrome/64.0.3282.140 Safari/537.36', 'CHROME', 'WINDOWS_7', 'COMPUTER', '北京市', '电信', '20180729174128', '2018-07-29 17:41:28'), ('5492', '1', '1', 'http://www.gwac.top/special/35', 'http://www.gwac.top/special_category', 'DIRECT', '106.121.14.208', '6fd0bfaafc86432082632ada22808a9e', 'Mozilla/5.0 (Windows NT 6.1; WOW64) AppleWebKit/537.36 (KHTML, like Gecko) Chrome/64.0.3282.140 Safari/537.36', 'CHROME', 'WINDOWS_7', 'COMPUTER', '北京市', '电信', '20180729174135', '2018-07-29 17:41:35'), ('5493', '1', '1', 'http://www.gwac.top/special/8', 'http://www.gwac.top/special_category', 'DIRECT', '106.121.14.208', '6fd0bfaafc86432082632ada22808a9e', 'Mozilla/5.0 (Windows NT 6.1; WOW64) AppleWebKit/537.36 (KHTML, like Gecko) Chrome/64.0.3282.140 Safari/537.36', 'CHROME', 'WINDOWS_7', 'COMPUTER', '北京市', '电信', '20180729174146', '2018-07-29 17:41:46'), ('5494', '1', '1', 'http://www.gwac.top/node/48', 'http://www.gwac.top/special_category', 'DIRECT', '106.121.14.208', '6fd0bfaafc86432082632ada22808a9e', 'Mozilla/5.0 (Windows NT 6.1; WOW64) AppleWebKit/537.36 (KHTML, like Gecko) Chrome/64.0.3282.140 Safari/537.36', 'CHROME', 'WINDOWS_7', 'COMPUTER', '北京市', '电信', '20180729174156', '2018-07-29 17:41:56'), ('5495', '1', '1', 'http://www.gwac.top/node/48', 'http://www.gwac.top/special_category', 'DIRECT', '106.121.14.208', '6fd0bfaafc86432082632ada22808a9e', 'Mozilla/5.0 (Windows NT 6.1; WOW64) AppleWebKit/537.36 (KHTML, like Gecko) Chrome/64.0.3282.140 Safari/537.36', 'CHROME', 'WINDOWS_7', 'COMPUTER', '北京市', '电信', '20180729175219', '2018-07-29 17:52:19'), ('5496', '1', '1', 'http://www.gwac.top/node/48', 'http://www.gwac.top/node/48', 'DIRECT', '106.121.14.208', '6fd0bfaafc86432082632ada22808a9e', 'Mozilla/5.0 (Windows NT 6.1; WOW64) AppleWebKit/537.36 (KHTML, like Gecko) Chrome/64.0.3282.140 Safari/537.36', 'CHROME', 'WINDOWS_7', 'COMPUTER', '北京市', '电信', '20180729181435', '2018-07-29 18:14:35'), ('5497', '1', '1', 'http://www.gwac.top/node/36', 'http://www.gwac.top/node/48', 'DIRECT', '106.121.14.208', '6fd0bfaafc86432082632ada22808a9e', 'Mozilla/5.0 (Windows NT 6.1; WOW64) AppleWebKit/537.36 (KHTML, like Gecko) Chrome/64.0.3282.140 Safari/537.36', 'CHROME', 'WINDOWS_7', 'COMPUTER', '北京市', '电信', '20180729181452', '2018-07-29 18:14:52'), ('5498', '1', '1', 'http://www.gwac.top/info/291', 'http://www.gwac.top/node/36', 'DIRECT', '106.121.14.208', '6fd0bfaafc86432082632ada22808a9e', 'Mozilla/5.0 (Windows NT 6.1; WOW64) AppleWebKit/537.36 (KHTML, like Gecko) Chrome/64.0.3282.140 Safari/537.36', 'CHROME', 'WINDOWS_7', 'COMPUTER', '北京市', '电信', '20180729181509', '2018-07-29 18:15:09'), ('5499', '1', '1', 'http://www.gwac.top/special_category', 'http://www.gwac.top/info/291', 'DIRECT', '106.121.14.208', '6fd0bfaafc86432082632ada22808a9e', 'Mozilla/5.0 (Windows NT 6.1; WOW64) AppleWebKit/537.36 (KHTML, like Gecko) Chrome/64.0.3282.140 Safari/537.36', 'CHROME', 'WINDOWS_7', 'COMPUTER', '北京市', '电信', '20180729181513', '2018-07-29 18:15:13'), ('5500', '1', '1', 'http://www.gwac.top/special/45', 'http://www.gwac.top/special_category', 'DIRECT', '106.121.14.208', '6fd0bfaafc86432082632ada22808a9e', 'Mozilla/5.0 (Windows NT 6.1; WOW64) AppleWebKit/537.36 (KHTML, like Gecko) Chrome/64.0.3282.140 Safari/537.36', 'CHROME', 'WINDOWS_7', 'COMPUTER', '北京市', '电信', '20180729181518', '2018-07-29 18:15:18'), ('5501', '1', '1', 'http://www.gwac.top/info/291', 'http://www.gwac.top/special/45', 'DIRECT', '106.121.14.208', '6fd0bfaafc86432082632ada22808a9e', 'Mozilla/5.0 (Windows NT 6.1; WOW64) AppleWebKit/537.36 (KHTML, like Gecko) Chrome/64.0.3282.140 Safari/537.36', 'CHROME', 'WINDOWS_7', 'COMPUTER', '北京市', '电信', '20180729181523', '2018-07-29 18:15:23'), ('5502', '1', '1', 'http://www.gwac.top/special/45', 'http://www.gwac.top/special/45', 'DIRECT', '106.121.14.208', '6fd0bfaafc86432082632ada22808a9e', 'Mozilla/5.0 (Windows NT 6.1; WOW64) AppleWebKit/537.36 (KHTML, like Gecko) Chrome/64.0.3282.140 Safari/537.36', 'CHROME', 'WINDOWS_7', 'COMPUTER', '北京市', '电信', '20180729181532', '2018-07-29 18:15:32'), ('5503', '1', '1', 'http://www.gwac.top/special_category', 'http://www.gwac.top/node/48', 'DIRECT', '106.121.14.208', '6fd0bfaafc86432082632ada22808a9e', 'Mozilla/5.0 (Windows NT 6.1; WOW64) AppleWebKit/537.36 (KHTML, like Gecko) Chrome/64.0.3282.140 Safari/537.36', 'CHROME', 'WINDOWS_7', 'COMPUTER', '北京市', '电信', '20180729181609', '2018-07-29 18:16:09'), ('5504', '1', '1', 'http://www.gwac.top/special/35', 'http://www.gwac.top/special_category', 'DIRECT', '106.121.14.208', '6fd0bfaafc86432082632ada22808a9e', 'Mozilla/5.0 (Windows NT 6.1; WOW64) AppleWebKit/537.36 (KHTML, like Gecko) Chrome/64.0.3282.140 Safari/537.36', 'CHROME', 'WINDOWS_7', 'COMPUTER', '北京市', '电信', '20180729181742', '2018-07-29 18:17:42'), ('5505', '1', '1', 'http://www.gwac.top/special/10', 'http://www.gwac.top/special_category', 'DIRECT', '106.121.14.208', '6fd0bfaafc86432082632ada22808a9e', 'Mozilla/5.0 (Windows NT 6.1; WOW64) AppleWebKit/537.36 (KHTML, like Gecko) Chrome/64.0.3282.140 Safari/537.36', 'CHROME', 'WINDOWS_7', 'COMPUTER', '北京市', '电信', '20180729181817', '2018-07-29 18:18:17'), ('5506', '1', '1', 'http://www.gwac.top/special/10', 'http://www.gwac.top/special/10', 'DIRECT', '106.121.14.208', '6fd0bfaafc86432082632ada22808a9e', 'Mozilla/5.0 (Windows NT 6.1; WOW64) AppleWebKit/537.36 (KHTML, like Gecko) Chrome/64.0.3282.140 Safari/537.36', 'CHROME', 'WINDOWS_7', 'COMPUTER', '北京市', '电信', '20180729181827', '2018-07-29 18:18:27'), ('5507', '1', '1', 'http://www.gwac.top/special/35', 'http://www.gwac.top/special_category', 'DIRECT', '106.121.14.208', '6fd0bfaafc86432082632ada22808a9e', 'Mozilla/5.0 (Windows NT 6.1; WOW64) AppleWebKit/537.36 (KHTML, like Gecko) Chrome/64.0.3282.140 Safari/537.36', 'CHROME', 'WINDOWS_7', 'COMPUTER', '北京市', '电信', '20180729181850', '2018-07-29 18:18:50'), ('5508', '1', '1', 'http://www.gwac.top/info/241', 'http://www.gwac.top/special/35', 'DIRECT', '106.121.14.208', '6fd0bfaafc86432082632ada22808a9e', 'Mozilla/5.0 (Windows NT 6.1; WOW64) AppleWebKit/537.36 (KHTML, like Gecko) Chrome/64.0.3282.140 Safari/537.36', 'CHROME', 'WINDOWS_7', 'COMPUTER', '北京市', '电信', '20180729181918', '2018-07-29 18:19:18'), ('5509', '1', '1', 'http://www.gwac.top/special_category', 'http://www.gwac.top/info/291', 'DIRECT', '106.121.14.208', '6fd0bfaafc86432082632ada22808a9e', 'Mozilla/5.0 (Windows NT 6.1; WOW64) AppleWebKit/537.36 (KHTML, like Gecko) Chrome/64.0.3282.140 Safari/537.36', 'CHROME', 'WINDOWS_7', 'COMPUTER', '北京市', '电信', '20180729182139', '2018-07-29 18:21:39'), ('5510', '1', '1', 'http://www.gwac.top/special_category', 'http://www.gwac.top/node/48', 'DIRECT', '106.121.14.208', '6fd0bfaafc86432082632ada22808a9e', 'Mozilla/5.0 (Windows NT 6.1; WOW64) AppleWebKit/537.36 (KHTML, like Gecko) Chrome/64.0.3282.140 Safari/537.36', 'CHROME', 'WINDOWS_7', 'COMPUTER', '北京市', '电信', '20180729182155', '2018-07-29 18:21:55'), ('5511', '1', '1', 'http://www.gwac.top/special_category', 'http://www.gwac.top/node/48', 'DIRECT', '106.121.14.208', '6fd0bfaafc86432082632ada22808a9e', 'Mozilla/5.0 (Windows NT 6.1; WOW64) AppleWebKit/537.36 (KHTML, like Gecko) Chrome/64.0.3282.140 Safari/537.36', 'CHROME', 'WINDOWS_7', 'COMPUTER', '北京市', '电信', '20180729182831', '2018-07-29 18:28:31'), ('5512', '1', '1', 'http://www.gwac.top/special_category', 'http://www.gwac.top/node/48', 'DIRECT', '106.121.14.208', '6fd0bfaafc86432082632ada22808a9e', 'Mozilla/5.0 (Windows NT 6.1; WOW64) AppleWebKit/537.36 (KHTML, like Gecko) Chrome/64.0.3282.140 Safari/537.36', 'CHROME', 'WINDOWS_7', 'COMPUTER', '北京市', '电信', '20180729182923', '2018-07-29 18:29:23'), ('5513', '1', '1', 'http://www.gwac.top/', 'http://www.gwac.top/special_category', 'DIRECT', '106.121.14.208', '6fd0bfaafc86432082632ada22808a9e', 'Mozilla/5.0 (Windows NT 6.1; WOW64) AppleWebKit/537.36 (KHTML, like Gecko) Chrome/64.0.3282.140 Safari/537.36', 'CHROME', 'WINDOWS_7', 'COMPUTER', '北京市', '电信', '20180729182949', '2018-07-29 18:29:49'), ('5514', '1', '1', 'http://www.gwac.top/special_category', 'http://www.gwac.top/', 'DIRECT', '106.121.14.208', '6fd0bfaafc86432082632ada22808a9e', 'Mozilla/5.0 (Windows NT 6.1; WOW64) AppleWebKit/537.36 (KHTML, like Gecko) Chrome/64.0.3282.140 Safari/537.36', 'CHROME', 'WINDOWS_7', 'COMPUTER', '北京市', '电信', '20180729183302', '2018-07-29 18:33:02'), ('5515', '1', '1', 'http://www.gwac.top/special/10', 'http://www.gwac.top/special_category', 'DIRECT', '106.121.14.208', '6fd0bfaafc86432082632ada22808a9e', 'Mozilla/5.0 (Windows NT 6.1; WOW64) AppleWebKit/537.36 (KHTML, like Gecko) Chrome/64.0.3282.140 Safari/537.36', 'CHROME', 'WINDOWS_7', 'COMPUTER', '北京市', '电信', '20180729183307', '2018-07-29 18:33:07'), ('5516', '1', '1', 'http://www.gwac.top/info/291', 'http://www.gwac.top/special/10', 'DIRECT', '106.121.14.208', '6fd0bfaafc86432082632ada22808a9e', 'Mozilla/5.0 (Windows NT 6.1; WOW64) AppleWebKit/537.36 (KHTML, like Gecko) Chrome/64.0.3282.140 Safari/537.36', 'CHROME', 'WINDOWS_7', 'COMPUTER', '北京市', '电信', '20180729183328', '2018-07-29 18:33:28'), ('5517', '1', '1', 'http://www.gwac.top/special/10', 'http://www.gwac.top/special_category', 'DIRECT', '106.121.14.208', '6fd0bfaafc86432082632ada22808a9e', 'Mozilla/5.0 (Windows NT 6.1; WOW64) AppleWebKit/537.36 (KHTML, like Gecko) Chrome/64.0.3282.140 Safari/537.36', 'CHROME', 'WINDOWS_7', 'COMPUTER', '北京市', '电信', '20180729183432', '2018-07-29 18:34:32'), ('5518', '1', '1', 'http://www.gwac.top/info/291', 'http://www.gwac.top/special/10', 'DIRECT', '106.121.14.208', '6fd0bfaafc86432082632ada22808a9e', 'Mozilla/5.0 (Windows NT 6.1; WOW64) AppleWebKit/537.36 (KHTML, like Gecko) Chrome/64.0.3282.140 Safari/537.36', 'CHROME', 'WINDOWS_7', 'COMPUTER', '北京市', '电信', '20180729183435', '2018-07-29 18:34:35'), ('5519', '1', '1', 'http://www.gwac.top/special_category', 'http://www.gwac.top/info/291', 'DIRECT', '106.121.14.208', '6fd0bfaafc86432082632ada22808a9e', 'Mozilla/5.0 (Windows NT 6.1; WOW64) AppleWebKit/537.36 (KHTML, like Gecko) Chrome/64.0.3282.140 Safari/537.36', 'CHROME', 'WINDOWS_7', 'COMPUTER', '北京市', '电信', '20180729184651', '2018-07-29 18:46:51'), ('5520', '1', '1', 'http://www.gwac.top/special/10', 'http://www.gwac.top/special_category', 'DIRECT', '106.121.14.208', '6fd0bfaafc86432082632ada22808a9e', 'Mozilla/5.0 (Windows NT 6.1; WOW64) AppleWebKit/537.36 (KHTML, like Gecko) Chrome/64.0.3282.140 Safari/537.36', 'CHROME', 'WINDOWS_7', 'COMPUTER', '北京市', '电信', '20180729184653', '2018-07-29 18:46:53'), ('5521', '1', '1', 'http://www.gwac.top/info/292', 'http://www.gwac.top/special/10', 'DIRECT', '106.121.14.208', '6fd0bfaafc86432082632ada22808a9e', 'Mozilla/5.0 (Windows NT 6.1; WOW64) AppleWebKit/537.36 (KHTML, like Gecko) Chrome/64.0.3282.140 Safari/537.36', 'CHROME', 'WINDOWS_7', 'COMPUTER', '北京市', '电信', '20180729184657', '2018-07-29 18:46:57'), ('5522', '1', '1', 'http://www.gwac.top/info/292', 'http://www.gwac.top/special/10', 'DIRECT', '106.121.14.208', '6fd0bfaafc86432082632ada22808a9e', 'Mozilla/5.0 (Windows NT 6.1; WOW64) AppleWebKit/537.36 (KHTML, like Gecko) Chrome/64.0.3282.140 Safari/537.36', 'CHROME', 'WINDOWS_7', 'COMPUTER', '北京市', '电信', '20180729184706', '2018-07-29 18:47:06'), ('5523', '1', '1', 'http://www.gwac.top/', 'http://www.gwac.top/node/36', 'DIRECT', '106.121.14.208', '6fd0bfaafc86432082632ada22808a9e', 'Mozilla/5.0 (Windows NT 6.1; WOW64) AppleWebKit/537.36 (KHTML, like Gecko) Chrome/64.0.3282.140 Safari/537.36', 'CHROME', 'WINDOWS_7', 'COMPUTER', '北京市', '电信', '20180729184858', '2018-07-29 18:48:58'), ('5524', '1', '1', 'http://www.gwac.top/node/49', 'http://www.gwac.top/', 'DIRECT', '106.121.14.208', '6fd0bfaafc86432082632ada22808a9e', 'Mozilla/5.0 (Windows NT 6.1; WOW64) AppleWebKit/537.36 (KHTML, like Gecko) Chrome/64.0.3282.140 Safari/537.36', 'CHROME', 'WINDOWS_7', 'COMPUTER', '北京市', '电信', '20180729184859', '2018-07-29 18:48:59'), ('5525', '1', '1', 'http://www.gwac.top/node/49', 'http://www.gwac.top/', 'DIRECT', '106.121.14.208', '6fd0bfaafc86432082632ada22808a9e', 'Mozilla/5.0 (Windows NT 6.1; WOW64) AppleWebKit/537.36 (KHTML, like Gecko) Chrome/64.0.3282.140 Safari/537.36', 'CHROME', 'WINDOWS_7', 'COMPUTER', '北京市', '电信', '20180729184923', '2018-07-29 18:49:23'), ('5526', '1', '1', 'http://www.gwac.top/info/136', 'http://www.gwac.top/node/49', 'DIRECT', '106.121.14.208', '6fd0bfaafc86432082632ada22808a9e', 'Mozilla/5.0 (Windows NT 6.1; WOW64) AppleWebKit/537.36 (KHTML, like Gecko) Chrome/64.0.3282.140 Safari/537.36', 'CHROME', 'WINDOWS_7', 'COMPUTER', '北京市', '电信', '20180729184929', '2018-07-29 18:49:29'), ('5527', '1', '1', 'http://www.gwac.top/info/136', 'http://www.gwac.top/node/49', 'DIRECT', '106.121.14.208', '6fd0bfaafc86432082632ada22808a9e', 'Mozilla/5.0 (Windows NT 6.1; WOW64) AppleWebKit/537.36 (KHTML, like Gecko) Chrome/64.0.3282.140 Safari/537.36', 'CHROME', 'WINDOWS_7', 'COMPUTER', '北京市', '电信', '20180729184938', '2018-07-29 18:49:38'), ('5528', '1', '1', 'http://www.gwac.top/info/136', 'http://www.gwac.top/node/49', 'DIRECT', '106.121.14.208', '6fd0bfaafc86432082632ada22808a9e', 'Mozilla/5.0 (Windows NT 6.1; WOW64) AppleWebKit/537.36 (KHTML, like Gecko) Chrome/64.0.3282.140 Safari/537.36', 'CHROME', 'WINDOWS_7', 'COMPUTER', '北京市', '电信', '20180729185038', '2018-07-29 18:50:38'), ('5529', '1', '1', 'http://www.gwac.top/info/136', 'http://www.gwac.top/node/49', 'DIRECT', '106.121.14.208', '6fd0bfaafc86432082632ada22808a9e', 'Mozilla/5.0 (Windows NT 6.1; WOW64) AppleWebKit/537.36 (KHTML, like Gecko) Chrome/64.0.3282.140 Safari/537.36', 'CHROME', 'WINDOWS_7', 'COMPUTER', '北京市', '电信', '20180729185231', '2018-07-29 18:52:31'), ('5530', '1', '1', 'http://www.gwac.top/info/136', 'http://www.gwac.top/node/49', 'DIRECT', '106.121.14.208', '6fd0bfaafc86432082632ada22808a9e', 'Mozilla/5.0 (Windows NT 6.1; WOW64) AppleWebKit/537.36 (KHTML, like Gecko) Chrome/64.0.3282.140 Safari/537.36', 'CHROME', 'WINDOWS_7', 'COMPUTER', '北京市', '电信', '20180729185320', '2018-07-29 18:53:20'), ('5531', '1', '1', 'http://www.gwac.top/info/136', 'http://www.gwac.top/node/49', 'DIRECT', '106.121.14.208', '6fd0bfaafc86432082632ada22808a9e', 'Mozilla/5.0 (Windows NT 6.1; WOW64) AppleWebKit/537.36 (KHTML, like Gecko) Chrome/64.0.3282.140 Safari/537.36', 'CHROME', 'WINDOWS_7', 'COMPUTER', '北京市', '电信', '20180729185512', '2018-07-29 18:55:12'), ('5532', '1', '1', 'http://www.gwac.top/node/78', 'http://www.gwac.top/info/136', 'DIRECT', '106.121.14.208', '6fd0bfaafc86432082632ada22808a9e', 'Mozilla/5.0 (Windows NT 6.1; WOW64) AppleWebKit/537.36 (KHTML, like Gecko) Chrome/64.0.3282.140 Safari/537.36', 'CHROME', 'WINDOWS_7', 'COMPUTER', '北京市', '电信', '20180729185514', '2018-07-29 18:55:14'), ('5533', '1', '1', 'http://www.gwac.top/node/79', 'http://www.gwac.top/node/78', 'DIRECT', '106.121.14.208', '6fd0bfaafc86432082632ada22808a9e', 'Mozilla/5.0 (Windows NT 6.1; WOW64) AppleWebKit/537.36 (KHTML, like Gecko) Chrome/64.0.3282.140 Safari/537.36', 'CHROME', 'WINDOWS_7', 'COMPUTER', '北京市', '电信', '20180729185515', '2018-07-29 18:55:15'), ('5534', '1', null, 'http://www.gwac.top/', 'http://www.gwac.top/node/79', 'DIRECT', '106.121.14.208', '6fd0bfaafc86432082632ada22808a9e', 'Mozilla/5.0 (Windows NT 6.1; WOW64) AppleWebKit/537.36 (KHTML, like Gecko) Chrome/64.0.3282.140 Safari/537.36', 'CHROME', 'WINDOWS_7', 'COMPUTER', '北京市', '电信', '20180729185528', '2018-07-29 18:55:28'), ('5535', '1', '41', 'http://www.gwac.top/', 'http://www.gwac.top/login?fallbackUrl=%2F', 'DIRECT', '106.121.14.208', '6fd0bfaafc86432082632ada22808a9e', 'Mozilla/5.0 (Windows NT 6.1; WOW64) AppleWebKit/537.36 (KHTML, like Gecko) Chrome/64.0.3282.140 Safari/537.36', 'CHROME', 'WINDOWS_7', 'COMPUTER', '北京市', '电信', '20180729185537', '2018-07-29 18:55:37'), ('5536', '1', '41', 'http://www.gwac.top/node/49', 'http://www.gwac.top/', 'DIRECT', '106.121.14.208', '6fd0bfaafc86432082632ada22808a9e', 'Mozilla/5.0 (Windows NT 6.1; WOW64) AppleWebKit/537.36 (KHTML, like Gecko) Chrome/64.0.3282.140 Safari/537.36', 'CHROME', 'WINDOWS_7', 'COMPUTER', '北京市', '电信', '20180729185539', '2018-07-29 18:55:39'), ('5537', '1', '41', 'http://www.gwac.top/info/136', 'http://www.gwac.top/node/49', 'DIRECT', '106.121.14.208', '6fd0bfaafc86432082632ada22808a9e', 'Mozilla/5.0 (Windows NT 6.1; WOW64) AppleWebKit/537.36 (KHTML, like Gecko) Chrome/64.0.3282.140 Safari/537.36', 'CHROME', 'WINDOWS_7', 'COMPUTER', '北京市', '电信', '20180729185600', '2018-07-29 18:56:00'), ('5538', '1', '1', 'http://www.gwac.top/node/49', 'http://www.gwac.top/', 'DIRECT', '106.121.14.208', '6fd0bfaafc86432082632ada22808a9e', 'Mozilla/5.0 (Windows NT 6.1; WOW64) AppleWebKit/537.36 (KHTML, like Gecko) Chrome/64.0.3282.140 Safari/537.36', 'CHROME', 'WINDOWS_7', 'COMPUTER', '北京市', '电信', '20180729185711', '2018-07-29 18:57:11'), ('5539', '1', '1', 'http://www.gwac.top/info/136', 'http://www.gwac.top/node/49', 'DIRECT', '106.121.14.208', '6fd0bfaafc86432082632ada22808a9e', 'Mozilla/5.0 (Windows NT 6.1; WOW64) AppleWebKit/537.36 (KHTML, like Gecko) Chrome/64.0.3282.140 Safari/537.36', 'CHROME', 'WINDOWS_7', 'COMPUTER', '北京市', '电信', '20180729185713', '2018-07-29 18:57:13'), ('5540', '1', '1', 'http://www.gwac.top/info/136', 'http://www.gwac.top/node/49', 'DIRECT', '106.121.14.208', '6fd0bfaafc86432082632ada22808a9e', 'Mozilla/5.0 (Windows NT 6.1; WOW64) AppleWebKit/537.36 (KHTML, like Gecko) Chrome/64.0.3282.140 Safari/537.36', 'CHROME', 'WINDOWS_7', 'COMPUTER', '北京市', '电信', '20180729185721', '2018-07-29 18:57:21'), ('5541', '1', '1', 'http://www.gwac.top/node/49', 'http://www.gwac.top/info/136', 'DIRECT', '106.121.14.208', '6fd0bfaafc86432082632ada22808a9e', 'Mozilla/5.0 (Windows NT 6.1; WOW64) AppleWebKit/537.36 (KHTML, like Gecko) Chrome/64.0.3282.140 Safari/537.36', 'CHROME', 'WINDOWS_7', 'COMPUTER', '北京市', '电信', '20180729185722', '2018-07-29 18:57:22'), ('5542', '1', '1', 'http://www.gwac.top/node/69', 'http://www.gwac.top/node/49', 'DIRECT', '106.121.14.208', '6fd0bfaafc86432082632ada22808a9e', 'Mozilla/5.0 (Windows NT 6.1; WOW64) AppleWebKit/537.36 (KHTML, like Gecko) Chrome/64.0.3282.140 Safari/537.36', 'CHROME', 'WINDOWS_7', 'COMPUTER', '北京市', '电信', '20180729185725', '2018-07-29 18:57:25'), ('5543', '1', '1', 'http://www.gwac.top/node/49', 'http://www.gwac.top/node/69', 'DIRECT', '106.121.14.208', '6fd0bfaafc86432082632ada22808a9e', 'Mozilla/5.0 (Windows NT 6.1; WOW64) AppleWebKit/537.36 (KHTML, like Gecko) Chrome/64.0.3282.140 Safari/537.36', 'CHROME', 'WINDOWS_7', 'COMPUTER', '北京市', '电信', '20180729185727', '2018-07-29 18:57:27'), ('5544', '1', '1', 'http://www.gwac.top/node/49', 'http://www.gwac.top/node/69', 'DIRECT', '106.121.14.208', '6fd0bfaafc86432082632ada22808a9e', 'Mozilla/5.0 (Windows NT 6.1; WOW64) AppleWebKit/537.36 (KHTML, like Gecko) Chrome/64.0.3282.140 Safari/537.36', 'CHROME', 'WINDOWS_7', 'COMPUTER', '北京市', '电信', '20180729185752', '2018-07-29 18:57:52'), ('5545', '1', '1', 'http://www.gwac.top/node/48', 'http://www.gwac.top/node/49', 'DIRECT', '106.121.14.208', '6fd0bfaafc86432082632ada22808a9e', 'Mozilla/5.0 (Windows NT 6.1; WOW64) AppleWebKit/537.36 (KHTML, like Gecko) Chrome/64.0.3282.140 Safari/537.36', 'CHROME', 'WINDOWS_7', 'COMPUTER', '北京市', '电信', '20180729185754', '2018-07-29 18:57:54'), ('5546', '1', '1', 'http://www.gwac.top/node/49', 'http://www.gwac.top/node/48', 'DIRECT', '106.121.14.208', '6fd0bfaafc86432082632ada22808a9e', 'Mozilla/5.0 (Windows NT 6.1; WOW64) AppleWebKit/537.36 (KHTML, like Gecko) Chrome/64.0.3282.140 Safari/537.36', 'CHROME', 'WINDOWS_7', 'COMPUTER', '北京市', '电信', '20180729185755', '2018-07-29 18:57:55'), ('5547', '1', '1', 'http://www.gwac.top/node/49', 'http://www.gwac.top/node/48', 'DIRECT', '106.121.14.208', '6fd0bfaafc86432082632ada22808a9e', 'Mozilla/5.0 (Windows NT 6.1; WOW64) AppleWebKit/537.36 (KHTML, like Gecko) Chrome/64.0.3282.140 Safari/537.36', 'CHROME', 'WINDOWS_7', 'COMPUTER', '北京市', '电信', '20180729185819', '2018-07-29 18:58:19'), ('5548', '1', '1', 'http://www.gwac.top/node/48', 'http://www.gwac.top/node/49', 'DIRECT', '106.121.14.208', '6fd0bfaafc86432082632ada22808a9e', 'Mozilla/5.0 (Windows NT 6.1; WOW64) AppleWebKit/537.36 (KHTML, like Gecko) Chrome/64.0.3282.140 Safari/537.36', 'CHROME', 'WINDOWS_7', 'COMPUTER', '北京市', '电信', '20180729185820', '2018-07-29 18:58:20'), ('5549', '1', '1', 'http://www.gwac.top/node/49', 'http://www.gwac.top/node/48', 'DIRECT', '106.121.14.208', '6fd0bfaafc86432082632ada22808a9e', 'Mozilla/5.0 (Windows NT 6.1; WOW64) AppleWebKit/537.36 (KHTML, like Gecko) Chrome/64.0.3282.140 Safari/537.36', 'CHROME', 'WINDOWS_7', 'COMPUTER', '北京市', '电信', '20180729185821', '2018-07-29 18:58:21'), ('5550', '1', '1', 'http://www.gwac.top/info/150', 'http://www.gwac.top/node/49', 'DIRECT', '106.121.14.208', '6fd0bfaafc86432082632ada22808a9e', 'Mozilla/5.0 (Windows NT 6.1; WOW64) AppleWebKit/537.36 (KHTML, like Gecko) Chrome/64.0.3282.140 Safari/537.36', 'CHROME', 'WINDOWS_7', 'COMPUTER', '北京市', '电信', '20180729185824', '2018-07-29 18:58:24'), ('5551', '1', null, 'http://www.gwac.top/', '', 'DIRECT', '106.121.14.208', '6fd0bfaafc86432082632ada22808a9e', 'Mozilla/5.0 (Windows NT 6.1; WOW64) AppleWebKit/537.36 (KHTML, like Gecko) Chrome/64.0.3282.140 Safari/537.36', 'CHROME', 'WINDOWS_7', 'COMPUTER', '北京市', '电信', '20180729224746', '2018-07-29 22:47:46'), ('5552', '1', null, 'http://www.gwac.top/info/241', 'http://www.gwac.top/', 'DIRECT', '106.121.14.208', '6fd0bfaafc86432082632ada22808a9e', 'Mozilla/5.0 (Windows NT 6.1; WOW64) AppleWebKit/537.36 (KHTML, like Gecko) Chrome/64.0.3282.140 Safari/537.36', 'CHROME', 'WINDOWS_7', 'COMPUTER', '北京市', '电信', '20180729224759', '2018-07-29 22:47:59'), ('5553', '1', null, 'http://www.gwac.top/special/10', 'http://www.gwac.top/', 'DIRECT', '106.121.14.208', '6fd0bfaafc86432082632ada22808a9e', 'Mozilla/5.0 (Windows NT 6.1; WOW64) AppleWebKit/537.36 (KHTML, like Gecko) Chrome/64.0.3282.140 Safari/537.36', 'CHROME', 'WINDOWS_7', 'COMPUTER', '北京市', '电信', '20180729224807', '2018-07-29 22:48:07'), ('5554', '1', null, 'http://www.gwac.top/', '', 'DIRECT', '10.0.97.11', '90dbce18775244588d4600cc3bd8c339', 'Mozilla/5.0 (Windows NT 6.1; Win64; x64) AppleWebKit/537.36 (KHTML, like Gecko) Chrome/64.0.3282.140 Safari/537.36', 'CHROME', 'WINDOWS_7', 'COMPUTER', '局域网', '对方和您在同一内部网', '20180730073303', '2018-07-30 07:33:03'), ('5555', '1', '1', 'http://www.gwac.top/', '', 'DIRECT', '10.0.97.11', '90dbce18775244588d4600cc3bd8c339', 'Mozilla/5.0 (Windows NT 6.1; Win64; x64) AppleWebKit/537.36 (KHTML, like Gecko) Chrome/64.0.3282.140 Safari/537.36', 'CHROME', 'WINDOWS_7', 'COMPUTER', '局域网', '对方和您在同一内部网', '20180730073358', '2018-07-30 07:33:58'), ('5556', '1', '1', 'http://www.gwac.top/node/49', 'http://www.gwac.top/', 'DIRECT', '10.0.97.11', '90dbce18775244588d4600cc3bd8c339', 'Mozilla/5.0 (Windows NT 6.1; Win64; x64) AppleWebKit/537.36 (KHTML, like Gecko) Chrome/64.0.3282.140 Safari/537.36', 'CHROME', 'WINDOWS_7', 'COMPUTER', '局域网', '对方和您在同一内部网', '20180730073401', '2018-07-30 07:34:01'), ('5557', '1', '1', 'http://www.gwac.top/node/77', 'http://www.gwac.top/node/49', 'DIRECT', '10.0.97.11', '90dbce18775244588d4600cc3bd8c339', 'Mozilla/5.0 (Windows NT 6.1; Win64; x64) AppleWebKit/537.36 (KHTML, like Gecko) Chrome/64.0.3282.140 Safari/537.36', 'CHROME', 'WINDOWS_7', 'COMPUTER', '局域网', '对方和您在同一内部网', '20180730073415', '2018-07-30 07:34:15'), ('5558', '1', '1', 'http://www.gwac.top/node/49', 'http://www.gwac.top/node/77', 'DIRECT', '10.0.97.11', '90dbce18775244588d4600cc3bd8c339', 'Mozilla/5.0 (Windows NT 6.1; Win64; x64) AppleWebKit/537.36 (KHTML, like Gecko) Chrome/64.0.3282.140 Safari/537.36', 'CHROME', 'WINDOWS_7', 'COMPUTER', '局域网', '对方和您在同一内部网', '20180730073447', '2018-07-30 07:34:47'), ('5559', '1', '1', 'http://www.gwac.top/info/221', 'http://www.gwac.top/node/49', 'DIRECT', '10.0.97.11', '90dbce18775244588d4600cc3bd8c339', 'Mozilla/5.0 (Windows NT 6.1; Win64; x64) AppleWebKit/537.36 (KHTML, like Gecko) Chrome/64.0.3282.140 Safari/537.36', 'CHROME', 'WINDOWS_7', 'COMPUTER', '局域网', '对方和您在同一内部网', '20180730073455', '2018-07-30 07:34:55'), ('5560', '1', '1', 'http://www.gwac.top/node/79', 'http://www.gwac.top/info/221', 'DIRECT', '10.0.97.11', '90dbce18775244588d4600cc3bd8c339', 'Mozilla/5.0 (Windows NT 6.1; Win64; x64) AppleWebKit/537.36 (KHTML, like Gecko) Chrome/64.0.3282.140 Safari/537.36', 'CHROME', 'WINDOWS_7', 'COMPUTER', '局域网', '对方和您在同一内部网', '20180730073626', '2018-07-30 07:36:26'), ('5561', '1', '1', 'http://www.gwac.top/node/49', 'http://www.gwac.top/node/79', 'DIRECT', '10.0.97.11', '90dbce18775244588d4600cc3bd8c339', 'Mozilla/5.0 (Windows NT 6.1; Win64; x64) AppleWebKit/537.36 (KHTML, like Gecko) Chrome/64.0.3282.140 Safari/537.36', 'CHROME', 'WINDOWS_7', 'COMPUTER', '局域网', '对方和您在同一内部网', '20180730073704', '2018-07-30 07:37:04'), ('5562', '1', '1', 'http://www.gwac.top/info/83', 'http://www.gwac.top/node/49', 'DIRECT', '10.0.97.11', '90dbce18775244588d4600cc3bd8c339', 'Mozilla/5.0 (Windows NT 6.1; Win64; x64) AppleWebKit/537.36 (KHTML, like Gecko) Chrome/64.0.3282.140 Safari/537.36', 'CHROME', 'WINDOWS_7', 'COMPUTER', '局域网', '对方和您在同一内部网', '20180730073715', '2018-07-30 07:37:15'), ('5576', '1', null, 'http://localhost:8080/', '', 'DIRECT', '127.0.0.1', 'c6dcf70d1c9f47f68fb707cc12871536', 'Mozilla/5.0 (Windows NT 6.1; Win64; x64) AppleWebKit/537.36 (KHTML, like Gecko) Chrome/64.0.3282.140 Safari/537.36', 'CHROME', 'WINDOWS_7', 'COMPUTER', 'LAN', 'LAN', '20180730091648', '2018-07-30 01:16:48'), ('5577', '1', null, 'http://localhost:8080/node/48', 'http://localhost:8080/', 'DIRECT', '127.0.0.1', 'c6dcf70d1c9f47f68fb707cc12871536', 'Mozilla/5.0 (Windows NT 6.1; Win64; x64) AppleWebKit/537.36 (KHTML, like Gecko) Chrome/64.0.3282.140 Safari/537.36', 'CHROME', 'WINDOWS_7', 'COMPUTER', 'LAN', 'LAN', '20180730091701', '2018-07-30 01:17:01'), ('5578', '1', '1', 'http://localhost:8080/node/48', 'http://localhost:8080/login?fallbackUrl=%2Fnode%2F48', 'DIRECT', '127.0.0.1', 'c6dcf70d1c9f47f68fb707cc12871536', 'Mozilla/5.0 (Windows NT 6.1; Win64; x64) AppleWebKit/537.36 (KHTML, like Gecko) Chrome/64.0.3282.140 Safari/537.36', 'CHROME', 'WINDOWS_7', 'COMPUTER', 'LAN', 'LAN', '20180730091716', '2018-07-30 01:17:16'), ('5579', '1', '1', 'http://localhost:8080/node/48', 'http://localhost:8080/login?fallbackUrl=%2Fnode%2F48', 'DIRECT', '127.0.0.1', 'c6dcf70d1c9f47f68fb707cc12871536', 'Mozilla/5.0 (Windows NT 6.1; Win64; x64) AppleWebKit/537.36 (KHTML, like Gecko) Chrome/64.0.3282.140 Safari/537.36', 'CHROME', 'WINDOWS_7', 'COMPUTER', 'LAN', 'LAN', '20180730091719', '2018-07-30 01:17:20'), ('5580', '1', '1', 'http://localhost:8080/node/69', 'http://localhost:8080/node/48', 'DIRECT', '127.0.0.1', 'c6dcf70d1c9f47f68fb707cc12871536', 'Mozilla/5.0 (Windows NT 6.1; Win64; x64) AppleWebKit/537.36 (KHTML, like Gecko) Chrome/64.0.3282.140 Safari/537.36', 'CHROME', 'WINDOWS_7', 'COMPUTER', 'LAN', 'LAN', '20180730091720', '2018-07-30 01:17:21'), ('5581', '1', '1', 'http://localhost:8080/node/36', 'http://localhost:8080/node/69', 'DIRECT', '127.0.0.1', 'c6dcf70d1c9f47f68fb707cc12871536', 'Mozilla/5.0 (Windows NT 6.1; Win64; x64) AppleWebKit/537.36 (KHTML, like Gecko) Chrome/64.0.3282.140 Safari/537.36', 'CHROME', 'WINDOWS_7', 'COMPUTER', 'LAN', 'LAN', '20180730091721', '2018-07-30 01:17:22'), ('5582', '1', '1', 'http://localhost:8080/', 'http://localhost:8080/node/36', 'DIRECT', '127.0.0.1', 'c6dcf70d1c9f47f68fb707cc12871536', 'Mozilla/5.0 (Windows NT 6.1; Win64; x64) AppleWebKit/537.36 (KHTML, like Gecko) Chrome/64.0.3282.140 Safari/537.36', 'CHROME', 'WINDOWS_7', 'COMPUTER', 'LAN', 'LAN', '20180730091723', '2018-07-30 01:17:23'), ('5583', '1', '1', 'http://localhost:8080/', 'http://localhost:8080/node/36', 'DIRECT', '127.0.0.1', 'c6dcf70d1c9f47f68fb707cc12871536', 'Mozilla/5.0 (Windows NT 6.1; Win64; x64) AppleWebKit/537.36 (KHTML, like Gecko) Chrome/64.0.3282.140 Safari/537.36', 'CHROME', 'WINDOWS_7', 'COMPUTER', 'LAN', 'LAN', '20180730091932', '2018-07-30 01:19:33'), ('5584', '1', '1', 'http://localhost:8080/node/48', 'http://localhost:8080/', 'DIRECT', '127.0.0.1', 'c6dcf70d1c9f47f68fb707cc12871536', 'Mozilla/5.0 (Windows NT 6.1; Win64; x64) AppleWebKit/537.36 (KHTML, like Gecko) Chrome/64.0.3282.140 Safari/537.36', 'CHROME', 'WINDOWS_7', 'COMPUTER', 'LAN', 'LAN', '20180730091939', '2018-07-30 01:19:40'), ('5585', '1', '1', 'http://localhost:8080/info/141', 'http://localhost:8080/node/48', 'DIRECT', '127.0.0.1', 'c6dcf70d1c9f47f68fb707cc12871536', 'Mozilla/5.0 (Windows NT 6.1; Win64; x64) AppleWebKit/537.36 (KHTML, like Gecko) Chrome/64.0.3282.140 Safari/537.36', 'CHROME', 'WINDOWS_7', 'COMPUTER', 'LAN', 'LAN', '20180730091945', '2018-07-30 01:19:45'), ('5586', '1', '1', 'http://localhost:8080/info/141', 'http://localhost:8080/node/48', 'DIRECT', '127.0.0.1', 'c6dcf70d1c9f47f68fb707cc12871536', 'Mozilla/5.0 (Windows NT 6.1; Win64; x64) AppleWebKit/537.36 (KHTML, like Gecko) Chrome/64.0.3282.140 Safari/537.36', 'CHROME', 'WINDOWS_7', 'COMPUTER', 'LAN', 'LAN', '20180730092827', '2018-07-30 01:28:28'), ('5587', '1', '1', 'http://localhost:8080/info/141', 'http://localhost:8080/node/48', 'DIRECT', '127.0.0.1', 'c6dcf70d1c9f47f68fb707cc12871536', 'Mozilla/5.0 (Windows NT 6.1; Win64; x64) AppleWebKit/537.36 (KHTML, like Gecko) Chrome/64.0.3282.140 Safari/537.36', 'CHROME', 'WINDOWS_7', 'COMPUTER', 'LAN', 'LAN', '20180730092907', '2018-07-30 01:29:08'), ('5588', '1', '1', 'http://localhost:8080/info/141', 'http://localhost:8080/node/48', 'DIRECT', '127.0.0.1', 'c6dcf70d1c9f47f68fb707cc12871536', 'Mozilla/5.0 (Windows NT 6.1; Win64; x64) AppleWebKit/537.36 (KHTML, like Gecko) Chrome/64.0.3282.140 Safari/537.36', 'CHROME', 'WINDOWS_7', 'COMPUTER', 'LAN', 'LAN', '20180730092938', '2018-07-30 01:29:38'), ('5589', '1', '1', 'http://localhost:8080/node/88', 'http://localhost:8080/info/141', 'DIRECT', '127.0.0.1', 'c6dcf70d1c9f47f68fb707cc12871536', 'Mozilla/5.0 (Windows NT 6.1; Win64; x64) AppleWebKit/537.36 (KHTML, like Gecko) Chrome/64.0.3282.140 Safari/537.36', 'CHROME', 'WINDOWS_7', 'COMPUTER', 'LAN', 'LAN', '20180730092945', '2018-07-30 01:29:45'), ('5590', '1', '1', 'http://localhost:8080/node/48', 'http://localhost:8080/node/88', 'DIRECT', '127.0.0.1', 'c6dcf70d1c9f47f68fb707cc12871536', 'Mozilla/5.0 (Windows NT 6.1; Win64; x64) AppleWebKit/537.36 (KHTML, like Gecko) Chrome/64.0.3282.140 Safari/537.36', 'CHROME', 'WINDOWS_7', 'COMPUTER', 'LAN', 'LAN', '20180730092950', '2018-07-30 01:29:50'), ('5591', '1', '1', 'http://localhost:8080/node/48', 'http://localhost:8080/node/88', 'DIRECT', '127.0.0.1', 'c6dcf70d1c9f47f68fb707cc12871536', 'Mozilla/5.0 (Windows NT 6.1; Win64; x64) AppleWebKit/537.36 (KHTML, like Gecko) Chrome/64.0.3282.140 Safari/537.36', 'CHROME', 'WINDOWS_7', 'COMPUTER', 'LAN', 'LAN', '20180730093105', '2018-07-30 01:31:06'), ('5592', '1', '1', 'http://localhost:8080/node/48', 'http://localhost:8080/node/88', 'DIRECT', '127.0.0.1', 'c6dcf70d1c9f47f68fb707cc12871536', 'Mozilla/5.0 (Windows NT 6.1; Win64; x64) AppleWebKit/537.36 (KHTML, like Gecko) Chrome/64.0.3282.140 Safari/537.36', 'CHROME', 'WINDOWS_7', 'COMPUTER', 'LAN', 'LAN', '20180730093146', '2018-07-30 01:31:47'), ('5593', '1', '1', 'http://localhost:8080/info/164', 'http://localhost:8080/node/48', 'DIRECT', '127.0.0.1', 'c6dcf70d1c9f47f68fb707cc12871536', 'Mozilla/5.0 (Windows NT 6.1; Win64; x64) AppleWebKit/537.36 (KHTML, like Gecko) Chrome/64.0.3282.140 Safari/537.36', 'CHROME', 'WINDOWS_7', 'COMPUTER', 'LAN', 'LAN', '20180730093202', '2018-07-30 01:32:03'), ('5594', '1', '1', 'http://localhost:8080/node/48', 'http://localhost:8080/node/88', 'DIRECT', '127.0.0.1', 'c6dcf70d1c9f47f68fb707cc12871536', 'Mozilla/5.0 (Windows NT 6.1; Win64; x64) AppleWebKit/537.36 (KHTML, like Gecko) Chrome/64.0.3282.140 Safari/537.36', 'CHROME', 'WINDOWS_7', 'COMPUTER', 'LAN', 'LAN', '20180730093243', '2018-07-30 01:32:43'), ('5595', '1', '1', 'http://localhost:8080/info/142', 'http://localhost:8080/node/48', 'DIRECT', '127.0.0.1', 'c6dcf70d1c9f47f68fb707cc12871536', 'Mozilla/5.0 (Windows NT 6.1; Win64; x64) AppleWebKit/537.36 (KHTML, like Gecko) Chrome/64.0.3282.140 Safari/537.36', 'CHROME', 'WINDOWS_7', 'COMPUTER', 'LAN', 'LAN', '20180730093245', '2018-07-30 01:32:46'), ('5596', '1', '1', 'http://localhost:8080/node/48', 'http://localhost:8080/node/88', 'DIRECT', '127.0.0.1', 'c6dcf70d1c9f47f68fb707cc12871536', 'Mozilla/5.0 (Windows NT 6.1; Win64; x64) AppleWebKit/537.36 (KHTML, like Gecko) Chrome/64.0.3282.140 Safari/537.36', 'CHROME', 'WINDOWS_7', 'COMPUTER', 'LAN', 'LAN', '20180730093326', '2018-07-30 01:33:27'), ('5597', '1', '1', 'http://localhost:8080/node/36', 'http://localhost:8080/node/48', 'DIRECT', '127.0.0.1', 'c6dcf70d1c9f47f68fb707cc12871536', 'Mozilla/5.0 (Windows NT 6.1; Win64; x64) AppleWebKit/537.36 (KHTML, like Gecko) Chrome/64.0.3282.140 Safari/537.36', 'CHROME', 'WINDOWS_7', 'COMPUTER', 'LAN', 'LAN', '20180730093335', '2018-07-30 01:33:36'), ('5598', '1', '1', 'http://localhost:8080/node/36', 'http://localhost:8080/node/48', 'DIRECT', '127.0.0.1', 'c6dcf70d1c9f47f68fb707cc12871536', 'Mozilla/5.0 (Windows NT 6.1; Win64; x64) AppleWebKit/537.36 (KHTML, like Gecko) Chrome/64.0.3282.140 Safari/537.36', 'CHROME', 'WINDOWS_7', 'COMPUTER', 'LAN', 'LAN', '20180730093528', '2018-07-30 01:35:28'), ('5599', '1', '1', 'http://localhost:8080/node/36', 'http://localhost:8080/node/48', 'DIRECT', '127.0.0.1', 'c6dcf70d1c9f47f68fb707cc12871536', 'Mozilla/5.0 (Windows NT 6.1; Win64; x64) AppleWebKit/537.36 (KHTML, like Gecko) Chrome/64.0.3282.140 Safari/537.36', 'CHROME', 'WINDOWS_7', 'COMPUTER', 'LAN', 'LAN', '20180730093629', '2018-07-30 01:36:30'), ('5600', '1', '1', 'http://localhost:8080/node/36', 'http://localhost:8080/node/48', 'DIRECT', '127.0.0.1', 'c6dcf70d1c9f47f68fb707cc12871536', 'Mozilla/5.0 (Windows NT 6.1; Win64; x64) AppleWebKit/537.36 (KHTML, like Gecko) Chrome/64.0.3282.140 Safari/537.36', 'CHROME', 'WINDOWS_7', 'COMPUTER', 'LAN', 'LAN', '20180730093946', '2018-07-30 01:39:46'), ('5601', '1', '1', 'http://localhost:8080/info/46', 'http://localhost:8080/node/36', 'DIRECT', '127.0.0.1', 'c6dcf70d1c9f47f68fb707cc12871536', 'Mozilla/5.0 (Windows NT 6.1; Win64; x64) AppleWebKit/537.36 (KHTML, like Gecko) Chrome/64.0.3282.140 Safari/537.36', 'CHROME', 'WINDOWS_7', 'COMPUTER', 'LAN', 'LAN', '20180730093958', '2018-07-30 01:39:59');
INSERT INTO `cms_visit_log` VALUES ('5602', '1', '1', 'http://localhost:8080/node/36', 'http://localhost:8080/node/48', 'DIRECT', '127.0.0.1', 'c6dcf70d1c9f47f68fb707cc12871536', 'Mozilla/5.0 (Windows NT 6.1; Win64; x64) AppleWebKit/537.36 (KHTML, like Gecko) Chrome/64.0.3282.140 Safari/537.36', 'CHROME', 'WINDOWS_7', 'COMPUTER', 'LAN', 'LAN', '20180730094044', '2018-07-30 01:40:45'), ('5603', '1', '1', 'http://localhost:8080/special/27', 'http://localhost:8080/node/36', 'DIRECT', '127.0.0.1', 'c6dcf70d1c9f47f68fb707cc12871536', 'Mozilla/5.0 (Windows NT 6.1; Win64; x64) AppleWebKit/537.36 (KHTML, like Gecko) Chrome/64.0.3282.140 Safari/537.36', 'CHROME', 'WINDOWS_7', 'COMPUTER', 'LAN', 'LAN', '20180730094100', '2018-07-30 01:41:01'), ('5604', '1', '1', 'http://localhost:8080/special/27', 'http://localhost:8080/node/36', 'DIRECT', '127.0.0.1', 'c6dcf70d1c9f47f68fb707cc12871536', 'Mozilla/5.0 (Windows NT 6.1; Win64; x64) AppleWebKit/537.36 (KHTML, like Gecko) Chrome/64.0.3282.140 Safari/537.36', 'CHROME', 'WINDOWS_7', 'COMPUTER', 'LAN', 'LAN', '20180730094108', '2018-07-30 01:41:09'), ('5605', '1', '1', 'http://localhost:8080/node/36', 'http://localhost:8080/node/48', 'DIRECT', '127.0.0.1', 'c6dcf70d1c9f47f68fb707cc12871536', 'Mozilla/5.0 (Windows NT 6.1; Win64; x64) AppleWebKit/537.36 (KHTML, like Gecko) Chrome/64.0.3282.140 Safari/537.36', 'CHROME', 'WINDOWS_7', 'COMPUTER', 'LAN', 'LAN', '20180730094439', '2018-07-30 01:44:40'), ('5606', '1', '1', 'http://localhost:8080/node/48', 'http://localhost:8080/node/36', 'DIRECT', '127.0.0.1', 'c6dcf70d1c9f47f68fb707cc12871536', 'Mozilla/5.0 (Windows NT 6.1; Win64; x64) AppleWebKit/537.36 (KHTML, like Gecko) Chrome/64.0.3282.140 Safari/537.36', 'CHROME', 'WINDOWS_7', 'COMPUTER', 'LAN', 'LAN', '20180730094510', '2018-07-30 01:45:10'), ('5607', '1', '1', 'http://localhost:8080/info/141', 'http://localhost:8080/node/48', 'DIRECT', '127.0.0.1', 'c6dcf70d1c9f47f68fb707cc12871536', 'Mozilla/5.0 (Windows NT 6.1; Win64; x64) AppleWebKit/537.36 (KHTML, like Gecko) Chrome/64.0.3282.140 Safari/537.36', 'CHROME', 'WINDOWS_7', 'COMPUTER', 'LAN', 'LAN', '20180730094513', '2018-07-30 01:45:13'), ('5608', '1', '1', 'http://localhost:8080/node/48', 'http://localhost:8080/node/36', 'DIRECT', '127.0.0.1', 'c6dcf70d1c9f47f68fb707cc12871536', 'Mozilla/5.0 (Windows NT 6.1; Win64; x64) AppleWebKit/537.36 (KHTML, like Gecko) Chrome/64.0.3282.140 Safari/537.36', 'CHROME', 'WINDOWS_7', 'COMPUTER', 'LAN', 'LAN', '20180730094633', '2018-07-30 01:46:33'), ('5609', '1', '1', 'http://localhost:8080/', 'http://localhost:8080/node/48', 'DIRECT', '127.0.0.1', 'c6dcf70d1c9f47f68fb707cc12871536', 'Mozilla/5.0 (Windows NT 6.1; Win64; x64) AppleWebKit/537.36 (KHTML, like Gecko) Chrome/64.0.3282.140 Safari/537.36', 'CHROME', 'WINDOWS_7', 'COMPUTER', 'LAN', 'LAN', '20180730094656', '2018-07-30 01:46:57'), ('5610', '1', '1', 'http://localhost:8080/', 'http://localhost:8080/node/48', 'DIRECT', '127.0.0.1', 'c6dcf70d1c9f47f68fb707cc12871536', 'Mozilla/5.0 (Windows NT 6.1; Win64; x64) AppleWebKit/537.36 (KHTML, like Gecko) Chrome/64.0.3282.140 Safari/537.36', 'CHROME', 'WINDOWS_7', 'COMPUTER', 'LAN', 'LAN', '20180730094732', '2018-07-30 01:47:32'), ('5611', '1', '1', 'http://localhost:8080/', 'http://localhost:8080/node/48', 'DIRECT', '127.0.0.1', 'c6dcf70d1c9f47f68fb707cc12871536', 'Mozilla/5.0 (Windows NT 6.1; Win64; x64) AppleWebKit/537.36 (KHTML, like Gecko) Chrome/64.0.3282.140 Safari/537.36', 'CHROME', 'WINDOWS_7', 'COMPUTER', 'LAN', 'LAN', '20180730095006', '2018-07-30 01:50:07'), ('5612', '1', '1', 'http://localhost:8080/', 'http://localhost:8080/node/48', 'DIRECT', '127.0.0.1', 'c6dcf70d1c9f47f68fb707cc12871536', 'Mozilla/5.0 (Windows NT 6.1; Win64; x64) AppleWebKit/537.36 (KHTML, like Gecko) Chrome/64.0.3282.140 Safari/537.36', 'CHROME', 'WINDOWS_7', 'COMPUTER', 'LAN', 'LAN', '20180730095028', '2018-07-30 01:50:29'), ('5613', '1', '1', 'http://localhost:8080/info/87', 'http://localhost:8080/', 'DIRECT', '127.0.0.1', 'c6dcf70d1c9f47f68fb707cc12871536', 'Mozilla/5.0 (Windows NT 6.1; Win64; x64) AppleWebKit/537.36 (KHTML, like Gecko) Chrome/64.0.3282.140 Safari/537.36', 'CHROME', 'WINDOWS_7', 'COMPUTER', 'LAN', 'LAN', '20180730095038', '2018-07-30 01:50:39'), ('5614', '1', '1', 'http://localhost:8080/', 'http://localhost:8080/node/48', 'DIRECT', '127.0.0.1', 'c6dcf70d1c9f47f68fb707cc12871536', 'Mozilla/5.0 (Windows NT 6.1; Win64; x64) AppleWebKit/537.36 (KHTML, like Gecko) Chrome/64.0.3282.140 Safari/537.36', 'CHROME', 'WINDOWS_7', 'COMPUTER', 'LAN', 'LAN', '20180730095123', '2018-07-30 01:51:23'), ('5615', '1', '1', 'http://localhost:8080/node/36', 'http://localhost:8080/', 'DIRECT', '127.0.0.1', 'c6dcf70d1c9f47f68fb707cc12871536', 'Mozilla/5.0 (Windows NT 6.1; Win64; x64) AppleWebKit/537.36 (KHTML, like Gecko) Chrome/64.0.3282.140 Safari/537.36', 'CHROME', 'WINDOWS_7', 'COMPUTER', 'LAN', 'LAN', '20180730095140', '2018-07-30 01:51:40'), ('5616', '1', '1', 'http://localhost:8080/info/25', 'http://localhost:8080/node/36', 'DIRECT', '127.0.0.1', 'c6dcf70d1c9f47f68fb707cc12871536', 'Mozilla/5.0 (Windows NT 6.1; Win64; x64) AppleWebKit/537.36 (KHTML, like Gecko) Chrome/64.0.3282.140 Safari/537.36', 'CHROME', 'WINDOWS_7', 'COMPUTER', 'LAN', 'LAN', '20180730095149', '2018-07-30 01:51:50'), ('5617', '1', '1', 'http://localhost:8080/info/25', 'http://localhost:8080/node/36', 'DIRECT', '127.0.0.1', 'c6dcf70d1c9f47f68fb707cc12871536', 'Mozilla/5.0 (Windows NT 6.1; Win64; x64) AppleWebKit/537.36 (KHTML, like Gecko) Chrome/64.0.3282.140 Safari/537.36', 'CHROME', 'WINDOWS_7', 'COMPUTER', 'LAN', 'LAN', '20180730095309', '2018-07-30 01:53:10'), ('5618', '1', '1', 'http://localhost:8080/node/36', 'http://localhost:8080/', 'DIRECT', '127.0.0.1', 'c6dcf70d1c9f47f68fb707cc12871536', 'Mozilla/5.0 (Windows NT 6.1; Win64; x64) AppleWebKit/537.36 (KHTML, like Gecko) Chrome/64.0.3282.140 Safari/537.36', 'CHROME', 'WINDOWS_7', 'COMPUTER', 'LAN', 'LAN', '20180730095312', '2018-07-30 01:53:12'), ('5619', '1', '1', 'http://localhost:8080/node/69', 'http://localhost:8080/node/36', 'DIRECT', '127.0.0.1', 'c6dcf70d1c9f47f68fb707cc12871536', 'Mozilla/5.0 (Windows NT 6.1; Win64; x64) AppleWebKit/537.36 (KHTML, like Gecko) Chrome/64.0.3282.140 Safari/537.36', 'CHROME', 'WINDOWS_7', 'COMPUTER', 'LAN', 'LAN', '20180730095320', '2018-07-30 01:53:21'), ('5620', '1', '1', 'http://localhost:8080/node/48', 'http://localhost:8080/node/69', 'DIRECT', '127.0.0.1', 'c6dcf70d1c9f47f68fb707cc12871536', 'Mozilla/5.0 (Windows NT 6.1; Win64; x64) AppleWebKit/537.36 (KHTML, like Gecko) Chrome/64.0.3282.140 Safari/537.36', 'CHROME', 'WINDOWS_7', 'COMPUTER', 'LAN', 'LAN', '20180730095324', '2018-07-30 01:53:24'), ('5621', '1', '1', 'http://localhost:8080/node/49', 'http://localhost:8080/node/48', 'DIRECT', '127.0.0.1', 'c6dcf70d1c9f47f68fb707cc12871536', 'Mozilla/5.0 (Windows NT 6.1; Win64; x64) AppleWebKit/537.36 (KHTML, like Gecko) Chrome/64.0.3282.140 Safari/537.36', 'CHROME', 'WINDOWS_7', 'COMPUTER', 'LAN', 'LAN', '20180730095328', '2018-07-30 01:53:29'), ('5622', '1', '1', 'http://localhost:8080/node/92', 'http://localhost:8080/node/49', 'DIRECT', '127.0.0.1', 'c6dcf70d1c9f47f68fb707cc12871536', 'Mozilla/5.0 (Windows NT 6.1; Win64; x64) AppleWebKit/537.36 (KHTML, like Gecko) Chrome/64.0.3282.140 Safari/537.36', 'CHROME', 'WINDOWS_7', 'COMPUTER', 'LAN', 'LAN', '20180730095331', '2018-07-30 01:53:31'), ('5623', '1', '1', 'http://localhost:8080/special_category', 'http://localhost:8080/node/92', 'DIRECT', '127.0.0.1', 'c6dcf70d1c9f47f68fb707cc12871536', 'Mozilla/5.0 (Windows NT 6.1; Win64; x64) AppleWebKit/537.36 (KHTML, like Gecko) Chrome/64.0.3282.140 Safari/537.36', 'CHROME', 'WINDOWS_7', 'COMPUTER', 'LAN', 'LAN', '20180730095335', '2018-07-30 01:53:35'), ('5624', '1', '1', 'http://localhost:8080/special_category', 'http://localhost:8080/node/92', 'DIRECT', '127.0.0.1', 'c6dcf70d1c9f47f68fb707cc12871536', 'Mozilla/5.0 (Windows NT 6.1; Win64; x64) AppleWebKit/537.36 (KHTML, like Gecko) Chrome/64.0.3282.140 Safari/537.36', 'CHROME', 'WINDOWS_7', 'COMPUTER', 'LAN', 'LAN', '20180730095433', '2018-07-30 01:54:33'), ('5625', '1', '1', 'http://localhost:8080/guestbook', 'http://localhost:8080/special_category', 'DIRECT', '127.0.0.1', 'c6dcf70d1c9f47f68fb707cc12871536', 'Mozilla/5.0 (Windows NT 6.1; Win64; x64) AppleWebKit/537.36 (KHTML, like Gecko) Chrome/64.0.3282.140 Safari/537.36', 'CHROME', 'WINDOWS_7', 'COMPUTER', 'LAN', 'LAN', '20180730095439', '2018-07-30 01:54:40'), ('5626', '1', '1', 'http://localhost:8080/guestbook?isReply=true', 'http://localhost:8080/guestbook', 'DIRECT', '127.0.0.1', 'c6dcf70d1c9f47f68fb707cc12871536', 'Mozilla/5.0 (Windows NT 6.1; Win64; x64) AppleWebKit/537.36 (KHTML, like Gecko) Chrome/64.0.3282.140 Safari/537.36', 'CHROME', 'WINDOWS_7', 'COMPUTER', 'LAN', 'LAN', '20180730095446', '2018-07-30 01:54:47'), ('5627', '1', '1', 'http://localhost:8080/guestbook?isReply=false', 'http://localhost:8080/guestbook?isReply=true', 'DIRECT', '127.0.0.1', 'c6dcf70d1c9f47f68fb707cc12871536', 'Mozilla/5.0 (Windows NT 6.1; Win64; x64) AppleWebKit/537.36 (KHTML, like Gecko) Chrome/64.0.3282.140 Safari/537.36', 'CHROME', 'WINDOWS_7', 'COMPUTER', 'LAN', 'LAN', '20180730095448', '2018-07-30 01:54:48'), ('5628', '1', '1', 'http://localhost:8080/info/262', 'http://localhost:8080/guestbook?isReply=false', 'DIRECT', '127.0.0.1', 'c6dcf70d1c9f47f68fb707cc12871536', 'Mozilla/5.0 (Windows NT 6.1; Win64; x64) AppleWebKit/537.36 (KHTML, like Gecko) Chrome/64.0.3282.140 Safari/537.36', 'CHROME', 'WINDOWS_7', 'COMPUTER', 'LAN', 'LAN', '20180730095450', '2018-07-30 01:54:51'), ('5629', '1', '1', 'http://localhost:8080/node/49', 'http://localhost:8080/info/262', 'DIRECT', '127.0.0.1', 'c6dcf70d1c9f47f68fb707cc12871536', 'Mozilla/5.0 (Windows NT 6.1; Win64; x64) AppleWebKit/537.36 (KHTML, like Gecko) Chrome/64.0.3282.140 Safari/537.36', 'CHROME', 'WINDOWS_7', 'COMPUTER', 'LAN', 'LAN', '20180730095457', '2018-07-30 01:54:58'), ('5630', '1', '1', 'http://localhost:8080/node/77', 'http://localhost:8080/node/49', 'DIRECT', '127.0.0.1', 'c6dcf70d1c9f47f68fb707cc12871536', 'Mozilla/5.0 (Windows NT 6.1; Win64; x64) AppleWebKit/537.36 (KHTML, like Gecko) Chrome/64.0.3282.140 Safari/537.36', 'CHROME', 'WINDOWS_7', 'COMPUTER', 'LAN', 'LAN', '20180730095600', '2018-07-30 01:56:00'), ('5631', '1', '1', 'http://localhost:8080/info/136', 'http://localhost:8080/node/49', 'DIRECT', '127.0.0.1', 'c6dcf70d1c9f47f68fb707cc12871536', 'Mozilla/5.0 (Windows NT 6.1; Win64; x64) AppleWebKit/537.36 (KHTML, like Gecko) Chrome/64.0.3282.140 Safari/537.36', 'CHROME', 'WINDOWS_7', 'COMPUTER', 'LAN', 'LAN', '20180730095610', '2018-07-30 01:56:10'), ('5676', '1', null, 'http://localhost:8080/', '', 'DIRECT', '127.0.0.1', 'c6dcf70d1c9f47f68fb707cc12871536', 'Mozilla/5.0 (Windows NT 6.1; Win64; x64) AppleWebKit/537.36 (KHTML, like Gecko) Chrome/64.0.3282.140 Safari/537.36', 'CHROME', 'WINDOWS_7', 'COMPUTER', 'LAN', 'LAN', '20180730130627', '2018-07-30 05:06:27'), ('5677', '1', '1', 'http://localhost:8080/', 'http://localhost:8080/login?fallbackUrl=%2F', 'DIRECT', '127.0.0.1', 'c6dcf70d1c9f47f68fb707cc12871536', 'Mozilla/5.0 (Windows NT 6.1; Win64; x64) AppleWebKit/537.36 (KHTML, like Gecko) Chrome/64.0.3282.140 Safari/537.36', 'CHROME', 'WINDOWS_7', 'COMPUTER', 'LAN', 'LAN', '20180730131339', '2018-07-30 05:13:39'), ('5678', '1', '1', 'http://localhost:8080/info/150', 'http://localhost:8080/', 'DIRECT', '127.0.0.1', 'c6dcf70d1c9f47f68fb707cc12871536', 'Mozilla/5.0 (Windows NT 6.1; Win64; x64) AppleWebKit/537.36 (KHTML, like Gecko) Chrome/64.0.3282.140 Safari/537.36', 'CHROME', 'WINDOWS_7', 'COMPUTER', 'LAN', 'LAN', '20180730131510', '2018-07-30 05:15:10'), ('5679', '1', '1', 'http://localhost:8080/info/150', 'http://localhost:8080/', 'DIRECT', '127.0.0.1', 'c6dcf70d1c9f47f68fb707cc12871536', 'Mozilla/5.0 (Windows NT 6.1; Win64; x64) AppleWebKit/537.36 (KHTML, like Gecko) Chrome/64.0.3282.140 Safari/537.36', 'CHROME', 'WINDOWS_7', 'COMPUTER', 'LAN', 'LAN', '20180730131514', '2018-07-30 05:15:14'), ('5680', '1', '1', 'http://localhost:8080/info/150', 'http://localhost:8080/', 'DIRECT', '127.0.0.1', 'c6dcf70d1c9f47f68fb707cc12871536', 'Mozilla/5.0 (Windows NT 6.1; Win64; x64) AppleWebKit/537.36 (KHTML, like Gecko) Chrome/64.0.3282.140 Safari/537.36', 'CHROME', 'WINDOWS_7', 'COMPUTER', 'LAN', 'LAN', '20180730131631', '2018-07-30 05:16:32'), ('5681', '1', '1', 'http://localhost:8080/info/150', 'http://localhost:8080/', 'DIRECT', '127.0.0.1', 'c6dcf70d1c9f47f68fb707cc12871536', 'Mozilla/5.0 (Windows NT 6.1; Win64; x64) AppleWebKit/537.36 (KHTML, like Gecko) Chrome/64.0.3282.140 Safari/537.36', 'CHROME', 'WINDOWS_7', 'COMPUTER', 'LAN', 'LAN', '20180730131801', '2018-07-30 05:18:02'), ('5682', '1', '1', 'http://localhost:8080/info/150', 'http://localhost:8080/', 'DIRECT', '127.0.0.1', 'c6dcf70d1c9f47f68fb707cc12871536', 'Mozilla/5.0 (Windows NT 6.1; Win64; x64) AppleWebKit/537.36 (KHTML, like Gecko) Chrome/64.0.3282.140 Safari/537.36', 'CHROME', 'WINDOWS_7', 'COMPUTER', 'LAN', 'LAN', '20180730131842', '2018-07-30 05:18:42'), ('5683', '1', '1', 'http://localhost:8080/node/79', 'http://localhost:8080/info/150', 'DIRECT', '127.0.0.1', 'c6dcf70d1c9f47f68fb707cc12871536', 'Mozilla/5.0 (Windows NT 6.1; Win64; x64) AppleWebKit/537.36 (KHTML, like Gecko) Chrome/64.0.3282.140 Safari/537.36', 'CHROME', 'WINDOWS_7', 'COMPUTER', 'LAN', 'LAN', '20180730131850', '2018-07-30 05:18:51'), ('5684', '1', '1', 'http://localhost:8080/node/49', 'http://localhost:8080/node/79', 'DIRECT', '127.0.0.1', 'c6dcf70d1c9f47f68fb707cc12871536', 'Mozilla/5.0 (Windows NT 6.1; Win64; x64) AppleWebKit/537.36 (KHTML, like Gecko) Chrome/64.0.3282.140 Safari/537.36', 'CHROME', 'WINDOWS_7', 'COMPUTER', 'LAN', 'LAN', '20180730131854', '2018-07-30 05:18:54'), ('5685', '1', '1', 'http://localhost:8080/node/49', 'http://localhost:8080/node/79', 'DIRECT', '127.0.0.1', 'c6dcf70d1c9f47f68fb707cc12871536', 'Mozilla/5.0 (Windows NT 6.1; Win64; x64) AppleWebKit/537.36 (KHTML, like Gecko) Chrome/64.0.3282.140 Safari/537.36', 'CHROME', 'WINDOWS_7', 'COMPUTER', 'LAN', 'LAN', '20180730131927', '2018-07-30 05:19:28'), ('5686', '1', '1', 'http://localhost:8080/node/77', 'http://localhost:8080/node/49', 'DIRECT', '127.0.0.1', 'c6dcf70d1c9f47f68fb707cc12871536', 'Mozilla/5.0 (Windows NT 6.1; Win64; x64) AppleWebKit/537.36 (KHTML, like Gecko) Chrome/64.0.3282.140 Safari/537.36', 'CHROME', 'WINDOWS_7', 'COMPUTER', 'LAN', 'LAN', '20180730131938', '2018-07-30 05:19:39'), ('5687', '1', '1', 'http://localhost:8080/node/49', 'http://localhost:8080/', 'DIRECT', '127.0.0.1', 'c6dcf70d1c9f47f68fb707cc12871536', 'Mozilla/5.0 (Windows NT 6.1; Win64; x64) AppleWebKit/537.36 (KHTML, like Gecko) Chrome/64.0.3282.140 Safari/537.36', 'CHROME', 'WINDOWS_7', 'COMPUTER', 'LAN', 'LAN', '20180730132004', '2018-07-30 05:20:04'), ('5688', '1', '1', 'http://localhost:8080/node/49', 'http://localhost:8080/', 'DIRECT', '127.0.0.1', 'c6dcf70d1c9f47f68fb707cc12871536', 'Mozilla/5.0 (Windows NT 6.1; Win64; x64) AppleWebKit/537.36 (KHTML, like Gecko) Chrome/64.0.3282.140 Safari/537.36', 'CHROME', 'WINDOWS_7', 'COMPUTER', 'LAN', 'LAN', '20180730132005', '2018-07-30 05:20:06'), ('5689', '1', '1', 'http://localhost:8080/node/49', 'http://localhost:8080/', 'DIRECT', '127.0.0.1', 'c6dcf70d1c9f47f68fb707cc12871536', 'Mozilla/5.0 (Windows NT 6.1; Win64; x64) AppleWebKit/537.36 (KHTML, like Gecko) Chrome/64.0.3282.140 Safari/537.36', 'CHROME', 'WINDOWS_7', 'COMPUTER', 'LAN', 'LAN', '20180730132038', '2018-07-30 05:20:39'), ('5690', '1', '1', 'http://localhost:8080/', 'http://localhost:8080/node/49', 'DIRECT', '127.0.0.1', 'c6dcf70d1c9f47f68fb707cc12871536', 'Mozilla/5.0 (Windows NT 6.1; Win64; x64) AppleWebKit/537.36 (KHTML, like Gecko) Chrome/64.0.3282.140 Safari/537.36', 'CHROME', 'WINDOWS_7', 'COMPUTER', 'LAN', 'LAN', '20180730132101', '2018-07-30 05:21:02'), ('5691', '1', '1', 'http://localhost:8080/', 'http://localhost:8080/node/49', 'DIRECT', '127.0.0.1', 'c6dcf70d1c9f47f68fb707cc12871536', 'Mozilla/5.0 (Windows NT 6.1; Win64; x64) AppleWebKit/537.36 (KHTML, like Gecko) Chrome/64.0.3282.140 Safari/537.36', 'CHROME', 'WINDOWS_7', 'COMPUTER', 'LAN', 'LAN', '20180730132323', '2018-07-30 05:23:23'), ('5692', '1', '1', 'http://localhost:8080/', 'http://localhost:8080/node/49', 'DIRECT', '127.0.0.1', 'c6dcf70d1c9f47f68fb707cc12871536', 'Mozilla/5.0 (Windows NT 6.1; Win64; x64) AppleWebKit/537.36 (KHTML, like Gecko) Chrome/64.0.3282.140 Safari/537.36', 'CHROME', 'WINDOWS_7', 'COMPUTER', 'LAN', 'LAN', '20180730132605', '2018-07-30 05:26:05'), ('5693', '1', '1', 'http://localhost:8080/', 'http://localhost:8080/node/49', 'DIRECT', '127.0.0.1', 'c6dcf70d1c9f47f68fb707cc12871536', 'Mozilla/5.0 (Windows NT 6.1; Win64; x64) AppleWebKit/537.36 (KHTML, like Gecko) Chrome/64.0.3282.140 Safari/537.36', 'CHROME', 'WINDOWS_7', 'COMPUTER', 'LAN', 'LAN', '20180730132718', '2018-07-30 05:27:18'), ('5694', '1', '1', 'http://localhost:8080/info/27', 'http://localhost:8080/', 'DIRECT', '127.0.0.1', 'c6dcf70d1c9f47f68fb707cc12871536', 'Mozilla/5.0 (Windows NT 6.1; Win64; x64) AppleWebKit/537.36 (KHTML, like Gecko) Chrome/64.0.3282.140 Safari/537.36', 'CHROME', 'WINDOWS_7', 'COMPUTER', 'LAN', 'LAN', '20180730132742', '2018-07-30 05:27:43'), ('5695', '1', '1', 'http://localhost:8080/', 'http://localhost:8080/node/49', 'DIRECT', '127.0.0.1', 'c6dcf70d1c9f47f68fb707cc12871536', 'Mozilla/5.0 (Windows NT 6.1; Win64; x64) AppleWebKit/537.36 (KHTML, like Gecko) Chrome/64.0.3282.140 Safari/537.36', 'CHROME', 'WINDOWS_7', 'COMPUTER', 'LAN', 'LAN', '20180730132913', '2018-07-30 05:29:14'), ('5696', '1', '1', 'http://localhost:8080/', 'http://localhost:8080/node/49', 'DIRECT', '127.0.0.1', 'c6dcf70d1c9f47f68fb707cc12871536', 'Mozilla/5.0 (Windows NT 6.1; Win64; x64) AppleWebKit/537.36 (KHTML, like Gecko) Chrome/64.0.3282.140 Safari/537.36', 'CHROME', 'WINDOWS_7', 'COMPUTER', 'LAN', 'LAN', '20180730132945', '2018-07-30 05:29:46'), ('5697', '1', '1', 'http://localhost:8080/', 'http://localhost:8080/node/49', 'DIRECT', '127.0.0.1', 'c6dcf70d1c9f47f68fb707cc12871536', 'Mozilla/5.0 (Windows NT 6.1; Win64; x64) AppleWebKit/537.36 (KHTML, like Gecko) Chrome/64.0.3282.140 Safari/537.36', 'CHROME', 'WINDOWS_7', 'COMPUTER', 'LAN', 'LAN', '20180730133048', '2018-07-30 05:30:49'), ('5698', '1', '1', 'http://localhost:8080/node/36', 'http://localhost:8080/', 'DIRECT', '127.0.0.1', 'c6dcf70d1c9f47f68fb707cc12871536', 'Mozilla/5.0 (Windows NT 6.1; Win64; x64) AppleWebKit/537.36 (KHTML, like Gecko) Chrome/64.0.3282.140 Safari/537.36', 'CHROME', 'WINDOWS_7', 'COMPUTER', 'LAN', 'LAN', '20180730133056', '2018-07-30 05:30:56'), ('5699', '1', '1', 'http://localhost:8080/node/69', 'http://localhost:8080/node/36', 'DIRECT', '127.0.0.1', 'c6dcf70d1c9f47f68fb707cc12871536', 'Mozilla/5.0 (Windows NT 6.1; Win64; x64) AppleWebKit/537.36 (KHTML, like Gecko) Chrome/64.0.3282.140 Safari/537.36', 'CHROME', 'WINDOWS_7', 'COMPUTER', 'LAN', 'LAN', '20180730133101', '2018-07-30 05:31:01'), ('5700', '1', '1', 'http://localhost:8080/node/48', 'http://localhost:8080/node/69', 'DIRECT', '127.0.0.1', 'c6dcf70d1c9f47f68fb707cc12871536', 'Mozilla/5.0 (Windows NT 6.1; Win64; x64) AppleWebKit/537.36 (KHTML, like Gecko) Chrome/64.0.3282.140 Safari/537.36', 'CHROME', 'WINDOWS_7', 'COMPUTER', 'LAN', 'LAN', '20180730133104', '2018-07-30 05:31:04'), ('5701', '1', '1', 'http://localhost:8080/info/141', 'http://localhost:8080/node/48', 'DIRECT', '127.0.0.1', 'c6dcf70d1c9f47f68fb707cc12871536', 'Mozilla/5.0 (Windows NT 6.1; Win64; x64) AppleWebKit/537.36 (KHTML, like Gecko) Chrome/64.0.3282.140 Safari/537.36', 'CHROME', 'WINDOWS_7', 'COMPUTER', 'LAN', 'LAN', '20180730133110', '2018-07-30 05:31:11'), ('5702', '1', '1', 'http://localhost:8080/node/48', 'http://localhost:8080/info/141', 'DIRECT', '127.0.0.1', 'c6dcf70d1c9f47f68fb707cc12871536', 'Mozilla/5.0 (Windows NT 6.1; Win64; x64) AppleWebKit/537.36 (KHTML, like Gecko) Chrome/64.0.3282.140 Safari/537.36', 'CHROME', 'WINDOWS_7', 'COMPUTER', 'LAN', 'LAN', '20180730133117', '2018-07-30 05:31:17'), ('5703', '1', '1', 'http://localhost:8080/info/78', 'http://localhost:8080/node/48', 'DIRECT', '127.0.0.1', 'c6dcf70d1c9f47f68fb707cc12871536', 'Mozilla/5.0 (Windows NT 6.1; Win64; x64) AppleWebKit/537.36 (KHTML, like Gecko) Chrome/64.0.3282.140 Safari/537.36', 'CHROME', 'WINDOWS_7', 'COMPUTER', 'LAN', 'LAN', '20180730133119', '2018-07-30 05:31:19'), ('5704', '1', '1', 'http://localhost:8080/node/49', 'http://localhost:8080/node/48', 'DIRECT', '127.0.0.1', 'c6dcf70d1c9f47f68fb707cc12871536', 'Mozilla/5.0 (Windows NT 6.1; Win64; x64) AppleWebKit/537.36 (KHTML, like Gecko) Chrome/64.0.3282.140 Safari/537.36', 'CHROME', 'WINDOWS_7', 'COMPUTER', 'LAN', 'LAN', '20180730133135', '2018-07-30 05:31:36'), ('5705', '1', '1', 'http://localhost:8080/info/221', 'http://localhost:8080/node/49', 'DIRECT', '127.0.0.1', 'c6dcf70d1c9f47f68fb707cc12871536', 'Mozilla/5.0 (Windows NT 6.1; Win64; x64) AppleWebKit/537.36 (KHTML, like Gecko) Chrome/64.0.3282.140 Safari/537.36', 'CHROME', 'WINDOWS_7', 'COMPUTER', 'LAN', 'LAN', '20180730133147', '2018-07-30 05:31:48'), ('5706', '1', null, 'http://localhost:8080/', 'http://localhost:8080/node/49', 'DIRECT', '127.0.0.1', 'c6dcf70d1c9f47f68fb707cc12871536', 'Mozilla/5.0 (Windows NT 6.1; Win64; x64) AppleWebKit/537.36 (KHTML, like Gecko) Chrome/64.0.3282.140 Safari/537.36', 'CHROME', 'WINDOWS_7', 'COMPUTER', 'LAN', 'LAN', '20180730133203', '2018-07-30 05:32:04'), ('5726', '1', null, 'http://localhost:8080/', '', 'DIRECT', '127.0.0.1', 'c6dcf70d1c9f47f68fb707cc12871536', 'Mozilla/5.0 (Windows NT 6.1; Win64; x64) AppleWebKit/537.36 (KHTML, like Gecko) Chrome/64.0.3282.140 Safari/537.36', 'CHROME', 'WINDOWS_7', 'COMPUTER', 'LAN', 'LAN', '20180730133627', '2018-07-30 05:36:27'), ('5727', '1', null, 'http://localhost:8080/', '', 'DIRECT', '127.0.0.1', 'c6dcf70d1c9f47f68fb707cc12871536', 'Mozilla/5.0 (Windows NT 6.1; Win64; x64) AppleWebKit/537.36 (KHTML, like Gecko) Chrome/64.0.3282.140 Safari/537.36', 'CHROME', 'WINDOWS_7', 'COMPUTER', 'LAN', 'LAN', '20180730133644', '2018-07-30 05:36:44'), ('5728', '1', null, 'http://localhost:8080/node/48', 'http://localhost:8080/', 'DIRECT', '127.0.0.1', 'c6dcf70d1c9f47f68fb707cc12871536', 'Mozilla/5.0 (Windows NT 6.1; Win64; x64) AppleWebKit/537.36 (KHTML, like Gecko) Chrome/64.0.3282.140 Safari/537.36', 'CHROME', 'WINDOWS_7', 'COMPUTER', 'LAN', 'LAN', '20180730133645', '2018-07-30 05:36:46');
COMMIT;

-- ----------------------------
-- Table structure for cms_vote
-- ----------------------------
DROP TABLE IF EXISTS `cms_vote`;
CREATE TABLE `cms_vote` (
`f_vote_id`  int(11) NOT NULL ,
`f_site_id`  int(11) NOT NULL ,
`f_title`  varchar(150) CHARACTER SET utf8 COLLATE utf8_general_ci NOT NULL COMMENT '标题' ,
`f_number`  varchar(100) CHARACTER SET utf8 COLLATE utf8_general_ci NULL DEFAULT NULL COMMENT '代码' ,
`f_description`  varchar(255) CHARACTER SET utf8 COLLATE utf8_general_ci NULL DEFAULT NULL COMMENT '描述' ,
`f_creation_date`  datetime NOT NULL COMMENT '创建时间' ,
`f_begin_date`  datetime NULL DEFAULT NULL COMMENT '开始日期' ,
`f_end_date`  datetime NULL DEFAULT NULL COMMENT '结束日期' ,
`f_interval`  int(11) NOT NULL DEFAULT 0 COMMENT '间隔时间（天）' ,
`f_max_selected`  int(11) NOT NULL DEFAULT 1 COMMENT '最多可选几项(0不限制)' ,
`f_mode`  int(11) NOT NULL DEFAULT 1 COMMENT '模式(1:独立访客,2:独立IP,3:独立用户)' ,
`f_total`  int(11) NOT NULL DEFAULT 0 COMMENT '总票数' ,
`f_status`  int(11) NOT NULL DEFAULT 0 COMMENT '状态(0:启用,1:禁用)' ,
PRIMARY KEY (`f_vote_id`),
FOREIGN KEY (`f_site_id`) REFERENCES `cms_site` (`f_site_id`) ON DELETE RESTRICT ON UPDATE RESTRICT,
INDEX `fk_cms_vote_site` (`f_site_id`) USING BTREE 
)
ENGINE=InnoDB
DEFAULT CHARACTER SET=utf8 COLLATE=utf8_general_ci
COMMENT='投票表'

;

-- ----------------------------
-- Records of cms_vote
-- ----------------------------
BEGIN;
INSERT INTO `cms_vote` VALUES ('1', '1', '您从哪里知道本网站的', null, '当中超进入足彩，你会投注么？中国足球顶级联赛进入彩票的距离，从来没有像今年那样离彩民如此之近。体育总局也多次发文称，支持中超进入竞彩，可以说，中超进入体彩只剩时间问题。', '2017-07-18 11:23:46', null, null, '0', '1', '1', '6', '0');
COMMIT;

-- ----------------------------
-- Table structure for cms_vote_mark
-- ----------------------------
DROP TABLE IF EXISTS `cms_vote_mark`;
CREATE TABLE `cms_vote_mark` (
`f_votemark_id`  int(11) NOT NULL ,
`f_ftype`  varchar(50) CHARACTER SET utf8 COLLATE utf8_general_ci NOT NULL COMMENT '外表标识' ,
`f_fid`  int(11) NOT NULL COMMENT '外表ID' ,
`f_date`  datetime NOT NULL COMMENT '日期' ,
`f_user_id`  int(11) NULL DEFAULT NULL COMMENT '用户' ,
`f_ip`  varchar(100) CHARACTER SET utf8 COLLATE utf8_general_ci NOT NULL COMMENT 'IP' ,
`f_cookie`  varchar(100) CHARACTER SET utf8 COLLATE utf8_general_ci NOT NULL COMMENT 'Cookie' ,
PRIMARY KEY (`f_votemark_id`)
)
ENGINE=InnoDB
DEFAULT CHARACTER SET=utf8 COLLATE=utf8_general_ci
COMMENT='投票标记表'

;

-- ----------------------------
-- Records of cms_vote_mark
-- ----------------------------
BEGIN;
INSERT INTO `cms_vote_mark` VALUES ('107', 'InfoScore', '127', '2018-07-27 06:05:57', '41', '127.0.0.1', '857a157d63ed4d4faddd9f61c45e34c8'), ('117', 'InfoDigg', '221', '2018-07-30 05:31:56', '1', '127.0.0.1', 'c6dcf70d1c9f47f68fb707cc12871536');
COMMIT;

-- ----------------------------
-- Table structure for cms_vote_option
-- ----------------------------
DROP TABLE IF EXISTS `cms_vote_option`;
CREATE TABLE `cms_vote_option` (
`f_voteoption_id`  int(11) NOT NULL ,
`f_vote_id`  int(11) NOT NULL ,
`f_title`  varchar(150) CHARACTER SET utf8 COLLATE utf8_general_ci NOT NULL COMMENT '标题' ,
`f_count`  int(11) NOT NULL DEFAULT 0 COMMENT '得票数' ,
`f_seq`  int(11) NOT NULL DEFAULT 2147483647 COMMENT '排序' ,
PRIMARY KEY (`f_voteoption_id`),
FOREIGN KEY (`f_vote_id`) REFERENCES `cms_vote` (`f_vote_id`) ON DELETE RESTRICT ON UPDATE RESTRICT,
INDEX `fk_cms_voteoption_vote` (`f_vote_id`) USING BTREE 
)
ENGINE=InnoDB
DEFAULT CHARACTER SET=utf8 COLLATE=utf8_general_ci
COMMENT='投票项表'

;

-- ----------------------------
-- Records of cms_vote_option
-- ----------------------------
BEGIN;
INSERT INTO `cms_vote_option` VALUES ('1', '1', '朋友或同事介绍的', '0', '0'), ('2', '1', '在技术网站中看到', '2', '1'), ('4', '1', '通过搜索引擎', '1', '2'), ('6', '1', '其它途径', '3', '3');
COMMIT;

-- ----------------------------
-- Table structure for cms_workflow
-- ----------------------------
DROP TABLE IF EXISTS `cms_workflow`;
CREATE TABLE `cms_workflow` (
`f_workflow_id`  int(11) NOT NULL ,
`f_workflowgroup_id`  int(11) NOT NULL COMMENT '工作流' ,
`f_site_id`  int(11) NOT NULL COMMENT '站点' ,
`f_name`  varchar(100) CHARACTER SET utf8 COLLATE utf8_general_ci NOT NULL COMMENT '名称' ,
`f_description`  varchar(255) CHARACTER SET utf8 COLLATE utf8_general_ci NULL DEFAULT NULL COMMENT '描述' ,
`f_seq`  int(11) NOT NULL DEFAULT 2147483647 COMMENT '排序' ,
`f_status`  int(11) NOT NULL DEFAULT 1 COMMENT '状态(1:启用;2:禁用)' ,
PRIMARY KEY (`f_workflow_id`),
FOREIGN KEY (`f_site_id`) REFERENCES `cms_site` (`f_site_id`) ON DELETE RESTRICT ON UPDATE RESTRICT,
FOREIGN KEY (`f_workflowgroup_id`) REFERENCES `cms_workflow_group` (`f_workflowgroup_id`) ON DELETE RESTRICT ON UPDATE RESTRICT,
INDEX `fk_cms_workflow_site` (`f_site_id`) USING BTREE ,
INDEX `fk_cms_workflow_workflowgroup` (`f_workflowgroup_id`) USING BTREE 
)
ENGINE=InnoDB
DEFAULT CHARACTER SET=utf8 COLLATE=utf8_general_ci
COMMENT='工作流表'

;

-- ----------------------------
-- Records of cms_workflow
-- ----------------------------
BEGIN;
INSERT INTO `cms_workflow` VALUES ('15', '2', '1', '文档一级审核流程', null, '2147483647', '1');
COMMIT;

-- ----------------------------
-- Table structure for cms_workflow_group
-- ----------------------------
DROP TABLE IF EXISTS `cms_workflow_group`;
CREATE TABLE `cms_workflow_group` (
`f_workflowgroup_id`  int(11) NOT NULL ,
`f_site_id`  int(11) NOT NULL COMMENT '站点' ,
`f_name`  varchar(100) CHARACTER SET utf8 COLLATE utf8_general_ci NOT NULL COMMENT '名称' ,
`f_description`  varchar(255) CHARACTER SET utf8 COLLATE utf8_general_ci NULL DEFAULT NULL COMMENT '描述' ,
`f_seq`  int(11) NOT NULL DEFAULT 2147483647 COMMENT '排序' ,
PRIMARY KEY (`f_workflowgroup_id`),
FOREIGN KEY (`f_site_id`) REFERENCES `cms_site` (`f_site_id`) ON DELETE RESTRICT ON UPDATE RESTRICT,
INDEX `fk_cms_workflowgroup_site` (`f_site_id`) USING BTREE 
)
ENGINE=InnoDB
DEFAULT CHARACTER SET=utf8 COLLATE=utf8_general_ci
COMMENT='工作流组表'

;

-- ----------------------------
-- Records of cms_workflow_group
-- ----------------------------
BEGIN;
INSERT INTO `cms_workflow_group` VALUES ('2', '1', '文档审核', null, '2147483647');
COMMIT;

-- ----------------------------
-- Table structure for cms_workflow_log
-- ----------------------------
DROP TABLE IF EXISTS `cms_workflow_log`;
CREATE TABLE `cms_workflow_log` (
`f_workflowlog_id`  int(11) NOT NULL ,
`f_user_id`  int(11) NOT NULL COMMENT '操作人' ,
`f_site_id`  int(11) NOT NULL COMMENT '站点' ,
`f_workflowprocess_id`  int(11) NOT NULL COMMENT '过程' ,
`f_from`  varchar(100) CHARACTER SET utf8 COLLATE utf8_general_ci NOT NULL COMMENT '从哪' ,
`f_to`  varchar(100) CHARACTER SET utf8 COLLATE utf8_general_ci NOT NULL COMMENT '到哪' ,
`f_creation_date`  datetime NOT NULL COMMENT '创建时间' ,
`f_opinion`  varchar(255) CHARACTER SET utf8 COLLATE utf8_general_ci NULL DEFAULT NULL COMMENT '意见' ,
`f_type`  int(11) NOT NULL COMMENT '类型(1:前进;2后退:;3:原地)' ,
PRIMARY KEY (`f_workflowlog_id`),
FOREIGN KEY (`f_site_id`) REFERENCES `cms_site` (`f_site_id`) ON DELETE RESTRICT ON UPDATE RESTRICT,
FOREIGN KEY (`f_user_id`) REFERENCES `cms_user` (`f_user_id`) ON DELETE RESTRICT ON UPDATE RESTRICT,
FOREIGN KEY (`f_workflowprocess_id`) REFERENCES `cms_workflow_process` (`f_workflowprocess_id`) ON DELETE RESTRICT ON UPDATE RESTRICT,
INDEX `fk_cms_workflowlog_site` (`f_site_id`) USING BTREE ,
INDEX `fk_cms_workflowlog_user` (`f_user_id`) USING BTREE ,
INDEX `fk_cms_workflowlog_wfprocess` (`f_workflowprocess_id`) USING BTREE 
)
ENGINE=InnoDB
DEFAULT CHARACTER SET=utf8 COLLATE=utf8_general_ci
COMMENT='工作流流程日志表'

;

-- ----------------------------
-- Records of cms_workflow_log
-- ----------------------------
BEGIN;
COMMIT;

-- ----------------------------
-- Table structure for cms_workflow_process
-- ----------------------------
DROP TABLE IF EXISTS `cms_workflow_process`;
CREATE TABLE `cms_workflow_process` (
`f_workflowprocess_id`  int(11) NOT NULL ,
`f_workflowstep_id`  int(11) NULL DEFAULT NULL COMMENT '步骤' ,
`f_site_id`  int(11) NOT NULL COMMENT '站点' ,
`f_workflow_id`  int(11) NOT NULL COMMENT '流程' ,
`f_user_id`  int(11) NOT NULL COMMENT '发起人' ,
`f_data_id`  int(11) NOT NULL COMMENT '数据ID' ,
`f_data_type`  int(11) NOT NULL COMMENT '数据类型(1:文档)' ,
`f_begin_date`  datetime NOT NULL COMMENT '开始时间' ,
`f_end_date`  datetime NULL DEFAULT NULL COMMENT '结束时间' ,
`f_is_rejection`  char(1) CHARACTER SET utf8 COLLATE utf8_general_ci NOT NULL DEFAULT '0' COMMENT '是否退回' ,
`f_is_end`  char(1) CHARACTER SET utf8 COLLATE utf8_general_ci NOT NULL DEFAULT '0' COMMENT '是否结束' ,
PRIMARY KEY (`f_workflowprocess_id`),
FOREIGN KEY (`f_site_id`) REFERENCES `cms_site` (`f_site_id`) ON DELETE RESTRICT ON UPDATE RESTRICT,
FOREIGN KEY (`f_user_id`) REFERENCES `cms_user` (`f_user_id`) ON DELETE RESTRICT ON UPDATE RESTRICT,
FOREIGN KEY (`f_workflowstep_id`) REFERENCES `cms_workflow_step` (`f_workflowstep_id`) ON DELETE RESTRICT ON UPDATE RESTRICT,
FOREIGN KEY (`f_workflow_id`) REFERENCES `cms_workflow` (`f_workflow_id`) ON DELETE RESTRICT ON UPDATE RESTRICT,
INDEX `fk_cms_workflowproc_site` (`f_site_id`) USING BTREE ,
INDEX `fk_cms_workflowproc_user` (`f_user_id`) USING BTREE ,
INDEX `fk_cms_workflowproc_wfstep` (`f_workflowstep_id`) USING BTREE ,
INDEX `fk_cms_workflowproc_workflow` (`f_workflow_id`) USING BTREE 
)
ENGINE=InnoDB
DEFAULT CHARACTER SET=utf8 COLLATE=utf8_general_ci
COMMENT='工作流过程表'

;

-- ----------------------------
-- Records of cms_workflow_process
-- ----------------------------
BEGIN;
COMMIT;

-- ----------------------------
-- Table structure for cms_workflow_step
-- ----------------------------
DROP TABLE IF EXISTS `cms_workflow_step`;
CREATE TABLE `cms_workflow_step` (
`f_workflowstep_id`  int(11) NOT NULL ,
`f_workflow_id`  int(11) NOT NULL COMMENT '工作流' ,
`f_name`  varchar(100) CHARACTER SET utf8 COLLATE utf8_general_ci NOT NULL COMMENT '名称' ,
`f_seq`  int(11) NOT NULL DEFAULT 2147483647 COMMENT '排序' ,
PRIMARY KEY (`f_workflowstep_id`),
FOREIGN KEY (`f_workflow_id`) REFERENCES `cms_workflow` (`f_workflow_id`) ON DELETE RESTRICT ON UPDATE RESTRICT,
INDEX `fk_cms_workflowstep_workflow` (`f_workflow_id`) USING BTREE 
)
ENGINE=InnoDB
DEFAULT CHARACTER SET=utf8 COLLATE=utf8_general_ci
COMMENT='工作流步骤表'

;

-- ----------------------------
-- Records of cms_workflow_step
-- ----------------------------
BEGIN;
COMMIT;

-- ----------------------------
-- Table structure for cms_workflowstep_role
-- ----------------------------
DROP TABLE IF EXISTS `cms_workflowstep_role`;
CREATE TABLE `cms_workflowstep_role` (
`f_role_id`  int(11) NOT NULL ,
`f_workflowstep_id`  int(11) NOT NULL ,
`f_role_index`  int(11) NULL DEFAULT 0 COMMENT '角色排列顺序' ,
FOREIGN KEY (`f_role_id`) REFERENCES `cms_role` (`f_role_id`) ON DELETE RESTRICT ON UPDATE RESTRICT,
FOREIGN KEY (`f_workflowstep_id`) REFERENCES `cms_workflow_step` (`f_workflowstep_id`) ON DELETE RESTRICT ON UPDATE RESTRICT,
INDEX `fk_cms_wfsteprole_role` (`f_role_id`) USING BTREE ,
INDEX `fk_cms_wfsteprole_wfstep` (`f_workflowstep_id`) USING BTREE 
)
ENGINE=InnoDB
DEFAULT CHARACTER SET=utf8 COLLATE=utf8_general_ci
COMMENT='审核步骤与角色关联表'

;

-- ----------------------------
-- Records of cms_workflowstep_role
-- ----------------------------
BEGIN;
COMMIT;

-- ----------------------------
-- Table structure for hibernate_sequences
-- ----------------------------
DROP TABLE IF EXISTS `hibernate_sequences`;
CREATE TABLE `hibernate_sequences` (
`sequence_name`  varchar(100) CHARACTER SET utf8 COLLATE utf8_general_ci NOT NULL COMMENT '表名' ,
`next_val`  bigint(20) NOT NULL COMMENT 'ID值' ,
PRIMARY KEY (`sequence_name`)
)
ENGINE=InnoDB
DEFAULT CHARACTER SET=utf8 COLLATE=utf8_general_ci
COMMENT='主键表'

;

-- ----------------------------
-- Records of hibernate_sequences
-- ----------------------------
BEGIN;
INSERT INTO `hibernate_sequences` VALUES ('cms_ad', '23'), ('cms_ad_slot', '22'), ('cms_attachment', '545'), ('cms_attachment_ref', '427'), ('cms_attribute', '33'), ('cms_collect', '32'), ('cms_collect_field', '25'), ('cms_comment', '52'), ('cms_favorite', '22'), ('cms_friendlink', '41'), ('cms_friendlinktype', '34'), ('cms_guestbook', '52'), ('cms_guestbooktype', '29'), ('cms_info', '310'), ('cms_member_group', '32'), ('cms_model', '52'), ('cms_model_field', '632'), ('cms_node', '119'), ('cms_operation_log', '2936'), ('cms_org', '54'), ('cms_publish_point', '33'), ('cms_question', '23'), ('cms_question_item', '28'), ('cms_question_option', '39'), ('cms_question_record', '25'), ('cms_role', '46'), ('cms_rolenode_info', '21'), ('cms_rolenode_node', '21'), ('cms_role_site', '22'), ('cms_schedule_job', '25'), ('cms_scoreboard', '58'), ('cms_scoregroup', '23'), ('cms_scoreitem', '34'), ('cms_site', '24'), ('cms_special', '64'), ('cms_special_category', '27'), ('cms_tag', '145'), ('cms_task', '76'), ('cms_user', '60'), ('cms_visit_log', '5825'), ('cms_vote', '22'), ('cms_vote_mark', '136'), ('cms_vote_option', '27'), ('cms_workflow', '34'), ('cms_workflowprocess_user', '21'), ('cms_workflow_group', '23'), ('cms_workflow_step', '25'), ('plug_resume', '24');
COMMIT;

-- ----------------------------
-- Table structure for plug_resume
-- ----------------------------
DROP TABLE IF EXISTS `plug_resume`;
CREATE TABLE `plug_resume` (
`f_resume_id`  int(11) NOT NULL ,
`f_site_id`  int(11) NOT NULL ,
`f_name`  varchar(100) CHARACTER SET utf8 COLLATE utf8_general_ci NOT NULL COMMENT '姓名' ,
`f_post`  varchar(100) CHARACTER SET utf8 COLLATE utf8_general_ci NOT NULL COMMENT '应聘职位' ,
`f_creation_date`  datetime NOT NULL COMMENT '投递日期' ,
`f_gender`  char(1) CHARACTER SET utf8 COLLATE utf8_general_ci NOT NULL DEFAULT 'M' COMMENT '性别' ,
`f_birth_date`  datetime NULL DEFAULT NULL COMMENT '出生日期' ,
`f_mobile`  varchar(100) CHARACTER SET utf8 COLLATE utf8_general_ci NULL DEFAULT NULL COMMENT '手机' ,
`f_email`  varchar(100) CHARACTER SET utf8 COLLATE utf8_general_ci NULL DEFAULT NULL COMMENT '邮箱' ,
`f_expected_salary`  int(11) NULL DEFAULT NULL COMMENT '期望薪水' ,
`f_education_experience`  mediumtext CHARACTER SET utf8 COLLATE utf8_general_ci NULL COMMENT '教育经历' ,
`f_work_experience`  mediumtext CHARACTER SET utf8 COLLATE utf8_general_ci NULL COMMENT '工作经历' ,
`f_remark`  mediumtext CHARACTER SET utf8 COLLATE utf8_general_ci NULL COMMENT '备注' ,
PRIMARY KEY (`f_resume_id`),
FOREIGN KEY (`f_site_id`) REFERENCES `cms_site` (`f_site_id`) ON DELETE RESTRICT ON UPDATE RESTRICT,
INDEX `fk_plug_resume_site` (`f_site_id`) USING BTREE 
)
ENGINE=InnoDB
DEFAULT CHARACTER SET=utf8 COLLATE=utf8_general_ci
COMMENT='简历表'

;

-- ----------------------------
-- Records of plug_resume
-- ----------------------------
BEGIN;
INSERT INTO `plug_resume` VALUES ('3', '1', '123', '软件UI设计师', '2014-12-08 17:38:37', 'M', null, null, null, null, null, null, null);
COMMIT;

-- ----------------------------
-- Table structure for qrtz_blob_triggers
-- ----------------------------
DROP TABLE IF EXISTS `qrtz_blob_triggers`;
CREATE TABLE `qrtz_blob_triggers` (
`SCHED_NAME`  varchar(60) CHARACTER SET utf8 COLLATE utf8_general_ci NOT NULL ,
`TRIGGER_NAME`  varchar(80) CHARACTER SET utf8 COLLATE utf8_general_ci NOT NULL ,
`TRIGGER_GROUP`  varchar(80) CHARACTER SET utf8 COLLATE utf8_general_ci NOT NULL ,
`BLOB_DATA`  blob NULL ,
PRIMARY KEY (`SCHED_NAME`, `TRIGGER_NAME`, `TRIGGER_GROUP`),
FOREIGN KEY (`SCHED_NAME`, `TRIGGER_NAME`, `TRIGGER_GROUP`) REFERENCES `qrtz_triggers` (`sched_name`, `trigger_name`, `trigger_group`) ON DELETE RESTRICT ON UPDATE RESTRICT,
INDEX `SCHED_NAME` (`SCHED_NAME`, `TRIGGER_NAME`, `TRIGGER_GROUP`) USING BTREE 
)
ENGINE=InnoDB
DEFAULT CHARACTER SET=utf8 COLLATE=utf8_general_ci

;

-- ----------------------------
-- Records of qrtz_blob_triggers
-- ----------------------------
BEGIN;
COMMIT;

-- ----------------------------
-- Table structure for qrtz_calendars
-- ----------------------------
DROP TABLE IF EXISTS `qrtz_calendars`;
CREATE TABLE `qrtz_calendars` (
`SCHED_NAME`  varchar(60) CHARACTER SET utf8 COLLATE utf8_general_ci NOT NULL ,
`CALENDAR_NAME`  varchar(80) CHARACTER SET utf8 COLLATE utf8_general_ci NOT NULL ,
`CALENDAR`  blob NOT NULL ,
PRIMARY KEY (`SCHED_NAME`, `CALENDAR_NAME`)
)
ENGINE=InnoDB
DEFAULT CHARACTER SET=utf8 COLLATE=utf8_general_ci

;

-- ----------------------------
-- Records of qrtz_calendars
-- ----------------------------
BEGIN;
COMMIT;

-- ----------------------------
-- Table structure for qrtz_cron_triggers
-- ----------------------------
DROP TABLE IF EXISTS `qrtz_cron_triggers`;
CREATE TABLE `qrtz_cron_triggers` (
`SCHED_NAME`  varchar(60) CHARACTER SET utf8 COLLATE utf8_general_ci NOT NULL ,
`TRIGGER_NAME`  varchar(80) CHARACTER SET utf8 COLLATE utf8_general_ci NOT NULL ,
`TRIGGER_GROUP`  varchar(80) CHARACTER SET utf8 COLLATE utf8_general_ci NOT NULL ,
`CRON_EXPRESSION`  varchar(120) CHARACTER SET utf8 COLLATE utf8_general_ci NOT NULL ,
`TIME_ZONE_ID`  varchar(80) CHARACTER SET utf8 COLLATE utf8_general_ci NULL DEFAULT NULL ,
PRIMARY KEY (`SCHED_NAME`, `TRIGGER_NAME`, `TRIGGER_GROUP`),
FOREIGN KEY (`SCHED_NAME`, `TRIGGER_NAME`, `TRIGGER_GROUP`) REFERENCES `qrtz_triggers` (`sched_name`, `trigger_name`, `trigger_group`) ON DELETE RESTRICT ON UPDATE RESTRICT
)
ENGINE=InnoDB
DEFAULT CHARACTER SET=utf8 COLLATE=utf8_general_ci

;

-- ----------------------------
-- Records of qrtz_cron_triggers
-- ----------------------------
BEGIN;
COMMIT;

-- ----------------------------
-- Table structure for qrtz_fired_triggers
-- ----------------------------
DROP TABLE IF EXISTS `qrtz_fired_triggers`;
CREATE TABLE `qrtz_fired_triggers` (
`SCHED_NAME`  varchar(60) CHARACTER SET utf8 COLLATE utf8_general_ci NOT NULL ,
`ENTRY_ID`  varchar(95) CHARACTER SET utf8 COLLATE utf8_general_ci NOT NULL ,
`TRIGGER_NAME`  varchar(80) CHARACTER SET utf8 COLLATE utf8_general_ci NOT NULL ,
`TRIGGER_GROUP`  varchar(80) CHARACTER SET utf8 COLLATE utf8_general_ci NOT NULL ,
`INSTANCE_NAME`  varchar(80) CHARACTER SET utf8 COLLATE utf8_general_ci NOT NULL ,
`FIRED_TIME`  bigint(13) NOT NULL ,
`SCHED_TIME`  bigint(13) NOT NULL ,
`PRIORITY`  int(11) NOT NULL ,
`STATE`  varchar(16) CHARACTER SET utf8 COLLATE utf8_general_ci NOT NULL ,
`JOB_NAME`  varchar(80) CHARACTER SET utf8 COLLATE utf8_general_ci NULL DEFAULT NULL ,
`JOB_GROUP`  varchar(80) CHARACTER SET utf8 COLLATE utf8_general_ci NULL DEFAULT NULL ,
`IS_NONCONCURRENT`  varchar(1) CHARACTER SET utf8 COLLATE utf8_general_ci NULL DEFAULT NULL ,
`REQUESTS_RECOVERY`  varchar(1) CHARACTER SET utf8 COLLATE utf8_general_ci NULL DEFAULT NULL ,
PRIMARY KEY (`SCHED_NAME`, `ENTRY_ID`),
INDEX `IDX_QRTZ_FT_TRIG_INST_NAME` (`SCHED_NAME`, `INSTANCE_NAME`) USING BTREE ,
INDEX `IDX_QRTZ_FT_INST_JOB_REQ_RCVRY` (`SCHED_NAME`, `INSTANCE_NAME`, `REQUESTS_RECOVERY`) USING BTREE ,
INDEX `IDX_QRTZ_FT_J_G` (`SCHED_NAME`, `JOB_NAME`, `JOB_GROUP`) USING BTREE ,
INDEX `IDX_QRTZ_FT_JG` (`SCHED_NAME`, `JOB_GROUP`) USING BTREE ,
INDEX `IDX_QRTZ_FT_T_G` (`SCHED_NAME`, `TRIGGER_NAME`, `TRIGGER_GROUP`) USING BTREE ,
INDEX `IDX_QRTZ_FT_TG` (`SCHED_NAME`, `TRIGGER_GROUP`) USING BTREE 
)
ENGINE=InnoDB
DEFAULT CHARACTER SET=utf8 COLLATE=utf8_general_ci

;

-- ----------------------------
-- Records of qrtz_fired_triggers
-- ----------------------------
BEGIN;
COMMIT;

-- ----------------------------
-- Table structure for qrtz_job_details
-- ----------------------------
DROP TABLE IF EXISTS `qrtz_job_details`;
CREATE TABLE `qrtz_job_details` (
`SCHED_NAME`  varchar(60) CHARACTER SET utf8 COLLATE utf8_general_ci NOT NULL ,
`JOB_NAME`  varchar(80) CHARACTER SET utf8 COLLATE utf8_general_ci NOT NULL ,
`JOB_GROUP`  varchar(80) CHARACTER SET utf8 COLLATE utf8_general_ci NOT NULL ,
`DESCRIPTION`  varchar(250) CHARACTER SET utf8 COLLATE utf8_general_ci NULL DEFAULT NULL ,
`JOB_CLASS_NAME`  varchar(250) CHARACTER SET utf8 COLLATE utf8_general_ci NOT NULL ,
`IS_DURABLE`  varchar(1) CHARACTER SET utf8 COLLATE utf8_general_ci NOT NULL ,
`IS_NONCONCURRENT`  varchar(1) CHARACTER SET utf8 COLLATE utf8_general_ci NOT NULL ,
`IS_UPDATE_DATA`  varchar(1) CHARACTER SET utf8 COLLATE utf8_general_ci NOT NULL ,
`REQUESTS_RECOVERY`  varchar(1) CHARACTER SET utf8 COLLATE utf8_general_ci NOT NULL ,
`JOB_DATA`  blob NULL ,
PRIMARY KEY (`SCHED_NAME`, `JOB_NAME`, `JOB_GROUP`),
INDEX `IDX_QRTZ_J_REQ_RECOVERY` (`SCHED_NAME`, `REQUESTS_RECOVERY`) USING BTREE ,
INDEX `IDX_QRTZ_J_GRP` (`SCHED_NAME`, `JOB_GROUP`) USING BTREE 
)
ENGINE=InnoDB
DEFAULT CHARACTER SET=utf8 COLLATE=utf8_general_ci

;

-- ----------------------------
-- Records of qrtz_job_details
-- ----------------------------
BEGIN;
COMMIT;

-- ----------------------------
-- Table structure for qrtz_locks
-- ----------------------------
DROP TABLE IF EXISTS `qrtz_locks`;
CREATE TABLE `qrtz_locks` (
`SCHED_NAME`  varchar(60) CHARACTER SET utf8 COLLATE utf8_general_ci NOT NULL ,
`LOCK_NAME`  varchar(40) CHARACTER SET utf8 COLLATE utf8_general_ci NOT NULL ,
PRIMARY KEY (`SCHED_NAME`, `LOCK_NAME`)
)
ENGINE=InnoDB
DEFAULT CHARACTER SET=utf8 COLLATE=utf8_general_ci

;

-- ----------------------------
-- Records of qrtz_locks
-- ----------------------------
BEGIN;
COMMIT;

-- ----------------------------
-- Table structure for qrtz_paused_trigger_grps
-- ----------------------------
DROP TABLE IF EXISTS `qrtz_paused_trigger_grps`;
CREATE TABLE `qrtz_paused_trigger_grps` (
`SCHED_NAME`  varchar(60) CHARACTER SET utf8 COLLATE utf8_general_ci NOT NULL ,
`TRIGGER_GROUP`  varchar(80) CHARACTER SET utf8 COLLATE utf8_general_ci NOT NULL ,
PRIMARY KEY (`SCHED_NAME`, `TRIGGER_GROUP`)
)
ENGINE=InnoDB
DEFAULT CHARACTER SET=utf8 COLLATE=utf8_general_ci

;

-- ----------------------------
-- Records of qrtz_paused_trigger_grps
-- ----------------------------
BEGIN;
COMMIT;

-- ----------------------------
-- Table structure for qrtz_scheduler_state
-- ----------------------------
DROP TABLE IF EXISTS `qrtz_scheduler_state`;
CREATE TABLE `qrtz_scheduler_state` (
`SCHED_NAME`  varchar(60) CHARACTER SET utf8 COLLATE utf8_general_ci NOT NULL ,
`INSTANCE_NAME`  varchar(80) CHARACTER SET utf8 COLLATE utf8_general_ci NOT NULL ,
`LAST_CHECKIN_TIME`  bigint(13) NOT NULL ,
`CHECKIN_INTERVAL`  bigint(13) NOT NULL ,
PRIMARY KEY (`SCHED_NAME`, `INSTANCE_NAME`)
)
ENGINE=InnoDB
DEFAULT CHARACTER SET=utf8 COLLATE=utf8_general_ci

;

-- ----------------------------
-- Records of qrtz_scheduler_state
-- ----------------------------
BEGIN;
COMMIT;

-- ----------------------------
-- Table structure for qrtz_simple_triggers
-- ----------------------------
DROP TABLE IF EXISTS `qrtz_simple_triggers`;
CREATE TABLE `qrtz_simple_triggers` (
`SCHED_NAME`  varchar(60) CHARACTER SET utf8 COLLATE utf8_general_ci NOT NULL ,
`TRIGGER_NAME`  varchar(80) CHARACTER SET utf8 COLLATE utf8_general_ci NOT NULL ,
`TRIGGER_GROUP`  varchar(80) CHARACTER SET utf8 COLLATE utf8_general_ci NOT NULL ,
`REPEAT_COUNT`  bigint(7) NOT NULL ,
`REPEAT_INTERVAL`  bigint(12) NOT NULL ,
`TIMES_TRIGGERED`  bigint(10) NOT NULL ,
PRIMARY KEY (`SCHED_NAME`, `TRIGGER_NAME`, `TRIGGER_GROUP`),
FOREIGN KEY (`SCHED_NAME`, `TRIGGER_NAME`, `TRIGGER_GROUP`) REFERENCES `qrtz_triggers` (`sched_name`, `trigger_name`, `trigger_group`) ON DELETE RESTRICT ON UPDATE RESTRICT
)
ENGINE=InnoDB
DEFAULT CHARACTER SET=utf8 COLLATE=utf8_general_ci

;

-- ----------------------------
-- Records of qrtz_simple_triggers
-- ----------------------------
BEGIN;
COMMIT;

-- ----------------------------
-- Table structure for qrtz_simprop_triggers
-- ----------------------------
DROP TABLE IF EXISTS `qrtz_simprop_triggers`;
CREATE TABLE `qrtz_simprop_triggers` (
`SCHED_NAME`  varchar(60) CHARACTER SET utf8 COLLATE utf8_general_ci NOT NULL ,
`TRIGGER_NAME`  varchar(80) CHARACTER SET utf8 COLLATE utf8_general_ci NOT NULL ,
`TRIGGER_GROUP`  varchar(80) CHARACTER SET utf8 COLLATE utf8_general_ci NOT NULL ,
`STR_PROP_1`  varchar(512) CHARACTER SET utf8 COLLATE utf8_general_ci NULL DEFAULT NULL ,
`STR_PROP_2`  varchar(512) CHARACTER SET utf8 COLLATE utf8_general_ci NULL DEFAULT NULL ,
`STR_PROP_3`  varchar(512) CHARACTER SET utf8 COLLATE utf8_general_ci NULL DEFAULT NULL ,
`INT_PROP_1`  int(11) NULL DEFAULT NULL ,
`INT_PROP_2`  int(11) NULL DEFAULT NULL ,
`LONG_PROP_1`  bigint(20) NULL DEFAULT NULL ,
`LONG_PROP_2`  bigint(20) NULL DEFAULT NULL ,
`DEC_PROP_1`  decimal(13,4) NULL DEFAULT NULL ,
`DEC_PROP_2`  decimal(13,4) NULL DEFAULT NULL ,
`BOOL_PROP_1`  varchar(1) CHARACTER SET utf8 COLLATE utf8_general_ci NULL DEFAULT NULL ,
`BOOL_PROP_2`  varchar(1) CHARACTER SET utf8 COLLATE utf8_general_ci NULL DEFAULT NULL ,
PRIMARY KEY (`SCHED_NAME`, `TRIGGER_NAME`, `TRIGGER_GROUP`),
FOREIGN KEY (`SCHED_NAME`, `TRIGGER_NAME`, `TRIGGER_GROUP`) REFERENCES `qrtz_triggers` (`sched_name`, `trigger_name`, `trigger_group`) ON DELETE RESTRICT ON UPDATE RESTRICT
)
ENGINE=InnoDB
DEFAULT CHARACTER SET=utf8 COLLATE=utf8_general_ci

;

-- ----------------------------
-- Records of qrtz_simprop_triggers
-- ----------------------------
BEGIN;
COMMIT;

-- ----------------------------
-- Table structure for qrtz_triggers
-- ----------------------------
DROP TABLE IF EXISTS `qrtz_triggers`;
CREATE TABLE `qrtz_triggers` (
`SCHED_NAME`  varchar(60) CHARACTER SET utf8 COLLATE utf8_general_ci NOT NULL ,
`TRIGGER_NAME`  varchar(80) CHARACTER SET utf8 COLLATE utf8_general_ci NOT NULL ,
`TRIGGER_GROUP`  varchar(80) CHARACTER SET utf8 COLLATE utf8_general_ci NOT NULL ,
`JOB_NAME`  varchar(80) CHARACTER SET utf8 COLLATE utf8_general_ci NOT NULL ,
`JOB_GROUP`  varchar(80) CHARACTER SET utf8 COLLATE utf8_general_ci NOT NULL ,
`DESCRIPTION`  varchar(250) CHARACTER SET utf8 COLLATE utf8_general_ci NULL DEFAULT NULL ,
`NEXT_FIRE_TIME`  bigint(13) NULL DEFAULT NULL ,
`PREV_FIRE_TIME`  bigint(13) NULL DEFAULT NULL ,
`PRIORITY`  int(11) NULL DEFAULT NULL ,
`TRIGGER_STATE`  varchar(16) CHARACTER SET utf8 COLLATE utf8_general_ci NOT NULL ,
`TRIGGER_TYPE`  varchar(8) CHARACTER SET utf8 COLLATE utf8_general_ci NOT NULL ,
`START_TIME`  bigint(13) NOT NULL ,
`END_TIME`  bigint(13) NULL DEFAULT NULL ,
`CALENDAR_NAME`  varchar(80) CHARACTER SET utf8 COLLATE utf8_general_ci NULL DEFAULT NULL ,
`MISFIRE_INSTR`  smallint(2) NULL DEFAULT NULL ,
`JOB_DATA`  blob NULL ,
PRIMARY KEY (`SCHED_NAME`, `TRIGGER_NAME`, `TRIGGER_GROUP`),
FOREIGN KEY (`SCHED_NAME`, `JOB_NAME`, `JOB_GROUP`) REFERENCES `qrtz_job_details` (`sched_name`, `job_name`, `job_group`) ON DELETE RESTRICT ON UPDATE RESTRICT,
INDEX `IDX_QRTZ_T_J` (`SCHED_NAME`, `JOB_NAME`, `JOB_GROUP`) USING BTREE ,
INDEX `IDX_QRTZ_T_JG` (`SCHED_NAME`, `JOB_GROUP`) USING BTREE ,
INDEX `IDX_QRTZ_T_C` (`SCHED_NAME`, `CALENDAR_NAME`) USING BTREE ,
INDEX `IDX_QRTZ_T_G` (`SCHED_NAME`, `TRIGGER_GROUP`) USING BTREE ,
INDEX `IDX_QRTZ_T_STATE` (`SCHED_NAME`, `TRIGGER_STATE`) USING BTREE ,
INDEX `IDX_QRTZ_T_N_STATE` (`SCHED_NAME`, `TRIGGER_NAME`, `TRIGGER_GROUP`, `TRIGGER_STATE`) USING BTREE ,
INDEX `IDX_QRTZ_T_N_G_STATE` (`SCHED_NAME`, `TRIGGER_GROUP`, `TRIGGER_STATE`) USING BTREE ,
INDEX `IDX_QRTZ_T_NEXT_FIRE_TIME` (`SCHED_NAME`, `NEXT_FIRE_TIME`) USING BTREE ,
INDEX `IDX_QRTZ_T_NFT_ST` (`SCHED_NAME`, `TRIGGER_STATE`, `NEXT_FIRE_TIME`) USING BTREE ,
INDEX `IDX_QRTZ_T_NFT_MISFIRE` (`SCHED_NAME`, `MISFIRE_INSTR`, `NEXT_FIRE_TIME`) USING BTREE ,
INDEX `IDX_QRTZ_T_NFT_ST_MISFIRE` (`SCHED_NAME`, `MISFIRE_INSTR`, `NEXT_FIRE_TIME`, `TRIGGER_STATE`) USING BTREE ,
INDEX `IDX_QRTZ_T_NFT_ST_MISFIRE_GRP` (`SCHED_NAME`, `MISFIRE_INSTR`, `NEXT_FIRE_TIME`, `TRIGGER_GROUP`, `TRIGGER_STATE`) USING BTREE 
)
ENGINE=InnoDB
DEFAULT CHARACTER SET=utf8 COLLATE=utf8_general_ci

;

-- ----------------------------
-- Records of qrtz_triggers
-- ----------------------------
BEGIN;
COMMIT;
